experiment,variant,instance,seed,value,weight,capacity,time_to_best_s,wall_s,kernel_s,iterations,walkers,budget_s,config_hash
campaign,default,O_500_01,1,2626,1500,1500,1.220,121.208,86.118,894000,1024,120,1c18d0fb12
campaign,default,O_500_01,2,2626,1500,1500,0.620,120.522,82.432,858000,1024,120,1c18d0fb12
campaign,default,O_500_01,3,2626,1500,1500,0.600,120.343,95.372,998000,1024,120,1c18d0fb12
campaign,default,O_500_01,4,2626,1500,1500,0.610,120.432,79.910,804000,1024,120,1c18d0fb12
campaign,default,O_500_01,5,2626,1500,1500,0.580,120.461,95.978,1014000,1024,120,1c18d0fb12
campaign,default,O_500_01,6,2626,1500,1500,0.580,120.462,97.016,1040000,1024,120,1c18d0fb12
campaign,default,O_500_01,7,2626,1500,1500,0.930,120.437,82.662,842000,1024,120,1c18d0fb12
campaign,default,O_500_01,8,2626,1500,1500,0.890,120.401,95.604,1018000,1024,120,1c18d0fb12
campaign,default,O_500_01,9,2626,1500,1500,0.570,120.451,96.102,1030000,1024,120,1c18d0fb12
campaign,default,O_500_01,10,2626,1500,1500,0.920,120.445,96.102,1012000,1024,120,1c18d0fb12
campaign,default,O_500_02,1,2660,1500,1500,0.610,120.340,83.143,868000,1024,120,1c18d0fb12
campaign,default,O_500_02,2,2660,1500,1500,0.600,120.374,83.087,868000,1024,120,1c18d0fb12
campaign,default,O_500_02,3,2660,1500,1500,0.610,120.330,95.516,1000000,1024,120,1c18d0fb12
campaign,default,O_500_02,4,2660,1500,1500,0.620,120.490,81.785,856000,1024,120,1c18d0fb12
campaign,default,O_500_02,5,2660,1500,1500,0.590,120.447,96.145,1010000,1024,120,1c18d0fb12
campaign,default,O_500_02,6,2660,1500,1500,0.580,120.447,97.670,1050000,1024,120,1c18d0fb12
campaign,default,O_500_02,7,2660,1500,1500,0.600,120.324,85.848,862000,1024,120,1c18d0fb12
campaign,default,O_500_02,8,2660,1500,1500,0.590,120.338,97.532,1042000,1024,120,1c18d0fb12
campaign,default,O_500_02,9,2660,1500,1500,0.580,120.420,96.844,1040000,1024,120,1c18d0fb12
campaign,default,O_500_02,10,2660,1500,1500,0.900,120.326,96.534,1016000,1024,120,1c18d0fb12
campaign,default,O_500_03,1,2516,1500,1500,0.950,120.466,75.589,750000,1024,120,1c18d0fb12
campaign,default,O_500_03,2,2516,1500,1500,0.950,120.410,82.293,832000,1024,120,1c18d0fb12
campaign,default,O_500_03,3,2516,1500,1500,1.250,120.422,94.857,964000,1024,120,1c18d0fb12
campaign,default,O_500_03,4,2516,1500,1500,0.940,120.329,81.058,830000,1024,120,1c18d0fb12
campaign,default,O_500_03,5,2516,1500,1500,1.210,120.494,96.247,954000,1024,120,1c18d0fb12
campaign,default,O_500_03,6,2516,1500,1500,0.900,120.361,96.657,1010000,1024,120,1c18d0fb12
campaign,default,O_500_03,7,2516,1500,1500,0.910,120.450,81.737,838000,1024,120,1c18d0fb12
campaign,default,O_500_03,8,2516,1500,1500,0.590,120.330,95.524,998000,1024,120,1c18d0fb12
campaign,default,O_500_03,9,2516,1500,1500,0.890,120.350,96.188,1004000,1024,120,1c18d0fb12
campaign,default,O_500_03,10,2516,1500,1500,1.170,120.338,95.755,980000,1024,120,1c18d0fb12
campaign,default,O_500_04,1,2556,1500,1500,0.590,120.426,79.683,832000,1024,120,1c18d0fb12
campaign,default,O_500_04,2,2556,1500,1500,0.970,120.503,82.595,852000,1024,120,1c18d0fb12
campaign,default,O_500_04,3,2556,1500,1500,0.620,120.384,95.239,992000,1024,120,1c18d0fb12
campaign,default,O_500_04,4,2556,1500,1500,0.610,120.323,81.862,842000,1024,120,1c18d0fb12
campaign,default,O_500_04,5,2556,1500,1500,0.590,120.401,95.860,1004000,1024,120,1c18d0fb12
campaign,default,O_500_04,6,2556,1500,1500,0.590,120.410,97.083,1030000,1024,120,1c18d0fb12
campaign,default,O_500_04,7,2556,1500,1500,0.930,120.333,92.013,946000,1024,120,1c18d0fb12
campaign,default,O_500_04,8,2556,1500,1500,0.900,120.491,97.853,1040000,1024,120,1c18d0fb12
campaign,default,O_500_04,9,2556,1500,1500,0.930,120.461,96.852,1030000,1024,120,1c18d0fb12
campaign,default,O_500_04,10,2556,1500,1500,0.930,120.478,96.737,1008000,1024,120,1c18d0fb12
campaign,default,O_500_05,1,2625,1500,1500,0.600,120.322,86.635,884000,1024,120,1c18d0fb12
campaign,default,O_500_05,2,2625,1500,1500,0.610,120.466,83.550,858000,1024,120,1c18d0fb12
campaign,default,O_500_05,3,2625,1500,1500,0.640,120.465,96.274,990000,1024,120,1c18d0fb12
campaign,default,O_500_05,4,2625,1500,1500,0.590,120.365,83.200,852000,1024,120,1c18d0fb12
campaign,default,O_500_05,5,2625,1500,1500,0.590,120.422,96.637,1008000,1024,120,1c18d0fb12
campaign,default,O_500_05,6,2625,1500,1500,0.600,120.332,98.593,1034000,1024,120,1c18d0fb12
campaign,default,O_500_05,7,2625,1500,1500,0.570,120.378,84.016,882000,1024,120,1c18d0fb12
campaign,default,O_500_05,8,2625,1500,1500,0.600,120.423,99.128,1048000,1024,120,1c18d0fb12
campaign,default,O_500_05,9,2625,1500,1500,0.580,120.508,96.894,1024000,1024,120,1c18d0fb12
campaign,default,O_500_05,10,2625,1500,1500,0.600,120.419,96.954,1006000,1024,120,1c18d0fb12
campaign,default,O_500_06,1,2615,1497,1500,0.600,120.403,83.751,858000,1024,120,1c18d0fb12
campaign,default,O_500_06,2,2615,1500,1500,0.600,120.363,83.276,868000,1024,120,1c18d0fb12
campaign,default,O_500_06,3,2615,1496,1500,0.620,120.515,95.731,1006000,1024,120,1c18d0fb12
campaign,default,O_500_06,4,2615,1499,1500,0.600,120.355,81.002,838000,1024,120,1c18d0fb12
campaign,default,O_500_06,5,2615,1499,1500,0.580,120.321,96.463,1024000,1024,120,1c18d0fb12
campaign,default,O_500_06,6,2615,1496,1500,0.580,120.336,98.055,1048000,1024,120,1c18d0fb12
campaign,default,O_500_06,7,2615,1497,1500,0.580,120.371,83.059,888000,1024,120,1c18d0fb12
campaign,default,O_500_06,8,2615,1500,1500,0.580,120.412,96.355,1036000,1024,120,1c18d0fb12
campaign,default,O_500_06,9,2615,1496,1500,0.570,120.349,98.091,1054000,1024,120,1c18d0fb12
campaign,default,O_500_06,10,2615,1496,1500,0.620,120.453,97.040,1022000,1024,120,1c18d0fb12
campaign,default,O_500_07,1,2627,1497,1500,0.600,120.373,79.094,816000,1024,120,1c18d0fb12
campaign,default,O_500_07,2,2627,1497,1500,0.600,120.345,82.714,852000,1024,120,1c18d0fb12
campaign,default,O_500_07,3,2627,1497,1500,0.620,120.521,95.509,986000,1024,120,1c18d0fb12
campaign,default,O_500_07,4,2627,1497,1500,0.580,120.402,81.211,840000,1024,120,1c18d0fb12
campaign,default,O_500_07,5,2627,1497,1500,0.590,120.471,95.978,1010000,1024,120,1c18d0fb12
campaign,default,O_500_07,6,2627,1497,1500,0.580,120.486,96.525,1016000,1024,120,1c18d0fb12
campaign,default,O_500_07,7,2627,1497,1500,0.580,120.396,81.493,858000,1024,120,1c18d0fb12
campaign,default,O_500_07,8,2627,1497,1500,0.580,120.435,96.075,1020000,1024,120,1c18d0fb12
campaign,default,O_500_07,9,2627,1497,1500,0.570,120.322,96.106,1022000,1024,120,1c18d0fb12
campaign,default,O_500_07,10,2627,1497,1500,0.590,120.430,96.940,1008000,1024,120,1c18d0fb12
campaign,default,O_500_08,1,2556,1500,1500,0.590,120.401,82.778,846000,1024,120,1c18d0fb12
campaign,default,O_500_08,2,2556,1500,1500,0.610,120.362,84.014,858000,1024,120,1c18d0fb12
campaign,default,O_500_08,3,2556,1500,1500,0.650,120.331,95.482,982000,1024,120,1c18d0fb12
campaign,default,O_500_08,4,2556,1500,1500,0.650,120.371,82.403,832000,1024,120,1c18d0fb12
campaign,default,O_500_08,5,2556,1500,1500,0.570,120.327,97.520,1026000,1024,120,1c18d0fb12
campaign,default,O_500_08,6,2556,1500,1500,0.580,120.352,98.206,1034000,1024,120,1c18d0fb12
campaign,default,O_500_08,7,2556,1500,1500,0.580,120.353,83.758,838000,1024,120,1c18d0fb12
campaign,default,O_500_08,8,2556,1500,1500,0.570,120.313,98.886,1040000,1024,120,1c18d0fb12
campaign,default,O_500_08,9,2556,1500,1500,0.570,120.418,98.488,1038000,1024,120,1c18d0fb12
campaign,default,O_500_08,10,2556,1500,1500,0.580,120.366,97.358,1004000,1024,120,1c18d0fb12
campaign,default,O_500_09,1,2613,1498,1500,0.610,120.346,81.720,812000,1024,120,1c18d0fb12
campaign,default,O_500_09,2,2613,1498,1500,0.620,120.353,83.115,826000,1024,120,1c18d0fb12
campaign,default,O_500_09,3,2613,1498,1500,0.660,120.463,95.035,952000,1024,120,1c18d0fb12
campaign,default,O_500_09,4,2613,1498,1500,0.630,120.396,82.464,828000,1024,120,1c18d0fb12
campaign,default,O_500_09,5,2613,1499,1500,0.600,120.376,96.422,988000,1024,120,1c18d0fb12
campaign,default,O_500_09,6,2613,1499,1500,0.600,120.366,98.507,1012000,1024,120,1c18d0fb12
campaign,default,O_500_09,7,2613,1499,1500,0.620,120.430,83.632,812000,1024,120,1c18d0fb12
campaign,default,O_500_09,8,2613,1498,1500,0.600,120.480,97.392,1000000,1024,120,1c18d0fb12
campaign,default,O_500_09,9,2613,1500,1500,0.590,120.419,98.589,1012000,1024,120,1c18d0fb12
campaign,default,O_500_09,10,2613,1499,1500,0.610,120.337,97.502,982000,1024,120,1c18d0fb12
campaign,default,O_500_10,1,2558,1500,1500,0.590,120.424,80.093,818000,1024,120,1c18d0fb12
campaign,default,O_500_10,2,2558,1500,1500,0.950,120.442,81.773,838000,1024,120,1c18d0fb12
campaign,default,O_500_10,3,2558,1500,1500,0.970,120.504,93.818,968000,1024,120,1c18d0fb12
campaign,default,O_500_10,4,2558,1500,1500,0.600,120.347,80.363,812000,1024,120,1c18d0fb12
campaign,default,O_500_10,5,2558,1500,1500,0.570,120.344,82.055,844000,1024,120,1c18d0fb12
campaign,default,O_500_10,6,2558,1500,1500,0.880,120.343,96.143,1018000,1024,120,1c18d0fb12
campaign,default,O_500_10,7,2558,1500,1500,0.590,120.365,84.940,846000,1024,120,1c18d0fb12
campaign,default,O_500_10,8,2558,1500,1500,0.570,120.499,96.539,1022000,1024,120,1c18d0fb12
campaign,default,O_500_10,9,2558,1500,1500,0.920,120.352,95.230,1008000,1024,120,1c18d0fb12
campaign,default,O_500_10,10,2558,1500,1500,0.940,120.447,97.022,1006000,1024,120,1c18d0fb12
campaign,default,O_700_01,1,3589,2100,2100,1.140,120.569,86.096,634000,1024,120,1c18d0fb12
campaign,default,O_700_01,2,3589,2100,2100,1.450,120.476,86.469,634000,1024,120,1c18d0fb12
campaign,default,O_700_01,3,3589,2100,2100,1.170,120.369,98.873,732000,1024,120,1c18d0fb12
campaign,default,O_700_01,4,3589,2100,2100,1.530,120.407,85.746,618000,1024,120,1c18d0fb12
campaign,default,O_700_01,5,3589,2100,2100,1.110,120.388,87.572,652000,1024,120,1c18d0fb12
campaign,default,O_700_01,6,3589,2100,2100,1.410,120.323,100.577,764000,1024,120,1c18d0fb12
campaign,default,O_700_01,7,3589,2100,2100,1.130,120.521,95.824,698000,1024,120,1c18d0fb12
campaign,default,O_700_01,8,3589,2100,2100,1.140,120.439,101.130,768000,1024,120,1c18d0fb12
campaign,default,O_700_01,9,3589,2100,2100,1.090,120.367,100.050,760000,1024,120,1c18d0fb12
campaign,default,O_700_01,10,3589,2100,2100,1.100,120.581,98.780,736000,1024,120,1c18d0fb12
campaign,default,O_700_02,1,3424,2100,2100,1.130,120.381,86.296,644000,1024,120,1c18d0fb12
campaign,default,O_700_02,2,3424,2100,2100,1.460,120.361,86.673,646000,1024,120,1c18d0fb12
campaign,default,O_700_02,3,3424,2100,2100,1.180,120.479,98.604,740000,1024,120,1c18d0fb12
campaign,default,O_700_02,4,3424,2100,2100,1.490,120.432,85.406,622000,1024,120,1c18d0fb12
campaign,default,O_700_02,5,3424,2100,2100,1.580,120.549,86.622,660000,1024,120,1c18d0fb12
campaign,default,O_700_02,6,3424,2100,2100,1.090,120.466,100.416,772000,1024,120,1c18d0fb12
campaign,default,O_700_02,7,3424,2100,2100,1.490,120.376,87.057,632000,1024,120,1c18d0fb12
campaign,default,O_700_02,8,3424,2100,2100,1.090,120.539,98.894,760000,1024,120,1c18d0fb12
campaign,default,O_700_02,9,3424,2100,2100,1.400,120.453,101.243,778000,1024,120,1c18d0fb12
campaign,default,O_700_02,10,3424,2100,2100,1.120,120.367,100.232,756000,1024,120,1c18d0fb12
campaign,default,O_700_03,1,3679,2100,2100,0.740,120.550,88.985,642000,1024,120,1c18d0fb12
campaign,default,O_700_03,2,3679,2100,2100,1.150,120.394,89.196,642000,1024,120,1c18d0fb12
campaign,default,O_700_03,3,3679,2100,2100,1.150,120.366,99.022,718000,1024,120,1c18d0fb12
campaign,default,O_700_03,4,3679,2100,2100,1.180,120.414,88.094,620000,1024,120,1c18d0fb12
campaign,default,O_700_03,5,3679,2099,2100,1.110,120.489,88.934,660000,1024,120,1c18d0fb12
campaign,default,O_700_03,6,3679,2099,2100,1.400,120.421,101.156,752000,1024,120,1c18d0fb12
campaign,default,O_700_03,7,3679,2100,2100,1.170,120.383,89.101,596000,1024,120,1c18d0fb12
campaign,default,O_700_03,8,3679,2100,2100,1.080,120.335,100.562,748000,1024,120,1c18d0fb12
campaign,default,O_700_03,9,3679,2100,2100,1.090,120.450,101.414,754000,1024,120,1c18d0fb12
campaign,default,O_700_03,10,3679,2100,2100,1.470,120.350,100.620,734000,1024,120,1c18d0fb12
campaign,default,O_700_04,1,3664,2100,2100,1.170,120.338,86.284,628000,1024,120,1c18d0fb12
campaign,default,O_700_04,2,3664,2099,2100,1.160,120.450,87.038,622000,1024,120,1c18d0fb12
campaign,default,O_700_04,3,3664,2100,2100,1.170,120.502,98.898,722000,1024,120,1c18d0fb12
campaign,default,O_700_04,4,3664,2099,2100,1.150,120.558,85.520,606000,1024,120,1c18d0fb12
campaign,default,O_700_04,5,3664,2100,2100,1.190,120.502,86.616,650000,1024,120,1c18d0fb12
campaign,default,O_700_04,6,3664,2100,2100,0.710,120.368,100.119,750000,1024,120,1c18d0fb12
campaign,default,O_700_04,7,3664,2100,2100,1.260,120.394,86.362,594000,1024,120,1c18d0fb12
campaign,default,O_700_04,8,3664,2100,2100,1.100,120.415,100.860,754000,1024,120,1c18d0fb12
campaign,default,O_700_04,9,3664,2100,2100,1.100,120.457,99.437,744000,1024,120,1c18d0fb12
campaign,default,O_700_04,10,3664,2100,2100,1.120,120.447,98.826,726000,1024,120,1c18d0fb12
campaign,default,O_700_05,1,3647,2100,2100,1.150,120.500,88.414,648000,1024,120,1c18d0fb12
campaign,default,O_700_05,2,3647,2100,2100,1.150,120.409,88.033,646000,1024,120,1c18d0fb12
campaign,default,O_700_05,3,3647,2100,2100,1.180,120.520,100.014,736000,1024,120,1c18d0fb12
campaign,default,O_700_05,4,3647,2100,2100,1.150,120.539,87.327,626000,1024,120,1c18d0fb12
campaign,default,O_700_05,5,3647,2100,2100,1.120,120.515,88.051,668000,1024,120,1c18d0fb12
campaign,default,O_700_05,6,3647,2100,2100,1.090,120.356,101.516,766000,1024,120,1c18d0fb12
campaign,default,O_700_05,7,3647,2100,2100,1.170,120.430,88.328,612000,1024,120,1c18d0fb12
campaign,default,O_700_05,8,3647,2100,2100,1.090,120.373,99.586,750000,1024,120,1c18d0fb12
campaign,default,O_700_05,9,3647,2100,2100,1.080,120.408,101.706,768000,1024,120,1c18d0fb12
campaign,default,O_700_05,10,3647,2100,2100,1.130,120.534,100.292,742000,1024,120,1c18d0fb12
campaign,default,O_700_06,1,3596,2100,2100,1.460,120.401,86.305,652000,1024,120,1c18d0fb12
campaign,default,O_700_06,2,3596,2100,2100,1.140,120.413,86.648,652000,1024,120,1c18d0fb12
campaign,default,O_700_06,3,3596,2100,2100,1.800,120.474,98.493,746000,1024,120,1c18d0fb12
campaign,default,O_700_06,4,3596,2100,2100,1.470,120.360,85.056,634000,1024,120,1c18d0fb12
campaign,default,O_700_06,5,3596,2100,2100,1.150,120.394,86.256,670000,1024,120,1c18d0fb12
campaign,default,O_700_06,6,3596,2100,2100,1.410,120.445,99.374,768000,1024,120,1c18d0fb12
campaign,default,O_700_06,7,3596,2100,2100,1.900,120.586,86.534,616000,1024,120,1c18d0fb12
campaign,default,O_700_06,8,3596,2100,2100,1.410,120.377,100.042,776000,1024,120,1c18d0fb12
campaign,default,O_700_06,9,3596,2100,2100,1.700,120.496,98.527,764000,1024,120,1c18d0fb12
campaign,default,O_700_06,10,3596,2100,2100,1.430,120.466,100.023,762000,1024,120,1c18d0fb12
campaign,default,O_700_07,1,3542,2100,2100,1.130,120.339,86.412,648000,1024,120,1c18d0fb12
campaign,default,O_700_07,2,3542,2100,2100,1.140,120.511,85.769,620000,1024,120,1c18d0fb12
campaign,default,O_700_07,3,3542,2100,2100,0.800,120.975,98.342,736000,1024,120,1c18d0fb12
campaign,default,O_700_07,4,3542,2100,2100,1.180,120.329,85.250,622000,1024,120,1c18d0fb12
campaign,default,O_700_07,5,3542,2100,2100,1.120,120.373,86.479,664000,1024,120,1c18d0fb12
campaign,default,O_700_07,6,3542,2100,2100,1.110,120.449,100.309,764000,1024,120,1c18d0fb12
campaign,default,O_700_07,7,3542,2100,2100,1.170,120.440,86.119,610000,1024,120,1c18d0fb12
campaign,default,O_700_07,8,3542,2100,2100,0.710,120.576,98.837,758000,1024,120,1c18d0fb12
campaign,default,O_700_07,9,3542,2100,2100,1.080,120.520,99.519,764000,1024,120,1c18d0fb12
campaign,default,O_700_07,10,3542,2100,2100,1.120,120.416,98.464,742000,1024,120,1c18d0fb12
campaign,default,O_700_08,1,3619,2100,2100,2.980,120.368,86.453,640000,1024,120,1c18d0fb12
campaign,default,O_700_08,2,3619,2100,2100,1.980,120.509,86.968,610000,1024,120,1c18d0fb12
campaign,default,O_700_08,3,3619,2100,2100,1.810,120.523,98.500,732000,1024,120,1c18d0fb12
campaign,default,O_700_08,4,3619,2100,2100,2.580,120.393,84.913,626000,1024,120,1c18d0fb12
campaign,default,O_700_08,5,3619,2100,2100,1.740,120.490,86.632,662000,1024,120,1c18d0fb12
campaign,default,O_700_08,6,3619,2100,2100,1.410,120.322,100.152,754000,1024,120,1c18d0fb12
campaign,default,O_700_08,7,3619,2100,2100,1.900,120.527,86.437,604000,1024,120,1c18d0fb12
campaign,default,O_700_08,8,3619,2100,2100,1.400,120.539,98.717,750000,1024,120,1c18d0fb12
campaign,default,O_700_08,9,3619,2100,2100,1.090,120.395,100.309,762000,1024,120,1c18d0fb12
campaign,default,O_700_08,10,3619,2100,2100,1.440,120.335,98.714,736000,1024,120,1c18d0fb12
campaign,default,O_700_09,1,3553,2098,2100,1.140,120.479,87.207,642000,1024,120,1c18d0fb12
campaign,default,O_700_09,2,3553,2100,2100,1.550,120.392,86.452,608000,1024,120,1c18d0fb12
campaign,default,O_700_09,3,3553,2098,2100,1.510,120.559,99.132,732000,1024,120,1c18d0fb12
campaign,default,O_700_09,4,3553,2099,2100,1.530,120.423,87.049,644000,1024,120,1c18d0fb12
campaign,default,O_700_09,5,3553,2099,2100,1.100,120.392,87.414,664000,1024,120,1c18d0fb12
campaign,default,O_700_09,6,3553,2100,2100,1.440,120.528,99.499,748000,1024,120,1c18d0fb12
campaign,default,O_700_09,7,3553,2098,2100,1.510,120.496,86.660,606000,1024,120,1c18d0fb12
campaign,default,O_700_09,8,3553,2098,2100,1.100,120.493,99.986,756000,1024,120,1c18d0fb12
campaign,default,O_700_09,9,3553,2100,2100,1.420,120.543,99.810,756000,1024,120,1c18d0fb12
campaign,default,O_700_09,10,3553,2099,2100,1.460,120.380,98.749,734000,1024,120,1c18d0fb12
campaign,default,O_700_10,1,3652,2100,2100,1.840,120.368,86.715,646000,1024,120,1c18d0fb12
campaign,default,O_700_10,2,3652,2100,2100,1.520,120.438,91.248,638000,1024,120,1c18d0fb12
campaign,default,O_700_10,3,3652,2100,2100,1.490,120.484,98.479,730000,1024,120,1c18d0fb12
campaign,default,O_700_10,4,3652,2100,2100,1.730,120.481,87.518,664000,1024,120,1c18d0fb12
campaign,default,O_700_10,5,3652,2100,2100,2.120,120.331,87.238,666000,1024,120,1c18d0fb12
campaign,default,O_700_10,6,3652,2100,2100,1.110,120.540,100.175,756000,1024,120,1c18d0fb12
campaign,default,O_700_10,7,3652,2100,2100,1.190,120.546,86.780,606000,1024,120,1c18d0fb12
campaign,default,O_700_10,8,3652,2100,2100,1.720,120.324,100.995,768000,1024,120,1c18d0fb12
campaign,default,O_700_10,9,3652,2100,2100,1.100,120.520,99.662,758000,1024,120,1c18d0fb12
campaign,default,O_700_10,10,3652,2100,2100,1.440,120.510,99.527,742000,1024,120,1c18d0fb12
campaign,default,O_800_01,1,4184,2398,2400,1.350,120.432,90.813,526000,1024,120,1c18d0fb12
campaign,default,O_800_01,2,4184,2400,2400,1.500,120.512,91.093,494000,1024,120,1c18d0fb12
campaign,default,O_800_01,3,4184,2399,2400,1.770,120.550,101.525,592000,1024,120,1c18d0fb12
campaign,default,O_800_01,4,4184,2400,2400,1.310,120.393,91.081,544000,1024,120,1c18d0fb12
campaign,default,O_800_01,5,4184,2398,2400,1.330,120.449,91.601,546000,1024,120,1c18d0fb12
campaign,default,O_800_01,6,4184,2398,2400,1.300,120.437,103.600,614000,1024,120,1c18d0fb12
campaign,default,O_800_01,7,4184,2398,2400,1.390,120.499,91.145,508000,1024,120,1c18d0fb12
campaign,default,O_800_01,8,4184,2398,2400,1.710,120.471,101.765,608000,1024,120,1c18d0fb12
campaign,default,O_800_01,9,4184,2398,2400,1.700,120.515,103.216,616000,1024,120,1c18d0fb12
campaign,default,O_800_01,10,4184,2399,2400,1.350,120.371,101.560,594000,1024,120,1c18d0fb12
campaign,default,O_800_02,1,4065,2400,2400,2.130,120.376,90.011,548000,1024,120,1c18d0fb12
campaign,default,O_800_02,2,4065,2400,2400,2.180,120.378,95.561,540000,1024,120,1c18d0fb12
campaign,default,O_800_02,3,4065,2400,2400,2.070,120.386,101.021,614000,1024,120,1c18d0fb12
campaign,default,O_800_02,4,4065,2400,2400,2.030,120.531,90.497,566000,1024,120,1c18d0fb12
campaign,default,O_800_02,5,4065,2400,2400,1.600,120.390,90.519,564000,1024,120,1c18d0fb12
campaign,default,O_800_02,6,4065,2400,2400,2.010,120.584,102.297,632000,1024,120,1c18d0fb12
campaign,default,O_800_02,7,4065,2400,2400,1.720,120.399,89.997,540000,1024,120,1c18d0fb12
campaign,default,O_800_02,8,4065,2400,2400,1.620,120.517,102.977,642000,1024,120,1c18d0fb12
campaign,default,O_800_02,9,4065,2400,2400,1.650,120.386,101.405,632000,1024,120,1c18d0fb12
campaign,default,O_800_02,10,4065,2400,2400,2.020,120.374,102.173,624000,1024,120,1c18d0fb12
campaign,default,O_800_03,1,4107,2400,2400,3.060,120.429,88.575,544000,1024,120,1c18d0fb12
campaign,default,O_800_03,2,4107,2399,2400,2.290,120.672,92.264,540000,1024,120,1c18d0fb12
campaign,default,O_800_03,3,4107,2399,2400,2.520,120.368,100.220,616000,1024,120,1c18d0fb12
campaign,default,O_800_03,4,4107,2399,2400,2.510,120.388,88.866,558000,1024,120,1c18d0fb12
campaign,default,O_800_03,5,4107,2400,2400,2.090,120.355,89.194,562000,1024,120,1c18d0fb12
campaign,default,O_800_03,6,4107,2399,2400,1.670,120.356,102.473,640000,1024,120,1c18d0fb12
campaign,default,O_800_03,7,4107,2400,2400,2.120,120.491,88.778,558000,1024,120,1c18d0fb12
campaign,default,O_800_03,8,4107,2400,2400,2.390,120.531,102.350,646000,1024,120,1c18d0fb12
campaign,default,O_800_03,9,4107,2400,2400,2.770,120.330,101.897,642000,1024,120,1c18d0fb12
campaign,default,O_800_03,10,4107,2399,2400,1.660,120.605,100.086,620000,1024,120,1c18d0fb12
campaign,default,O_800_04,1,4056,2400,2400,1.700,120.475,87.870,556000,1024,120,1c18d0fb12
campaign,default,O_800_04,2,4056,2400,2400,2.430,120.538,86.557,514000,1024,120,1c18d0fb12
campaign,default,O_800_04,3,4056,2400,2400,2.470,120.593,99.578,634000,1024,120,1c18d0fb12
campaign,default,O_800_04,4,4056,2400,2400,2.490,120.369,87.437,568000,1024,120,1c18d0fb12
campaign,default,O_800_04,5,4056,2400,2400,2.120,120.425,88.067,572000,1024,120,1c18d0fb12
campaign,default,O_800_04,6,4056,2400,2400,1.660,120.335,101.761,656000,1024,120,1c18d0fb12
campaign,default,O_800_04,7,4056,2400,2400,1.260,120.343,88.123,568000,1024,120,1c18d0fb12
campaign,default,O_800_04,8,4056,2400,2400,1.640,120.380,100.115,650000,1024,120,1c18d0fb12
campaign,default,O_800_04,9,4056,2399,2400,2.030,120.352,101.357,660000,1024,120,1c18d0fb12
campaign,default,O_800_04,10,4056,2400,2400,2.420,120.538,100.059,636000,1024,120,1c18d0fb12
campaign,default,O_800_05,1,4088,2400,2400,1.770,120.354,90.440,532000,1024,120,1c18d0fb12
campaign,default,O_800_05,2,4088,2400,2400,2.920,120.398,92.279,514000,1024,120,1c18d0fb12
campaign,default,O_800_05,3,4088,2400,2400,2.680,120.657,91.059,504000,1024,120,1c18d0fb12
campaign,default,O_800_05,4,4088,2400,2400,1.690,120.570,91.106,552000,1024,120,1c18d0fb12
campaign,default,O_800_05,5,4088,2400,2400,1.760,120.523,90.774,550000,1024,120,1c18d0fb12
campaign,default,O_800_05,6,4088,2400,2400,2.170,120.393,102.629,618000,1024,120,1c18d0fb12
campaign,default,O_800_05,7,4088,2400,2400,2.120,120.608,90.635,524000,1024,120,1c18d0fb12
campaign,default,O_800_05,8,4088,2400,2400,4.410,120.328,102.064,618000,1024,120,1c18d0fb12
campaign,default,O_800_05,9,4088,2400,2400,4.570,120.463,100.500,608000,1024,120,1c18d0fb12
campaign,default,O_800_05,10,4088,2400,2400,1.720,120.322,102.869,610000,1024,120,1c18d0fb12
campaign,default,O_800_06,1,4249,2400,2400,1.750,120.438,90.568,526000,1024,120,1c18d0fb12
campaign,default,O_800_06,2,4249,2400,2400,1.350,120.343,91.811,502000,1024,120,1c18d0fb12
campaign,default,O_800_06,3,4249,2400,2400,1.730,120.374,88.984,492000,1024,120,1c18d0fb12
campaign,default,O_800_06,4,4249,2400,2400,1.300,120.427,90.905,544000,1024,120,1c18d0fb12
campaign,default,O_800_06,5,4249,2400,2400,1.820,120.531,91.124,544000,1024,120,1c18d0fb12
campaign,default,O_800_06,6,4249,2400,2400,1.300,120.465,103.291,618000,1024,120,1c18d0fb12
campaign,default,O_800_06,7,4249,2400,2400,1.450,120.493,90.841,510000,1024,120,1c18d0fb12
campaign,default,O_800_06,8,4249,2400,2400,1.290,120.658,103.586,620000,1024,120,1c18d0fb12
campaign,default,O_800_06,9,4249,2400,2400,1.300,120.611,102.864,614000,1024,120,1c18d0fb12
campaign,default,O_800_06,10,4249,2400,2400,1.740,120.326,101.905,598000,1024,120,1c18d0fb12
campaign,default,O_800_07,1,4128,2400,2400,13.350,120.357,88.902,536000,1024,120,1c18d0fb12
campaign,default,O_800_07,2,4128,2399,2400,4.290,120.420,92.210,528000,1024,120,1c18d0fb12
campaign,default,O_800_07,3,4128,2400,2400,6.170,120.695,90.157,512000,1024,120,1c18d0fb12
campaign,default,O_800_07,4,4128,2398,2400,2.970,120.429,89.106,554000,1024,120,1c18d0fb12
campaign,default,O_800_07,5,4128,2400,2400,2.120,120.366,88.958,552000,1024,120,1c18d0fb12
campaign,default,O_800_07,6,4128,2399,2400,5.120,120.345,101.758,630000,1024,120,1c18d0fb12
campaign,default,O_800_07,7,4128,2398,2400,34.690,120.408,89.219,516000,1024,120,1c18d0fb12
campaign,default,O_800_07,8,4128,2398,2400,1.740,120.626,100.669,622000,1024,120,1c18d0fb12
campaign,default,O_800_07,9,4128,2398,2400,10.440,120.329,101.189,628000,1024,120,1c18d0fb12
campaign,default,O_800_07,10,4128,2400,2400,3.280,120.460,101.060,616000,1024,120,1c18d0fb12
campaign,default,O_800_08,1,4063,2400,2400,1.320,120.590,88.430,550000,1024,120,1c18d0fb12
campaign,default,O_800_08,2,4063,2399,2400,1.790,120.509,101.607,602000,1024,120,1c18d0fb12
campaign,default,O_800_08,3,4063,2400,2400,1.360,120.425,87.630,516000,1024,120,1c18d0fb12
campaign,default,O_800_08,4,4063,2400,2400,1.270,120.386,89.009,570000,1024,120,1c18d0fb12
campaign,default,O_800_08,5,4063,2400,2400,1.630,120.333,88.973,572000,1024,120,1c18d0fb12
campaign,default,O_800_08,6,4063,2399,2400,1.670,120.604,101.358,648000,1024,120,1c18d0fb12
campaign,default,O_800_08,7,4063,2400,2400,1.350,120.651,88.738,534000,1024,120,1c18d0fb12
campaign,default,O_800_08,8,4063,2399,2400,1.770,121.253,101.788,648000,1024,120,1c18d0fb12
campaign,default,O_800_08,9,4063,2400,2400,1.620,120.374,100.520,642000,1024,120,1c18d0fb12
campaign,default,O_800_08,10,4063,2399,2400,1.290,120.600,101.715,638000,1024,120,1c18d0fb12
campaign,default,O_800_09,1,4080,2399,2400,1.710,120.331,89.675,554000,1024,120,1c18d0fb12
campaign,default,O_800_09,2,4080,2400,2400,1.800,120.566,102.504,600000,1024,120,1c18d0fb12
campaign,default,O_800_09,3,4080,2400,2400,1.370,120.632,89.763,526000,1024,120,1c18d0fb12
campaign,default,O_800_09,4,4080,2400,2400,2.060,120.410,90.009,572000,1024,120,1c18d0fb12
campaign,default,O_800_09,5,4080,2400,2400,2.050,120.410,90.260,572000,1024,120,1c18d0fb12
campaign,default,O_800_09,6,4080,2400,2400,2.020,120.506,102.771,652000,1024,120,1c18d0fb12
campaign,default,O_800_09,7,4080,2399,2400,2.180,120.482,90.463,560000,1024,120,1c18d0fb12
campaign,default,O_800_09,8,4080,2400,2400,1.650,120.510,102.671,652000,1024,120,1c18d0fb12
campaign,default,O_800_09,9,4080,2400,2400,1.630,120.442,102.148,648000,1024,120,1c18d0fb12
campaign,default,O_800_09,10,4080,2400,2400,1.770,120.353,100.604,626000,1024,120,1c18d0fb12
campaign,default,O_800_10,1,4131,2400,2400,1.330,120.332,89.103,538000,1024,120,1c18d0fb12
campaign,default,O_800_10,2,4131,2399,2400,1.820,120.469,102.063,586000,1024,120,1c18d0fb12
campaign,default,O_800_10,3,4131,2400,2400,1.790,120.343,88.142,510000,1024,120,1c18d0fb12
campaign,default,O_800_10,4,4131,2398,2400,1.650,120.348,89.411,558000,1024,120,1c18d0fb12
campaign,default,O_800_10,5,4131,2399,2400,1.670,120.389,89.588,556000,1024,120,1c18d0fb12
campaign,default,O_800_10,6,4131,2399,2400,2.060,120.502,102.294,636000,1024,120,1c18d0fb12
campaign,default,O_800_10,7,4131,2399,2400,1.670,120.427,88.819,552000,1024,120,1c18d0fb12
campaign,default,O_800_10,8,4131,2400,2400,1.780,120.351,100.685,626000,1024,120,1c18d0fb12
campaign,default,O_800_10,9,4131,2399,2400,1.640,120.482,101.557,632000,1024,120,1c18d0fb12
campaign,default,O_800_10,10,4131,2399,2400,1.730,120.545,101.773,620000,1024,120,1c18d0fb12
campaign,default,O_1000_01,1,4940,3000,3000,2.890,120.353,87.747,510000,1024,120,1c18d0fb12
campaign,default,O_1000_01,2,4940,3000,3000,2.800,120.639,101.585,558000,1024,120,1c18d0fb12
campaign,default,O_1000_01,3,4940,3000,3000,2.400,120.524,86.893,488000,1024,120,1c18d0fb12
campaign,default,O_1000_01,4,4940,3000,3000,2.260,120.332,88.636,526000,1024,120,1c18d0fb12
campaign,default,O_1000_01,5,4940,3000,3000,2.270,120.328,88.397,526000,1024,120,1c18d0fb12
campaign,default,O_1000_01,6,4940,3000,3000,2.980,120.591,101.316,602000,1024,120,1c18d0fb12
campaign,default,O_1000_01,7,4940,3000,3000,1.780,120.447,88.238,522000,1024,120,1c18d0fb12
campaign,default,O_1000_01,8,4940,3000,3000,2.960,120.584,101.409,602000,1024,120,1c18d0fb12
campaign,default,O_1000_01,9,4940,3000,3000,2.210,120.588,100.410,596000,1024,120,1c18d0fb12
campaign,default,O_1000_01,10,4940,3000,3000,2.670,120.618,100.456,586000,1024,120,1c18d0fb12
campaign,default,O_1000_02,1,4995,3000,3000,5.170,120.392,88.142,488000,1024,120,1c18d0fb12
campaign,default,O_1000_02,2,4995,3000,3000,4.590,120.456,100.768,538000,1024,120,1c18d0fb12
campaign,default,O_1000_02,3,4995,3000,3000,5.030,120.355,86.926,464000,1024,120,1c18d0fb12
campaign,default,O_1000_02,4,4995,3000,3000,6.090,120.620,88.308,504000,1024,120,1c18d0fb12
campaign,default,O_1000_02,5,4995,3000,3000,12.120,120.455,88.147,504000,1024,120,1c18d0fb12
campaign,default,O_1000_02,6,4995,3000,3000,6.730,120.519,101.568,578000,1024,120,1c18d0fb12
campaign,default,O_1000_02,7,4995,3000,3000,7.150,120.385,87.638,500000,1024,120,1c18d0fb12
campaign,default,O_1000_02,8,4995,3000,3000,7.100,120.642,101.730,582000,1024,120,1c18d0fb12
campaign,default,O_1000_02,9,4995,3000,3000,8.420,120.555,101.203,578000,1024,120,1c18d0fb12
campaign,default,O_1000_02,10,4995,3000,3000,3.530,120.473,100.167,562000,1024,120,1c18d0fb12
campaign,default,O_1000_03,1,5178,3000,3000,4.300,120.523,87.015,498000,1024,120,1c18d0fb12
campaign,default,O_1000_03,2,5178,3000,3000,3.630,120.321,98.448,568000,1024,120,1c18d0fb12
campaign,default,O_1000_03,3,5178,3000,3000,6.540,120.524,87.925,486000,1024,120,1c18d0fb12
campaign,default,O_1000_03,4,5178,3000,3000,4.270,120.636,86.953,514000,1024,120,1c18d0fb12
campaign,default,O_1000_03,5,5178,3000,3000,3.660,120.496,86.640,514000,1024,120,1c18d0fb12
campaign,default,O_1000_03,6,5178,3000,3000,2.200,120.344,100.357,592000,1024,120,1c18d0fb12
campaign,default,O_1000_03,7,5178,3000,3000,6.040,120.644,86.399,510000,1024,120,1c18d0fb12
campaign,default,O_1000_03,8,5178,3000,3000,4.830,120.571,100.615,596000,1024,120,1c18d0fb12
campaign,default,O_1000_03,9,5178,2999,3000,3.410,120.673,100.324,594000,1024,120,1c18d0fb12
campaign,default,O_1000_03,10,5178,3000,3000,2.690,120.597,99.812,578000,1024,120,1c18d0fb12
campaign,default,O_1000_04,1,5147,3000,3000,1.810,120.528,87.529,506000,1024,120,1c18d0fb12
campaign,default,O_1000_04,2,5147,3000,3000,3.940,120.409,98.623,576000,1024,120,1c18d0fb12
campaign,default,O_1000_04,3,5147,3000,3000,2.940,120.374,86.678,480000,1024,120,1c18d0fb12
campaign,default,O_1000_04,4,5147,3000,3000,2.230,120.437,87.304,522000,1024,120,1c18d0fb12
campaign,default,O_1000_04,5,5147,3000,3000,2.690,120.561,87.804,524000,1024,120,1c18d0fb12
campaign,default,O_1000_04,6,5147,3000,3000,2.580,120.434,100.487,600000,1024,120,1c18d0fb12
campaign,default,O_1000_04,7,5147,3000,3000,3.630,120.384,87.278,518000,1024,120,1c18d0fb12
campaign,default,O_1000_04,8,5147,3000,3000,4.530,120.377,101.081,604000,1024,120,1c18d0fb12
campaign,default,O_1000_04,9,5147,3000,3000,3.730,120.524,99.238,594000,1024,120,1c18d0fb12
campaign,default,O_1000_04,10,5147,3000,3000,3.480,120.601,100.300,588000,1024,120,1c18d0fb12
campaign,default,O_1000_05,1,5136,3000,3000,2.400,120.630,88.028,504000,1024,120,1c18d0fb12
campaign,default,O_1000_05,2,5136,3000,3000,1.450,120.645,99.493,570000,1024,120,1c18d0fb12
campaign,default,O_1000_05,3,5136,3000,3000,1.900,120.402,87.063,482000,1024,120,1c18d0fb12
campaign,default,O_1000_05,4,5136,3000,3000,1.840,120.433,88.111,516000,1024,120,1c18d0fb12
campaign,default,O_1000_05,5,5136,3000,3000,1.790,120.399,87.879,516000,1024,120,1c18d0fb12
campaign,default,O_1000_05,6,5136,3000,3000,1.820,120.596,101.008,592000,1024,120,1c18d0fb12
campaign,default,O_1000_05,7,5136,3000,3000,1.960,120.418,87.472,512000,1024,120,1c18d0fb12
campaign,default,O_1000_05,8,5136,3000,3000,1.790,120.336,101.285,594000,1024,120,1c18d0fb12
campaign,default,O_1000_05,9,5136,3000,3000,2.200,120.565,100.944,592000,1024,120,1c18d0fb12
campaign,default,O_1000_05,10,5136,3000,3000,2.260,120.388,100.192,576000,1024,120,1c18d0fb12
campaign,default,O_1000_06,1,5083,3000,3000,3.710,120.541,87.444,504000,1024,120,1c18d0fb12
campaign,default,O_1000_06,2,5083,3000,3000,2.660,120.364,99.163,574000,1024,120,1c18d0fb12
campaign,default,O_1000_06,3,5083,3000,3000,3.420,120.478,87.824,496000,1024,120,1c18d0fb12
campaign,default,O_1000_06,4,5083,3000,3000,2.230,120.614,88.157,522000,1024,120,1c18d0fb12
campaign,default,O_1000_06,5,5083,3000,3000,2.230,120.631,87.825,520000,1024,120,1c18d0fb12
campaign,default,O_1000_06,6,5083,3000,3000,2.950,120.609,100.808,596000,1024,120,1c18d0fb12
campaign,default,O_1000_06,7,5083,3000,3000,1.790,120.505,87.099,514000,1024,120,1c18d0fb12
campaign,default,O_1000_06,8,5083,3000,3000,3.730,120.496,100.071,592000,1024,120,1c18d0fb12
campaign,default,O_1000_06,9,5083,2999,3000,2.180,120.400,100.395,594000,1024,120,1c18d0fb12
campaign,default,O_1000_06,10,5083,2999,3000,2.220,120.560,100.503,584000,1024,120,1c18d0fb12
campaign,default,O_1000_07,1,5121,3000,3000,2.920,120.574,88.047,486000,1024,120,1c18d0fb12
campaign,default,O_1000_07,2,5121,3000,3000,1.870,120.330,99.589,552000,1024,120,1c18d0fb12
campaign,default,O_1000_07,3,5121,3000,3000,2.480,120.505,88.144,478000,1024,120,1c18d0fb12
campaign,default,O_1000_07,4,5121,3000,3000,1.920,120.378,89.551,498000,1024,120,1c18d0fb12
campaign,default,O_1000_07,5,5121,3000,3000,1.850,120.641,88.470,502000,1024,120,1c18d0fb12
campaign,default,O_1000_07,6,5121,3000,3000,1.440,120.332,101.055,574000,1024,120,1c18d0fb12
campaign,default,O_1000_07,7,5121,3000,3000,1.810,120.628,88.408,502000,1024,120,1c18d0fb12
campaign,default,O_1000_07,8,5121,3000,3000,2.640,120.431,101.307,576000,1024,120,1c18d0fb12
campaign,default,O_1000_07,9,5121,3000,3000,1.800,120.665,101.466,576000,1024,120,1c18d0fb12
campaign,default,O_1000_07,10,5121,3000,3000,1.840,120.322,100.468,560000,1024,120,1c18d0fb12
campaign,default,O_1000_08,1,5191,3000,3000,2.350,120.420,88.428,500000,1024,120,1c18d0fb12
campaign,default,O_1000_08,2,5191,3000,3000,2.300,120.517,100.811,570000,1024,120,1c18d0fb12
campaign,default,O_1000_08,3,5191,3000,3000,3.420,120.498,87.987,488000,1024,120,1c18d0fb12
campaign,default,O_1000_08,4,5191,3000,3000,2.330,120.354,87.696,502000,1024,120,1c18d0fb12
campaign,default,O_1000_08,5,5191,3000,3000,2.270,120.563,88.612,518000,1024,120,1c18d0fb12
campaign,default,O_1000_08,6,5191,3000,3000,2.180,120.449,101.268,592000,1024,120,1c18d0fb12
campaign,default,O_1000_08,7,5191,3000,3000,2.700,120.317,88.081,514000,1024,120,1c18d0fb12
campaign,default,O_1000_08,8,5191,3000,3000,2.200,120.401,101.330,594000,1024,120,1c18d0fb12
campaign,default,O_1000_08,9,5191,3000,3000,1.790,120.357,100.709,590000,1024,120,1c18d0fb12
campaign,default,O_1000_08,10,5191,3000,3000,1.930,120.421,99.999,574000,1024,120,1c18d0fb12
campaign,default,O_1000_09,1,5115,3000,3000,6.680,120.420,88.269,504000,1024,120,1c18d0fb12
campaign,default,O_1000_09,2,5115,3000,3000,16.190,120.516,100.174,560000,1024,120,1c18d0fb12
campaign,default,O_1000_09,3,5115,3000,3000,67.580,120.430,88.065,472000,1024,120,1c18d0fb12
campaign,default,O_1000_09,4,5115,3000,3000,5.170,120.385,90.821,512000,1024,120,1c18d0fb12
campaign,default,O_1000_09,5,5115,3000,3000,3.720,120.553,88.892,514000,1024,120,1c18d0fb12
campaign,default,O_1000_09,6,5115,3000,3000,9.900,120.371,100.637,586000,1024,120,1c18d0fb12
campaign,default,O_1000_09,7,5115,3000,3000,7.550,120.650,88.363,512000,1024,120,1c18d0fb12
campaign,default,O_1000_09,8,5115,2999,3000,9.450,120.360,101.182,586000,1024,120,1c18d0fb12
campaign,default,O_1000_09,9,5115,2999,3000,5.850,120.424,100.449,588000,1024,120,1c18d0fb12
campaign,default,O_1000_09,10,5115,3000,3000,2.670,120.621,101.361,574000,1024,120,1c18d0fb12
campaign,default,O_1000_10,1,5181,3000,3000,11.610,120.654,89.005,504000,1024,120,1c18d0fb12
campaign,default,O_1000_10,2,5181,3000,3000,7.060,120.538,100.721,566000,1024,120,1c18d0fb12
campaign,default,O_1000_10,3,5181,3000,3000,12.870,120.474,86.999,464000,1024,120,1c18d0fb12
campaign,default,O_1000_10,4,5181,3000,3000,8.230,120.475,90.515,520000,1024,120,1c18d0fb12
campaign,default,O_1000_10,5,5181,3000,3000,23.140,120.421,88.480,516000,1024,120,1c18d0fb12
campaign,default,O_1000_10,6,5181,3000,3000,9.330,120.351,101.641,592000,1024,120,1c18d0fb12
campaign,default,O_1000_10,7,5181,3000,3000,7.870,120.671,87.897,510000,1024,120,1c18d0fb12
campaign,default,O_1000_10,8,5181,3000,3000,10.320,120.376,102.139,596000,1024,120,1c18d0fb12
campaign,default,O_1000_10,9,5181,3000,3000,12.190,120.504,101.071,590000,1024,120,1c18d0fb12
campaign,default,O_1000_10,10,5181,3000,3000,4.310,120.400,100.953,576000,1024,120,1c18d0fb12
campaign,default,LK_500_01,1,2719,1907,2500,0.600,120.367,109.238,1108000,1024,120,1c18d0fb12
campaign,default,LK_500_01,2,2719,1907,2500,0.920,120.399,113.461,1154000,1024,120,1c18d0fb12
campaign,default,LK_500_01,3,2719,1907,2500,0.960,120.460,108.946,1048000,1024,120,1c18d0fb12
campaign,default,LK_500_01,4,2719,1907,2500,0.920,120.468,113.269,1196000,1024,120,1c18d0fb12
campaign,default,LK_500_01,5,2719,1907,2500,0.880,120.354,109.608,1154000,1024,120,1c18d0fb12
campaign,default,LK_500_01,6,2719,1907,2500,0.850,120.507,113.511,1194000,1024,120,1c18d0fb12
campaign,default,LK_500_01,7,2719,1907,2500,1.270,120.437,109.143,1140000,1024,120,1c18d0fb12
campaign,default,LK_500_01,8,2719,1907,2500,0.860,120.350,113.541,1200000,1024,120,1c18d0fb12
campaign,default,LK_500_01,9,2719,1907,2500,0.860,120.393,113.723,1202000,1024,120,1c18d0fb12
campaign,default,LK_500_01,10,2719,1907,2500,0.880,120.484,113.364,1176000,1024,120,1c18d0fb12
campaign,default,LK_500_02,1,2739,1962,2500,0.930,120.477,109.532,1092000,1024,120,1c18d0fb12
campaign,default,LK_500_02,2,2739,1962,2500,1.130,120.354,113.338,1136000,1024,120,1c18d0fb12
campaign,default,LK_500_02,3,2739,1962,2500,1.520,121.165,108.792,1076000,1024,120,1c18d0fb12
campaign,default,LK_500_02,4,2739,1962,2500,1.300,120.492,113.548,1182000,1024,120,1c18d0fb12
campaign,default,LK_500_02,5,2739,1962,2500,1.080,120.387,109.678,1136000,1024,120,1c18d0fb12
campaign,default,LK_500_02,6,2739,1962,2500,0.880,120.330,110.349,1122000,1024,120,1c18d0fb12
campaign,default,LK_500_02,7,2739,1962,2500,1.080,120.358,109.753,1130000,1024,120,1c18d0fb12
campaign,default,LK_500_02,8,2739,1962,2500,1.060,120.334,113.438,1180000,1024,120,1c18d0fb12
campaign,default,LK_500_02,9,2739,1962,2500,1.080,120.374,113.817,1184000,1024,120,1c18d0fb12
campaign,default,LK_500_02,10,2739,1962,2500,1.110,120.355,113.671,1160000,1024,120,1c18d0fb12
campaign,default,LK_500_03,1,2639,1975,2500,0.940,120.334,109.340,1082000,1024,120,1c18d0fb12
campaign,default,LK_500_03,2,2639,1975,2500,0.930,120.451,113.689,1130000,1024,120,1c18d0fb12
campaign,default,LK_500_03,3,2639,2014,2500,0.940,120.429,109.035,1074000,1024,120,1c18d0fb12
campaign,default,LK_500_03,4,2639,1975,2500,0.620,120.492,113.527,1170000,1024,120,1c18d0fb12
campaign,default,LK_500_03,5,2639,1976,2500,0.870,120.316,109.828,1116000,1024,120,1c18d0fb12
campaign,default,LK_500_03,6,2639,2012,2500,0.580,120.326,109.871,1112000,1024,120,1c18d0fb12
campaign,default,LK_500_03,7,2639,1975,2500,0.890,120.346,109.285,1102000,1024,120,1c18d0fb12
campaign,default,LK_500_03,8,2639,1975,2500,0.580,120.440,113.838,1176000,1024,120,1c18d0fb12
campaign,default,LK_500_03,9,2639,2024,2500,0.880,120.446,113.594,1172000,1024,120,1c18d0fb12
campaign,default,LK_500_03,10,2639,1975,2500,0.880,120.482,113.815,1156000,1024,120,1c18d0fb12
campaign,default,LK_500_04,1,2665,1933,2500,0.640,120.415,109.034,1128000,1024,120,1c18d0fb12
campaign,default,LK_500_04,2,2665,1933,2500,0.620,120.443,113.315,1186000,1024,120,1c18d0fb12
campaign,default,LK_500_04,3,2665,1933,2500,0.640,120.518,108.842,1120000,1024,120,1c18d0fb12
campaign,default,LK_500_04,4,2665,1933,2500,0.630,120.347,113.246,1220000,1024,120,1c18d0fb12
campaign,default,LK_500_04,5,2665,1933,2500,0.580,120.340,109.336,1174000,1024,120,1c18d0fb12
campaign,default,LK_500_04,6,2665,1927,2500,0.580,120.329,109.995,1150000,1024,120,1c18d0fb12
campaign,default,LK_500_04,7,2665,1933,2500,0.580,120.326,108.919,1164000,1024,120,1c18d0fb12
campaign,default,LK_500_04,8,2665,1933,2500,0.870,120.395,113.437,1222000,1024,120,1c18d0fb12
campaign,default,LK_500_04,9,2665,1933,2500,0.880,120.403,113.760,1224000,1024,120,1c18d0fb12
campaign,default,LK_500_04,10,2665,1933,2500,0.600,120.482,113.246,1196000,1024,120,1c18d0fb12
campaign,default,LK_500_05,1,2689,1946,2500,0.930,120.493,109.501,1106000,1024,120,1c18d0fb12
campaign,default,LK_500_05,2,2689,1923,2500,0.890,120.488,113.182,1166000,1024,120,1c18d0fb12
campaign,default,LK_500_05,3,2689,1935,2500,0.940,120.490,108.974,1098000,1024,120,1c18d0fb12
campaign,default,LK_500_05,4,2689,1923,2500,0.890,120.364,113.347,1196000,1024,120,1c18d0fb12
campaign,default,LK_500_05,5,2689,1932,2500,0.890,120.503,109.619,1156000,1024,120,1c18d0fb12
campaign,default,LK_500_05,6,2689,1932,2500,0.880,120.362,108.784,1104000,1024,120,1c18d0fb12
campaign,default,LK_500_05,7,2689,1948,2500,0.880,120.374,109.520,1136000,1024,120,1c18d0fb12
campaign,default,LK_500_05,8,2689,1932,2500,0.870,120.440,113.675,1200000,1024,120,1c18d0fb12
campaign,default,LK_500_05,9,2689,1935,2500,0.600,120.437,113.589,1202000,1024,120,1c18d0fb12
campaign,default,LK_500_05,10,2689,1944,2500,0.900,120.349,113.508,1178000,1024,120,1c18d0fb12
campaign,default,LK_500_06,1,2754,1997,2500,0.650,120.395,109.397,1096000,1024,120,1c18d0fb12
campaign,default,LK_500_06,2,2754,1997,2500,0.610,120.405,113.132,1150000,1024,120,1c18d0fb12
campaign,default,LK_500_06,3,2754,1997,2500,0.630,120.478,108.960,1074000,1024,120,1c18d0fb12
campaign,default,LK_500_06,4,2754,1997,2500,0.600,120.403,113.456,1184000,1024,120,1c18d0fb12
campaign,default,LK_500_06,5,2754,1997,2500,0.690,120.467,109.823,1140000,1024,120,1c18d0fb12
campaign,default,LK_500_06,6,2754,1997,2500,0.600,120.341,109.726,1090000,1024,120,1c18d0fb12
campaign,default,LK_500_06,7,2754,1997,2500,0.600,120.507,109.430,1138000,1024,120,1c18d0fb12
campaign,default,LK_500_06,8,2754,1997,2500,0.600,120.437,113.705,1190000,1024,120,1c18d0fb12
campaign,default,LK_500_06,9,2754,1997,2500,0.580,120.348,113.677,1186000,1024,120,1c18d0fb12
campaign,default,LK_500_06,10,2754,1997,2500,0.600,120.419,113.531,1164000,1024,120,1c18d0fb12
campaign,default,LK_500_07,1,2706,1777,2500,0.630,120.381,109.111,1126000,1024,120,1c18d0fb12
campaign,default,LK_500_07,2,2706,1773,2500,0.590,120.383,113.057,1186000,1024,120,1c18d0fb12
campaign,default,LK_500_07,3,2706,1777,2500,0.620,120.360,108.587,1128000,1024,120,1c18d0fb12
campaign,default,LK_500_07,4,2706,1777,2500,0.610,120.479,113.359,1220000,1024,120,1c18d0fb12
campaign,default,LK_500_07,5,2706,1777,2500,0.600,120.470,109.458,1176000,1024,120,1c18d0fb12
campaign,default,LK_500_07,6,2706,1777,2500,0.600,120.396,111.264,1146000,1024,120,1c18d0fb12
campaign,default,LK_500_07,7,2706,1773,2500,0.570,120.480,109.355,1174000,1024,120,1c18d0fb12
campaign,default,LK_500_07,8,2706,1777,2500,0.570,120.447,113.365,1222000,1024,120,1c18d0fb12
campaign,default,LK_500_07,9,2706,1773,2500,0.580,120.350,113.491,1222000,1024,120,1c18d0fb12
campaign,default,LK_500_07,10,2706,1773,2500,0.600,120.373,113.079,1196000,1024,120,1c18d0fb12
campaign,default,LK_500_08,1,2681,2023,2500,2.410,120.481,109.363,1104000,1024,120,1c18d0fb12
campaign,default,LK_500_08,2,2681,2014,2500,3.150,120.399,113.005,1158000,1024,120,1c18d0fb12
campaign,default,LK_500_08,3,2681,2023,2500,1.160,120.387,108.722,1110000,1024,120,1c18d0fb12
campaign,default,LK_500_08,4,2681,2023,2500,1.680,120.411,113.455,1196000,1024,120,1c18d0fb12
campaign,default,LK_500_08,5,2681,2023,2500,1.270,120.314,109.510,1152000,1024,120,1c18d0fb12
campaign,default,LK_500_08,6,2681,1980,2500,6.000,120.341,108.830,1106000,1024,120,1c18d0fb12
campaign,default,LK_500_08,7,2681,2023,2500,6.870,120.364,109.228,1142000,1024,120,1c18d0fb12
campaign,default,LK_500_08,8,2681,1982,2500,2.830,120.332,113.226,1190000,1024,120,1c18d0fb12
campaign,default,LK_500_08,9,2681,1999,2500,1.070,120.510,113.654,1196000,1024,120,1c18d0fb12
campaign,default,LK_500_08,10,2681,2023,2500,1.100,120.416,113.394,1172000,1024,120,1c18d0fb12
campaign,default,LK_500_09,1,2652,1677,2500,0.910,120.464,109.666,1078000,1024,120,1c18d0fb12
campaign,default,LK_500_09,2,2652,1732,2500,0.630,120.421,113.198,1126000,1024,120,1c18d0fb12
campaign,default,LK_500_09,3,2652,1751,2500,0.940,120.480,108.867,1062000,1024,120,1c18d0fb12
campaign,default,LK_500_09,4,2652,1732,2500,0.920,120.379,113.659,1164000,1024,120,1c18d0fb12
campaign,default,LK_500_09,5,2652,1696,2500,1.190,120.354,109.816,1120000,1024,120,1c18d0fb12
campaign,default,LK_500_09,6,2652,1732,2500,0.890,120.469,109.227,1082000,1024,120,1c18d0fb12
campaign,default,LK_500_09,7,2652,1714,2500,1.070,120.424,109.510,1116000,1024,120,1c18d0fb12
campaign,default,LK_500_09,8,2652,1732,2500,0.870,120.341,113.721,1164000,1024,120,1c18d0fb12
campaign,default,LK_500_09,9,2652,1733,2500,1.070,120.367,113.487,1158000,1024,120,1c18d0fb12
campaign,default,LK_500_09,10,2652,1714,2500,0.890,120.494,113.424,1140000,1024,120,1c18d0fb12
campaign,default,LK_500_10,1,2675,1943,2500,0.910,120.440,109.011,1112000,1024,120,1c18d0fb12
campaign,default,LK_500_10,2,2675,1943,2500,1.120,120.494,113.207,1172000,1024,120,1c18d0fb12
campaign,default,LK_500_10,3,2675,1943,2500,1.080,120.515,108.141,1084000,1024,120,1c18d0fb12
campaign,default,LK_500_10,4,2675,1943,2500,1.090,120.341,113.327,1200000,1024,120,1c18d0fb12
campaign,default,LK_500_10,5,2675,1940,2500,1.100,120.479,109.564,1162000,1024,120,1c18d0fb12
campaign,default,LK_500_10,6,2675,1940,2500,0.890,120.471,109.529,1098000,1024,120,1c18d0fb12
campaign,default,LK_500_10,7,2675,1943,2500,1.080,120.466,109.338,1156000,1024,120,1c18d0fb12
campaign,default,LK_500_10,8,2675,1943,2500,1.260,120.494,113.647,1208000,1024,120,1c18d0fb12
campaign,default,LK_500_10,9,2675,1940,2500,0.900,120.484,113.718,1208000,1024,120,1c18d0fb12
campaign,default,LK_500_10,10,2675,1943,2500,1.300,120.481,113.358,1184000,1024,120,1c18d0fb12
campaign,default,LK_700_01,1,3761,2834,3500,2.340,120.423,112.113,804000,1024,120,1c18d0fb12
campaign,default,LK_700_01,2,3761,2825,3500,2.560,120.597,115.038,832000,1024,120,1c18d0fb12
campaign,default,LK_700_01,3,3761,2833,3500,2.610,120.379,111.311,770000,1024,120,1c18d0fb12
campaign,default,LK_700_01,4,3761,2769,3500,3.050,120.364,115.061,850000,1024,120,1c18d0fb12
campaign,default,LK_700_01,5,3761,2750,3500,1.980,120.546,112.504,834000,1024,120,1c18d0fb12
campaign,default,LK_700_01,6,3761,2834,3500,1.780,120.531,112.084,764000,1024,120,1c18d0fb12
campaign,default,LK_700_01,7,3761,2824,3500,3.670,120.519,112.150,828000,1024,120,1c18d0fb12
campaign,default,LK_700_01,8,3761,2825,3500,2.770,120.364,114.990,854000,1024,120,1c18d0fb12
campaign,default,LK_700_01,9,3761,2824,3500,2.740,120.387,115.478,858000,1024,120,1c18d0fb12
campaign,default,LK_700_01,10,3761,2824,3500,3.100,120.536,115.370,840000,1024,120,1c18d0fb12
campaign,default,LK_700_02,1,3612,2757,3500,1.420,120.582,112.244,814000,1024,120,1c18d0fb12
campaign,default,LK_700_02,2,3612,2743,3500,1.670,120.395,115.115,840000,1024,120,1c18d0fb12
campaign,default,LK_700_02,3,3612,2747,3500,1.100,120.454,111.403,786000,1024,120,1c18d0fb12
campaign,default,LK_700_02,4,3612,2757,3500,1.370,120.358,114.953,856000,1024,120,1c18d0fb12
campaign,default,LK_700_02,5,3612,2733,3500,1.090,120.372,112.229,842000,1024,120,1c18d0fb12
campaign,default,LK_700_02,6,3612,2757,3500,1.430,120.622,112.100,770000,1024,120,1c18d0fb12
campaign,default,LK_700_02,7,3612,2730,3500,1.660,120.423,112.123,828000,1024,120,1c18d0fb12
campaign,default,LK_700_02,8,3612,2740,3500,1.620,120.355,115.337,864000,1024,120,1c18d0fb12
campaign,default,LK_700_02,9,3612,2750,3500,1.600,120.455,115.085,862000,1024,120,1c18d0fb12
campaign,default,LK_700_02,10,3612,2750,3500,1.370,120.512,115.349,846000,1024,120,1c18d0fb12
campaign,default,LK_700_03,1,3837,2739,3500,1.150,120.500,112.029,820000,1024,120,1c18d0fb12
campaign,default,LK_700_03,2,3837,2732,3500,1.410,120.566,115.080,848000,1024,120,1c18d0fb12
campaign,default,LK_700_03,3,3837,2739,3500,1.140,120.523,111.604,824000,1024,120,1c18d0fb12
campaign,default,LK_700_03,4,3837,2739,3500,1.360,120.589,115.132,868000,1024,120,1c18d0fb12
campaign,default,LK_700_03,5,3837,2695,3500,1.390,120.558,112.398,852000,1024,120,1c18d0fb12
campaign,default,LK_700_03,6,3837,2702,3500,1.450,120.437,111.916,780000,1024,120,1c18d0fb12
campaign,default,LK_700_03,7,3837,2719,3500,1.370,120.497,112.083,838000,1024,120,1c18d0fb12
campaign,default,LK_700_03,8,3837,2712,3500,1.340,120.587,115.272,874000,1024,120,1c18d0fb12
campaign,default,LK_700_03,9,3837,2739,3500,1.070,120.345,115.206,872000,1024,120,1c18d0fb12
campaign,default,LK_700_03,10,3837,2739,3500,1.090,120.372,115.016,856000,1024,120,1c18d0fb12
campaign,default,LK_700_04,1,3840,2797,3500,1.440,120.616,112.178,814000,1024,120,1c18d0fb12
campaign,default,LK_700_04,2,3840,2797,3500,1.990,120.470,114.954,840000,1024,120,1c18d0fb12
campaign,default,LK_700_04,3,3840,2814,3500,2.170,120.427,111.423,800000,1024,120,1c18d0fb12
campaign,default,LK_700_04,4,3840,2797,3500,1.950,120.571,115.144,858000,1024,120,1c18d0fb12
campaign,default,LK_700_04,5,3840,2797,3500,1.350,120.495,112.367,844000,1024,120,1c18d0fb12
campaign,default,LK_700_04,6,3840,2797,3500,1.750,120.486,113.099,794000,1024,120,1c18d0fb12
campaign,default,LK_700_04,7,3840,2797,3500,1.950,120.369,112.086,828000,1024,120,1c18d0fb12
campaign,default,LK_700_04,8,3840,2797,3500,1.410,120.557,115.382,864000,1024,120,1c18d0fb12
campaign,default,LK_700_04,9,3840,2797,3500,1.630,120.473,115.363,864000,1024,120,1c18d0fb12
campaign,default,LK_700_04,10,3840,2797,3500,1.380,120.350,115.106,844000,1024,120,1c18d0fb12
campaign,default,LK_700_05,1,3842,2825,3500,3.460,120.609,112.370,810000,1024,120,1c18d0fb12
campaign,default,LK_700_05,2,3842,2826,3500,13.430,120.455,115.068,832000,1024,120,1c18d0fb12
campaign,default,LK_700_05,3,3842,2825,3500,4.180,120.543,111.894,800000,1024,120,1c18d0fb12
campaign,default,LK_700_05,4,3842,2825,3500,1.940,120.329,114.761,852000,1024,120,1c18d0fb12
campaign,default,LK_700_05,5,3842,2826,3500,3.900,120.407,112.269,840000,1024,120,1c18d0fb12
campaign,default,LK_700_05,6,3842,2793,3500,2.200,120.528,114.868,836000,1024,120,1c18d0fb12
campaign,default,LK_700_05,7,3842,2826,3500,4.790,120.507,112.204,824000,1024,120,1c18d0fb12
campaign,default,LK_700_05,8,3842,2781,3500,3.830,120.542,115.659,862000,1024,120,1c18d0fb12
campaign,default,LK_700_05,9,3842,2807,3500,2.200,120.574,115.260,856000,1024,120,1c18d0fb12
campaign,default,LK_700_05,10,3842,2819,3500,1.950,120.353,114.975,838000,1024,120,1c18d0fb12
campaign,default,LK_700_06,1,3719,2618,3500,1.400,120.500,112.097,836000,1024,120,1c18d0fb12
campaign,default,LK_700_06,2,3719,2618,3500,1.400,120.518,114.991,850000,1024,120,1c18d0fb12
campaign,default,LK_700_06,3,3719,2637,3500,1.770,120.556,111.615,812000,1024,120,1c18d0fb12
campaign,default,LK_700_06,4,3719,2637,3500,1.670,120.509,115.053,872000,1024,120,1c18d0fb12
campaign,default,LK_700_06,5,3719,2638,3500,1.380,120.506,112.161,854000,1024,120,1c18d0fb12
campaign,default,LK_700_06,6,3719,2618,3500,1.410,120.523,111.867,842000,1024,120,1c18d0fb12
campaign,default,LK_700_06,7,3719,2637,3500,1.620,120.498,112.106,846000,1024,120,1c18d0fb12
campaign,default,LK_700_06,8,3719,2618,3500,1.630,120.448,115.032,874000,1024,120,1c18d0fb12
campaign,default,LK_700_06,9,3719,2618,3500,1.610,120.578,115.408,878000,1024,120,1c18d0fb12
campaign,default,LK_700_06,10,3719,2618,3500,1.390,120.424,115.043,858000,1024,120,1c18d0fb12
campaign,default,LK_700_07,1,3685,2764,3500,2.520,120.476,112.296,820000,1024,120,1c18d0fb12
campaign,default,LK_700_07,2,3685,2764,3500,1.980,120.605,115.122,836000,1024,120,1c18d0fb12
campaign,default,LK_700_07,3,3685,2753,3500,2.770,120.351,111.497,784000,1024,120,1c18d0fb12
campaign,default,LK_700_07,4,3685,2753,3500,2.240,120.350,114.864,856000,1024,120,1c18d0fb12
campaign,default,LK_700_07,5,3685,2764,3500,2.530,120.515,112.291,840000,1024,120,1c18d0fb12
campaign,default,LK_700_07,6,3685,2761,3500,1.900,120.542,111.986,830000,1024,120,1c18d0fb12
campaign,default,LK_700_07,7,3685,2753,3500,3.990,120.352,111.896,820000,1024,120,1c18d0fb12
campaign,default,LK_700_07,8,3685,2753,3500,2.450,120.588,115.200,858000,1024,120,1c18d0fb12
campaign,default,LK_700_07,9,3685,2753,3500,2.170,120.591,115.445,860000,1024,120,1c18d0fb12
campaign,default,LK_700_07,10,3685,2756,3500,1.680,120.464,115.322,842000,1024,120,1c18d0fb12
campaign,default,LK_700_08,1,3796,2866,3500,3.740,120.509,112.272,816000,1024,120,1c18d0fb12
campaign,default,LK_700_08,2,3796,2869,3500,4.500,120.336,114.902,836000,1024,120,1c18d0fb12
campaign,default,LK_700_08,3,3796,2868,3500,2.560,120.572,111.713,784000,1024,120,1c18d0fb12
campaign,default,LK_700_08,4,3796,2853,3500,2.490,120.559,115.175,860000,1024,120,1c18d0fb12
campaign,default,LK_700_08,5,3796,2868,3500,18.630,120.541,112.497,840000,1024,120,1c18d0fb12
campaign,default,LK_700_08,6,3796,2790,3500,3.650,120.354,111.752,826000,1024,120,1c18d0fb12
campaign,default,LK_700_08,7,3796,2866,3500,4.020,120.361,111.961,828000,1024,120,1c18d0fb12
campaign,default,LK_700_08,8,3796,2879,3500,3.010,120.505,115.283,858000,1024,120,1c18d0fb12
campaign,default,LK_700_08,9,3796,2879,3500,4.970,120.441,115.280,856000,1024,120,1c18d0fb12
campaign,default,LK_700_08,10,3796,2869,3500,13.610,120.558,115.275,840000,1024,120,1c18d0fb12
campaign,default,LK_700_09,1,3655,2559,3500,1.120,120.516,112.331,814000,1024,120,1c18d0fb12
campaign,default,LK_700_09,2,3655,2559,3500,1.130,120.365,114.839,830000,1024,120,1c18d0fb12
campaign,default,LK_700_09,3,3655,2559,3500,1.150,120.360,111.699,804000,1024,120,1c18d0fb12
campaign,default,LK_700_09,4,3655,2559,3500,1.350,120.364,115.193,860000,1024,120,1c18d0fb12
campaign,default,LK_700_09,5,3655,2559,3500,1.070,120.459,112.272,834000,1024,120,1c18d0fb12
campaign,default,LK_700_09,6,3655,2559,3500,1.090,120.404,111.800,824000,1024,120,1c18d0fb12
campaign,default,LK_700_09,7,3655,2559,3500,1.100,120.480,112.156,834000,1024,120,1c18d0fb12
campaign,default,LK_700_09,8,3655,2559,3500,1.070,120.413,114.995,854000,1024,120,1c18d0fb12
campaign,default,LK_700_09,9,3655,2559,3500,1.070,120.402,115.359,856000,1024,120,1c18d0fb12
campaign,default,LK_700_09,10,3655,2559,3500,1.410,120.589,115.339,840000,1024,120,1c18d0fb12
campaign,default,LK_700_10,1,3832,2816,3500,1.650,120.432,112.120,816000,1024,120,1c18d0fb12
campaign,default,LK_700_10,2,3832,2816,3500,1.420,120.497,114.918,840000,1024,120,1c18d0fb12
campaign,default,LK_700_10,3,3832,2816,3500,1.670,120.529,111.710,802000,1024,120,1c18d0fb12
campaign,default,LK_700_10,4,3832,2743,3500,1.890,120.416,115.064,868000,1024,120,1c18d0fb12
campaign,default,LK_700_10,5,3832,2749,3500,1.750,121.094,111.996,842000,1024,120,1c18d0fb12
campaign,default,LK_700_10,6,3832,2811,3500,1.640,120.535,113.986,850000,1024,120,1c18d0fb12
campaign,default,LK_700_10,7,3832,2830,3500,1.330,120.475,112.146,844000,1024,120,1c18d0fb12
campaign,default,LK_700_10,8,3832,2816,3500,1.340,120.380,115.047,862000,1024,120,1c18d0fb12
campaign,default,LK_700_10,9,3832,2755,3500,1.620,120.353,115.074,864000,1024,120,1c18d0fb12
campaign,default,LK_700_10,10,3832,2775,3500,1.940,120.336,115.075,846000,1024,120,1c18d0fb12
campaign,default,LK_800_01,1,4311,3049,4000,8.580,120.555,113.314,634000,1024,120,fd1de7da4c
campaign,default,LK_800_01,2,4311,3049,4000,4.870,120.675,115.636,686000,1024,120,fd1de7da4c
campaign,default,LK_800_01,3,4311,3049,4000,5.470,120.666,116.564,690000,1024,120,fd1de7da4c
campaign,default,LK_800_01,4,4311,3049,4000,9.650,120.518,115.729,684000,1024,120,fd1de7da4c
campaign,default,LK_800_01,5,4311,3049,4000,3.450,120.446,113.403,676000,1024,120,fd1de7da4c
campaign,default,LK_800_01,6,4311,3049,4000,3.970,120.551,116.260,686000,1024,120,1c18d0fb12
campaign,default,LK_800_01,7,4311,3049,4000,4.030,120.464,113.399,686000,1024,120,1c18d0fb12
campaign,default,LK_800_01,8,4311,3049,4000,5.680,120.627,116.235,704000,1024,120,1c18d0fb12
campaign,default,LK_800_01,9,4311,3049,4000,3.960,120.613,116.325,706000,1024,120,1c18d0fb12
campaign,default,LK_800_01,10,4311,3049,4000,16.200,120.520,115.915,690000,1024,120,1c18d0fb12
campaign,default,LK_800_02,1,4229,3034,4000,2.130,120.635,113.008,660000,1024,120,fd1de7da4c
campaign,default,LK_800_02,2,4229,3051,4000,1.660,120.487,114.068,682000,1024,120,fd1de7da4c
campaign,default,LK_800_02,3,4229,3034,4000,1.950,120.588,116.427,716000,1024,120,fd1de7da4c
campaign,default,LK_800_02,4,4229,3030,4000,1.610,120.572,116.286,716000,1024,120,fd1de7da4c
campaign,default,LK_800_02,5,4229,3075,4000,1.630,120.667,113.325,698000,1024,120,fd1de7da4c
campaign,default,LK_800_02,6,4229,3026,4000,1.640,120.593,114.386,686000,1024,120,1c18d0fb12
campaign,default,LK_800_02,7,4229,3075,4000,1.570,120.316,113.071,710000,1024,120,1c18d0fb12
campaign,default,LK_800_02,8,4229,3034,4000,1.560,120.520,115.545,730000,1024,120,1c18d0fb12
campaign,default,LK_800_02,9,4229,3026,4000,1.890,120.432,116.031,732000,1024,120,1c18d0fb12
campaign,default,LK_800_02,10,4229,3026,4000,1.600,120.657,116.117,716000,1024,120,1c18d0fb12
campaign,default,LK_800_03,1,4257,3085,4000,2.020,120.517,113.106,660000,1024,120,fd1de7da4c
campaign,default,LK_800_03,2,4257,3067,4000,1.790,120.705,114.523,666000,1024,120,fd1de7da4c
campaign,default,LK_800_03,3,4257,3066,4000,1.630,120.503,115.750,700000,1024,120,fd1de7da4c
campaign,default,LK_800_03,4,4257,3067,4000,1.640,120.547,116.348,704000,1024,120,fd1de7da4c
campaign,default,LK_800_03,5,4257,3081,4000,1.640,120.491,113.389,690000,1024,120,fd1de7da4c
campaign,default,LK_800_03,6,4257,3048,4000,1.670,120.322,113.761,668000,1024,120,1c18d0fb12
campaign,default,LK_800_03,7,4257,3085,4000,1.930,120.338,113.176,700000,1024,120,1c18d0fb12
campaign,default,LK_800_03,8,4257,3071,4000,1.590,120.470,115.982,722000,1024,120,1c18d0fb12
campaign,default,LK_800_03,9,4257,3063,4000,1.570,120.429,115.903,720000,1024,120,1c18d0fb12
campaign,default,LK_800_03,10,4257,3048,4000,1.630,120.473,116.051,706000,1024,120,1c18d0fb12
campaign,default,LK_800_04,1,4217,2970,4000,2.060,120.755,116.207,692000,1024,120,fd1de7da4c
campaign,default,LK_800_04,2,4217,2953,4000,2.030,120.515,115.619,694000,1024,120,fd1de7da4c
campaign,default,LK_800_04,3,4217,2955,4000,2.320,120.676,116.507,708000,1024,120,fd1de7da4c
campaign,default,LK_800_04,4,4217,2955,4000,2.340,120.594,115.687,702000,1024,120,fd1de7da4c
campaign,default,LK_800_04,5,4217,2986,4000,3.030,120.654,113.485,690000,1024,120,fd1de7da4c
campaign,default,LK_800_04,6,4217,2939,4000,2.300,120.614,116.131,720000,1024,120,1c18d0fb12
campaign,default,LK_800_04,7,4217,2959,4000,2.260,120.396,113.250,702000,1024,120,1c18d0fb12
campaign,default,LK_800_04,8,4217,2964,4000,2.570,120.358,115.863,722000,1024,120,1c18d0fb12
campaign,default,LK_800_04,9,4217,2964,4000,1.900,120.438,115.718,722000,1024,120,1c18d0fb12
campaign,default,LK_800_04,10,4217,2987,4000,1.600,120.450,115.985,708000,1024,120,1c18d0fb12
campaign,default,LK_800_05,1,4231,2927,4000,1.770,120.504,116.285,652000,1024,120,fd1de7da4c
campaign,default,LK_800_05,2,4231,2957,4000,1.740,120.474,115.933,678000,1024,120,fd1de7da4c
campaign,default,LK_800_05,3,4231,2927,4000,1.660,120.486,116.407,686000,1024,120,fd1de7da4c
campaign,default,LK_800_05,4,4231,2927,4000,1.660,120.463,116.412,688000,1024,120,fd1de7da4c
campaign,default,LK_800_05,5,4231,2927,4000,1.650,120.521,113.518,674000,1024,120,fd1de7da4c
campaign,default,LK_800_05,6,4231,2954,4000,1.600,120.653,116.372,702000,1024,120,1c18d0fb12
campaign,default,LK_800_05,7,4231,2927,4000,1.970,120.395,113.394,682000,1024,120,1c18d0fb12
campaign,default,LK_800_05,8,4231,2946,4000,1.590,120.485,115.989,702000,1024,120,1c18d0fb12
campaign,default,LK_800_05,9,4231,2924,4000,1.940,120.453,116.354,700000,1024,120,1c18d0fb12
campaign,default,LK_800_05,10,4231,2927,4000,2.330,120.534,116.085,684000,1024,120,1c18d0fb12
campaign,default,LK_800_06,1,4422,3064,4000,1.430,120.552,116.211,636000,1024,120,fd1de7da4c
campaign,default,LK_800_06,2,4422,3073,4000,1.340,120.519,116.551,662000,1024,120,fd1de7da4c
campaign,default,LK_800_06,3,4422,3073,4000,1.740,120.540,115.957,664000,1024,120,fd1de7da4c
campaign,default,LK_800_06,4,4422,3073,4000,1.340,120.765,116.818,668000,1024,120,fd1de7da4c
campaign,default,LK_800_06,5,4422,3073,4000,1.690,120.541,113.624,654000,1024,120,fd1de7da4c
campaign,default,LK_800_06,6,4422,3073,4000,1.290,120.337,116.010,668000,1024,120,1c18d0fb12
campaign,default,LK_800_06,7,4422,3088,4000,1.300,120.571,113.664,666000,1024,120,1c18d0fb12
campaign,default,LK_800_06,8,4422,3088,4000,1.280,120.544,115.852,682000,1024,120,1c18d0fb12
campaign,default,LK_800_06,9,4422,3088,4000,1.640,120.328,116.008,682000,1024,120,1c18d0fb12
campaign,default,LK_800_06,10,4422,3073,4000,1.680,120.584,116.355,670000,1024,120,1c18d0fb12
campaign,default,LK_800_07,1,4302,3143,4000,2.640,121.212,115.195,672000,1024,120,fd1de7da4c
campaign,default,LK_800_07,2,4302,3146,4000,1.650,120.516,116.237,704000,1024,120,fd1de7da4c
campaign,default,LK_800_07,3,4302,3143,4000,1.650,120.704,116.356,712000,1024,120,fd1de7da4c
campaign,default,LK_800_07,4,4302,3143,4000,1.980,120.712,115.591,706000,1024,120,fd1de7da4c
campaign,default,LK_800_07,5,4302,3146,4000,2.000,120.546,113.336,694000,1024,120,fd1de7da4c
campaign,default,LK_800_07,6,4302,3161,4000,2.310,120.450,113.899,678000,1024,120,1c18d0fb12
campaign,default,LK_800_07,7,4302,3143,4000,1.910,120.339,113.137,704000,1024,120,1c18d0fb12
campaign,default,LK_800_07,8,4302,3161,4000,1.910,120.551,116.073,726000,1024,120,1c18d0fb12
campaign,default,LK_800_07,9,4302,3146,4000,1.910,120.388,116.056,726000,1024,120,1c18d0fb12
campaign,default,LK_800_07,10,4302,3146,4000,1.610,120.459,115.641,708000,1024,120,1c18d0fb12
campaign,default,LK_800_08,1,4158,2939,4000,45.610,120.493,112.954,650000,1024,120,fd1de7da4c
campaign,default,LK_800_08,2,4158,2964,4000,5.550,120.620,116.312,680000,1024,120,fd1de7da4c
campaign,default,LK_800_08,3,4158,2948,4000,24.470,120.468,116.265,692000,1024,120,fd1de7da4c
campaign,default,LK_800_08,4,4158,2969,4000,3.350,120.726,116.539,684000,1024,120,fd1de7da4c
campaign,default,LK_800_08,5,4158,2973,4000,36.250,120.733,113.595,688000,1024,120,fd1de7da4c
campaign,default,LK_800_08,6,4158,2992,4000,4.340,120.605,115.216,678000,1024,120,1c18d0fb12
campaign,default,LK_800_08,7,4158,2964,4000,2.590,120.397,113.478,682000,1024,120,1c18d0fb12
campaign,default,LK_800_08,8,4158,2909,4000,2.230,120.422,115.806,698000,1024,120,1c18d0fb12
campaign,default,LK_800_08,9,4158,2978,4000,2.580,120.538,116.194,700000,1024,120,1c18d0fb12
campaign,default,LK_800_08,10,4158,2973,4000,5.370,120.567,116.133,690000,1024,120,1c18d0fb12
campaign,default,LK_800_09,1,4306,3204,4000,5.010,120.666,112.975,672000,1024,120,fd1de7da4c
campaign,default,LK_800_09,2,4306,3204,4000,2.360,120.499,116.257,716000,1024,120,fd1de7da4c
campaign,default,LK_800_09,3,4306,3190,4000,3.500,120.553,115.555,712000,1024,120,fd1de7da4c
campaign,default,LK_800_09,4,4306,3202,4000,3.350,120.471,116.157,718000,1024,120,fd1de7da4c
campaign,default,LK_800_09,5,4306,3216,4000,2.710,120.541,113.206,704000,1024,120,fd1de7da4c
campaign,default,LK_800_09,6,4306,3190,4000,2.630,120.401,113.801,682000,1024,120,1c18d0fb12
campaign,default,LK_800_09,7,4306,3204,4000,2.620,120.470,113.084,714000,1024,120,1c18d0fb12
campaign,default,LK_800_09,8,4306,3190,4000,4.260,120.401,115.951,732000,1024,120,1c18d0fb12
campaign,default,LK_800_09,9,4306,3216,4000,2.590,120.411,115.717,732000,1024,120,1c18d0fb12
campaign,default,LK_800_09,10,4306,3202,4000,2.310,120.568,116.079,720000,1024,120,1c18d0fb12
campaign,default,LK_800_10,1,4285,3071,4000,3.830,120.604,115.017,688000,1024,120,fd1de7da4c
campaign,default,LK_800_10,2,4285,3088,4000,1.980,120.576,116.118,702000,1024,120,fd1de7da4c
campaign,default,LK_800_10,3,4285,3107,4000,2.660,120.472,116.244,704000,1024,120,fd1de7da4c
campaign,default,LK_800_10,4,4285,3104,4000,4.710,120.696,115.684,700000,1024,120,fd1de7da4c
campaign,default,LK_800_10,5,4285,3105,4000,4.410,120.532,113.304,690000,1024,120,fd1de7da4c
campaign,default,LK_800_10,6,4285,3107,4000,3.860,120.337,112.918,656000,1024,120,1c18d0fb12
campaign,default,LK_800_10,7,4285,3157,4000,2.990,120.427,113.148,700000,1024,120,1c18d0fb12
campaign,default,LK_800_10,8,4285,3055,4000,3.600,120.430,116.175,718000,1024,120,1c18d0fb12
campaign,default,LK_800_10,9,4285,3154,4000,2.930,120.623,116.138,720000,1024,120,1c18d0fb12
campaign,default,LK_800_10,10,4285,3055,4000,2.640,120.323,115.720,704000,1024,120,1c18d0fb12
campaign,default,LK_1000_01,1,5184,4017,5000,3.830,120.448,113.205,616000,1024,120,fd1de7da4c
campaign,default,LK_1000_01,2,5184,4015,5000,2.930,120.575,115.973,658000,1024,120,fd1de7da4c
campaign,default,LK_1000_01,3,5184,4018,5000,2.140,120.552,116.491,658000,1024,120,fd1de7da4c
campaign,default,LK_1000_01,4,5184,4002,5000,3.230,120.564,116.378,658000,1024,120,fd1de7da4c
campaign,default,LK_1000_01,5,5184,4046,5000,3.270,120.757,113.841,648000,1024,120,fd1de7da4c
campaign,default,LK_1000_01,6,5184,4046,5000,3.380,120.385,113.481,610000,1024,120,1c18d0fb12
campaign,default,LK_1000_01,7,5184,4049,5000,3.540,120.332,113.444,652000,1024,120,1c18d0fb12
campaign,default,LK_1000_01,8,5184,4033,5000,4.550,120.578,116.002,670000,1024,120,1c18d0fb12
campaign,default,LK_1000_01,9,5184,4046,5000,6.070,120.374,116.320,668000,1024,120,1c18d0fb12
campaign,default,LK_1000_01,10,5184,4017,5000,4.250,120.381,116.063,658000,1024,120,1c18d0fb12
campaign,default,LK_1000_02,1,5167,3746,5000,36.400,120.721,113.433,610000,1024,120,fd1de7da4c
campaign,default,LK_1000_02,2,5165,3854,5000,9.450,120.583,116.649,656000,1024,120,fd1de7da4c
campaign,default,LK_1000_02,3,5167,3732,5000,15.230,120.761,116.233,650000,1024,120,fd1de7da4c
campaign,default,LK_1000_02,4,5165,3849,5000,58.740,120.665,116.568,652000,1024,120,fd1de7da4c
campaign,default,LK_1000_02,5,5167,3707,5000,111.240,120.583,113.838,642000,1024,120,fd1de7da4c
campaign,default,LK_1000_02,6,5165,3841,5000,3.840,120.643,113.689,624000,1024,120,1c18d0fb12
campaign,default,LK_1000_02,7,5167,3734,5000,67.340,120.345,113.551,644000,1024,120,1c18d0fb12
campaign,default,LK_1000_02,8,5167,3698,5000,47.850,120.607,116.370,668000,1024,120,1c18d0fb12
campaign,default,LK_1000_02,9,5167,3756,5000,42.330,120.679,116.283,666000,1024,120,1c18d0fb12
campaign,default,LK_1000_02,10,5167,3707,5000,109.940,120.472,116.193,652000,1024,120,1c18d0fb12
campaign,default,LK_1000_03,1,5395,3813,5000,2.780,120.810,113.519,640000,1024,120,fd1de7da4c
campaign,default,LK_1000_03,2,5395,3803,5000,2.870,120.657,116.360,666000,1024,120,fd1de7da4c
campaign,default,LK_1000_03,3,5395,3807,5000,2.900,120.478,116.289,666000,1024,120,fd1de7da4c
campaign,default,LK_1000_03,4,5395,3819,5000,2.550,120.598,114.848,640000,1024,120,fd1de7da4c
campaign,default,LK_1000_03,5,5395,3864,5000,2.890,120.639,113.761,656000,1024,120,fd1de7da4c
campaign,default,LK_1000_03,6,5395,3800,5000,2.230,120.630,113.680,616000,1024,120,1c18d0fb12
campaign,default,LK_1000_03,7,5395,3819,5000,2.120,120.625,113.811,658000,1024,120,1c18d0fb12
campaign,default,LK_1000_03,8,5395,3800,5000,2.420,120.439,116.260,682000,1024,120,1c18d0fb12
campaign,default,LK_1000_03,9,5395,3860,5000,2.070,120.330,115.984,678000,1024,120,1c18d0fb12
campaign,default,LK_1000_03,10,5395,3803,5000,2.090,120.449,115.923,664000,1024,120,1c18d0fb12
campaign,default,LK_1000_04,1,5432,3981,5000,13.560,120.568,113.304,642000,1024,120,fd1de7da4c
campaign,default,LK_1000_04,2,5432,3952,5000,20.800,120.411,115.884,678000,1024,120,fd1de7da4c
campaign,default,LK_1000_04,3,5432,3952,5000,3.870,120.746,116.443,680000,1024,120,fd1de7da4c
campaign,default,LK_1000_04,4,5432,3981,5000,94.790,120.498,114.635,642000,1024,120,fd1de7da4c
campaign,default,LK_1000_04,5,5432,3952,5000,32.920,120.555,113.575,666000,1024,120,fd1de7da4c
campaign,default,LK_1000_04,6,5432,3956,5000,32.030,120.493,113.303,624000,1024,120,1c18d0fb12
campaign,default,LK_1000_04,7,5432,3952,5000,14.820,120.357,113.320,668000,1024,120,1c18d0fb12
campaign,default,LK_1000_04,8,5432,3975,5000,17.510,120.506,115.839,692000,1024,120,1c18d0fb12
campaign,default,LK_1000_04,9,5432,3952,5000,4.100,120.655,116.291,692000,1024,120,1c18d0fb12
campaign,default,LK_1000_04,10,5432,3952,5000,32.620,120.550,116.065,680000,1024,120,1c18d0fb12
campaign,default,LK_1000_05,1,5314,3789,5000,2.970,120.470,115.519,632000,1024,120,fd1de7da4c
campaign,default,LK_1000_05,2,5314,3760,5000,2.880,120.624,116.648,656000,1024,120,fd1de7da4c
campaign,default,LK_1000_05,3,5314,3773,5000,3.650,120.490,115.862,654000,1024,120,fd1de7da4c
campaign,default,LK_1000_05,4,5314,3768,5000,9.120,120.539,113.327,612000,1024,120,fd1de7da4c
campaign,default,LK_1000_05,5,5314,3773,5000,5.130,120.391,113.601,642000,1024,120,fd1de7da4c
campaign,default,LK_1000_05,6,5314,3752,5000,3.550,120.585,113.526,626000,1024,120,1c18d0fb12
campaign,default,LK_1000_05,7,5314,3768,5000,3.540,120.341,113.524,650000,1024,120,1c18d0fb12
campaign,default,LK_1000_05,8,5314,3755,5000,4.210,120.455,116.244,668000,1024,120,1c18d0fb12
campaign,default,LK_1000_05,9,5314,3760,5000,4.220,120.547,116.134,668000,1024,120,1c18d0fb12
campaign,default,LK_1000_05,10,5314,3739,5000,3.220,120.406,116.020,654000,1024,120,1c18d0fb12
campaign,default,LK_1000_06,1,5356,4033,5000,3.300,120.769,116.719,650000,1024,120,fd1de7da4c
campaign,default,LK_1000_06,2,5356,3998,5000,2.130,120.742,116.305,664000,1024,120,fd1de7da4c
campaign,default,LK_1000_06,3,5356,4001,5000,3.250,120.599,116.484,666000,1024,120,fd1de7da4c
campaign,default,LK_1000_06,4,5356,4017,5000,3.030,120.789,114.548,622000,1024,120,fd1de7da4c
campaign,default,LK_1000_06,5,5356,4008,5000,5.060,120.547,113.652,652000,1024,120,fd1de7da4c
campaign,default,LK_1000_06,6,5356,4049,5000,10.410,120.408,113.320,658000,1024,120,1c18d0fb12
campaign,default,LK_1000_06,7,5356,3989,5000,3.240,120.466,113.612,648000,1024,120,1c18d0fb12
campaign,default,LK_1000_06,8,5356,4039,5000,2.750,120.325,115.958,678000,1024,120,1c18d0fb12
campaign,default,LK_1000_06,9,5356,4052,5000,5.330,120.585,116.295,680000,1024,120,1c18d0fb12
campaign,default,LK_1000_06,10,5356,4058,5000,2.450,120.442,115.971,664000,1024,120,1c18d0fb12
campaign,default,LK_1000_07,1,5273,3743,5000,4.480,120.598,116.680,632000,1024,120,fd1de7da4c
campaign,default,LK_1000_07,2,5273,3813,5000,20.270,120.758,116.483,650000,1024,120,fd1de7da4c
campaign,default,LK_1000_07,3,5273,3743,5000,93.010,120.603,116.416,646000,1024,120,fd1de7da4c
campaign,default,LK_1000_07,4,5273,3793,5000,5.120,120.631,113.869,614000,1024,120,fd1de7da4c
campaign,default,LK_1000_07,5,5272,3783,5000,16.450,120.539,113.782,636000,1024,120,fd1de7da4c
campaign,default,LK_1000_07,6,5273,3743,5000,49.770,120.661,113.699,644000,1024,120,1c18d0fb12
campaign,default,LK_1000_07,7,5273,3768,5000,8.570,120.426,113.781,634000,1024,120,1c18d0fb12
campaign,default,LK_1000_07,8,5273,3813,5000,4.600,120.578,116.174,662000,1024,120,1c18d0fb12
campaign,default,LK_1000_07,9,5273,3743,5000,3.150,120.470,116.305,664000,1024,120,1c18d0fb12
campaign,default,LK_1000_07,10,5273,3813,5000,8.040,120.644,116.283,650000,1024,120,1c18d0fb12
campaign,default,LK_1000_08,1,5394,3879,5000,3.710,120.424,116.257,642000,1024,120,fd1de7da4c
campaign,default,LK_1000_08,2,5394,3872,5000,7.990,120.743,116.590,660000,1024,120,fd1de7da4c
campaign,default,LK_1000_08,3,5394,3879,5000,2.920,120.649,115.892,658000,1024,120,fd1de7da4c
campaign,default,LK_1000_08,4,5394,3879,5000,2.590,120.448,113.488,642000,1024,120,fd1de7da4c
campaign,default,LK_1000_08,5,5394,3879,5000,3.280,120.464,113.570,646000,1024,120,fd1de7da4c
campaign,default,LK_1000_08,6,5394,3872,5000,4.300,120.498,113.528,656000,1024,120,1c18d0fb12
campaign,default,LK_1000_08,7,5394,3879,5000,3.250,120.544,113.764,644000,1024,120,1c18d0fb12
campaign,default,LK_1000_08,8,5394,3872,5000,43.810,120.602,116.254,670000,1024,120,1c18d0fb12
campaign,default,LK_1000_08,9,5394,3879,5000,4.590,120.457,115.941,670000,1024,120,1c18d0fb12
campaign,default,LK_1000_08,10,5394,3898,5000,2.850,120.530,116.072,656000,1024,120,1c18d0fb12
campaign,default,LK_1000_09,1,5346,3908,5000,6.350,120.620,116.528,626000,1024,120,fd1de7da4c
campaign,default,LK_1000_09,2,5345,3875,5000,2.500,120.685,116.168,646000,1024,120,fd1de7da4c
campaign,default,LK_1000_09,3,5345,3897,5000,2.140,120.521,116.529,648000,1024,120,fd1de7da4c
campaign,default,LK_1000_09,4,5345,3894,5000,2.180,120.430,113.712,630000,1024,120,fd1de7da4c
campaign,default,LK_1000_09,5,5345,3897,5000,2.160,120.731,113.926,634000,1024,120,fd1de7da4c
campaign,default,LK_1000_09,6,5345,3885,5000,2.090,120.680,113.803,644000,1024,120,1c18d0fb12
campaign,default,LK_1000_09,7,5345,3919,5000,1.730,120.384,113.735,630000,1024,120,1c18d0fb12
campaign,default,LK_1000_09,8,5345,3891,5000,2.060,120.563,116.341,660000,1024,120,1c18d0fb12
campaign,default,LK_1000_09,9,5345,3867,5000,2.070,120.510,116.201,660000,1024,120,1c18d0fb12
campaign,default,LK_1000_09,10,5346,3912,5000,114.870,120.355,115.894,646000,1024,120,1c18d0fb12
campaign,default,LK_1000_10,1,5400,3806,5000,2.130,120.457,114.592,614000,1024,120,fd1de7da4c
campaign,default,LK_1000_10,2,5400,3832,5000,2.550,120.572,116.356,648000,1024,120,fd1de7da4c
campaign,default,LK_1000_10,3,5400,3809,5000,2.890,120.742,116.551,650000,1024,120,fd1de7da4c
campaign,default,LK_1000_10,4,5400,3842,5000,3.020,120.474,113.589,630000,1024,120,fd1de7da4c
campaign,default,LK_1000_10,5,5400,3806,5000,2.900,120.553,113.767,638000,1024,120,fd1de7da4c
campaign,default,LK_1000_10,6,5400,3821,5000,3.750,121.295,113.313,642000,1024,120,1c18d0fb12
campaign,default,LK_1000_10,7,5400,3828,5000,3.650,120.641,113.900,632000,1024,120,1c18d0fb12
campaign,default,LK_1000_10,8,5400,3841,5000,3.570,120.539,116.008,662000,1024,120,1c18d0fb12
campaign,default,LK_1000_10,9,5400,3802,5000,2.490,120.582,116.325,662000,1024,120,1c18d0fb12
campaign,default,LK_1000_10,10,5400,3809,5000,3.640,120.580,116.127,648000,1024,120,1c18d0fb12
campaign,default,MF_500_01,1,2368,1499,1500,1.000,120.472,87.919,772000,1024,120,1c18d0fb12
campaign,default,MF_500_01,2,2368,1499,1500,1.010,120.501,99.501,874000,1024,120,1c18d0fb12
campaign,default,MF_500_01,3,2368,1499,1500,1.000,120.341,86.677,742000,1024,120,1c18d0fb12
campaign,default,MF_500_01,4,2368,1499,1500,0.610,120.460,98.991,890000,1024,120,1c18d0fb12
campaign,default,MF_500_01,5,2368,1499,1500,0.960,120.425,88.330,792000,1024,120,1c18d0fb12
campaign,default,MF_500_01,6,2368,1499,1500,0.610,120.376,86.895,776000,1024,120,1c18d0fb12
campaign,default,MF_500_01,7,2368,1499,1500,0.980,120.408,87.793,778000,1024,120,1c18d0fb12
campaign,default,MF_500_01,8,2368,1499,1500,0.960,120.327,100.439,894000,1024,120,1c18d0fb12
campaign,default,MF_500_01,9,2368,1499,1500,0.970,120.470,99.902,888000,1024,120,1c18d0fb12
campaign,default,MF_500_01,10,2368,1499,1500,0.990,120.409,100.738,880000,1024,120,1c18d0fb12
campaign,default,MF_500_02,1,2319,1500,1500,1.000,120.466,87.684,754000,1024,120,1c18d0fb12
campaign,default,MF_500_02,2,2319,1500,1500,1.000,120.505,99.508,858000,1024,120,1c18d0fb12
campaign,default,MF_500_02,3,2319,1500,1500,0.640,120.377,85.756,724000,1024,120,1c18d0fb12
campaign,default,MF_500_02,4,2319,1500,1500,0.950,120.416,100.178,890000,1024,120,1c18d0fb12
campaign,default,MF_500_02,5,2319,1499,1500,0.590,120.312,88.197,782000,1024,120,1c18d0fb12
campaign,default,MF_500_02,6,2319,1499,1500,1.230,120.369,96.180,828000,1024,120,1c18d0fb12
campaign,default,MF_500_02,7,2319,1499,1500,0.970,120.453,88.083,774000,1024,120,1c18d0fb12
campaign,default,MF_500_02,8,2319,1499,1500,0.940,120.369,101.375,902000,1024,120,1c18d0fb12
campaign,default,MF_500_02,9,2319,1499,1500,0.960,120.351,100.033,890000,1024,120,1c18d0fb12
campaign,default,MF_500_02,10,2319,1500,1500,0.980,120.382,99.216,866000,1024,120,1c18d0fb12
campaign,default,MF_500_03,1,2284,1500,1500,0.610,120.349,88.875,768000,1024,120,1c18d0fb12
campaign,default,MF_500_03,2,2284,1500,1500,0.620,120.480,100.526,878000,1024,120,1c18d0fb12
campaign,default,MF_500_03,3,2284,1500,1500,0.640,120.363,87.508,732000,1024,120,1c18d0fb12
campaign,default,MF_500_03,4,2284,1500,1500,0.960,120.434,100.779,906000,1024,120,1c18d0fb12
campaign,default,MF_500_03,5,2284,1500,1500,0.930,120.415,88.711,788000,1024,120,1c18d0fb12
campaign,default,MF_500_03,6,2284,1500,1500,0.600,120.529,88.595,736000,1024,120,1c18d0fb12
campaign,default,MF_500_03,7,2284,1500,1500,0.950,120.413,89.637,778000,1024,120,1c18d0fb12
campaign,default,MF_500_03,8,2284,1500,1500,0.990,120.536,100.859,896000,1024,120,1c18d0fb12
campaign,default,MF_500_03,9,2284,1500,1500,0.580,120.322,101.823,904000,1024,120,1c18d0fb12
campaign,default,MF_500_03,10,2284,1500,1500,0.610,120.344,100.569,876000,1024,120,1c18d0fb12
campaign,default,MF_500_04,1,2270,1499,1500,1.030,120.513,87.589,750000,1024,120,1c18d0fb12
campaign,default,MF_500_04,2,2270,1499,1500,1.010,120.330,98.986,854000,1024,120,1c18d0fb12
campaign,default,MF_500_04,3,2270,1499,1500,1.030,120.461,85.725,710000,1024,120,1c18d0fb12
campaign,default,MF_500_04,4,2270,1499,1500,0.600,120.329,93.477,812000,1024,120,1c18d0fb12
campaign,default,MF_500_04,5,2270,1499,1500,0.590,120.482,88.041,776000,1024,120,1c18d0fb12
campaign,default,MF_500_04,6,2270,1499,1500,0.630,120.497,86.945,702000,1024,120,1c18d0fb12
campaign,default,MF_500_04,7,2270,1499,1500,0.620,120.427,97.152,840000,1024,120,1c18d0fb12
campaign,default,MF_500_04,8,2270,1500,1500,0.600,120.457,100.573,884000,1024,120,1c18d0fb12
campaign,default,MF_500_04,9,2270,1500,1500,0.610,120.376,99.467,874000,1024,120,1c18d0fb12
campaign,default,MF_500_04,10,2270,1500,1500,0.980,120.346,99.097,852000,1024,120,1c18d0fb12
campaign,default,MF_500_05,1,2321,1499,1500,0.600,120.357,87.125,780000,1024,120,1c18d0fb12
campaign,default,MF_500_05,2,2321,1497,1500,0.980,120.459,98.441,886000,1024,120,1c18d0fb12
campaign,default,MF_500_05,3,2321,1497,1500,1.010,120.356,86.084,784000,1024,120,1c18d0fb12
campaign,default,MF_500_05,4,2321,1497,1500,1.030,120.349,93.265,834000,1024,120,1c18d0fb12
campaign,default,MF_500_05,5,2321,1497,1500,0.590,120.320,87.473,806000,1024,120,1c18d0fb12
campaign,default,MF_500_05,6,2321,1499,1500,0.630,120.546,87.035,738000,1024,120,1c18d0fb12
campaign,default,MF_500_05,7,2321,1497,1500,0.620,120.371,96.356,886000,1024,120,1c18d0fb12
campaign,default,MF_500_05,8,2321,1493,1500,0.930,120.321,100.705,938000,1024,120,1c18d0fb12
campaign,default,MF_500_05,9,2321,1493,1500,0.610,120.368,100.108,932000,1024,120,1c18d0fb12
campaign,default,MF_500_05,10,2321,1493,1500,0.600,120.516,98.912,902000,1024,120,1c18d0fb12
campaign,default,MF_500_06,1,2324,1495,1500,0.990,120.378,85.873,748000,1024,120,1c18d0fb12
campaign,default,MF_500_06,2,2324,1499,1500,0.630,120.432,98.288,862000,1024,120,1c18d0fb12
campaign,default,MF_500_06,3,2324,1499,1500,0.980,120.564,85.654,750000,1024,120,1c18d0fb12
campaign,default,MF_500_06,4,2324,1495,1500,0.610,120.513,86.167,752000,1024,120,1c18d0fb12
campaign,default,MF_500_06,5,2324,1500,1500,0.950,120.372,86.174,772000,1024,120,1c18d0fb12
campaign,default,MF_500_06,6,2324,1499,1500,1.040,120.440,88.271,736000,1024,120,1c18d0fb12
campaign,default,MF_500_06,7,2324,1500,1500,0.940,120.443,100.343,900000,1024,120,1c18d0fb12
campaign,default,MF_500_06,8,2324,1499,1500,1.010,120.540,99.240,886000,1024,120,1c18d0fb12
campaign,default,MF_500_06,9,2324,1499,1500,0.950,120.346,100.051,894000,1024,120,1c18d0fb12
campaign,default,MF_500_06,10,2324,1499,1500,0.970,120.328,99.749,874000,1024,120,1c18d0fb12
campaign,default,MF_500_07,1,2290,1493,1500,0.630,120.390,88.033,764000,1024,120,1c18d0fb12
campaign,default,MF_500_07,2,2290,1500,1500,0.620,120.360,99.350,870000,1024,120,1c18d0fb12
campaign,default,MF_500_07,3,2290,1492,1500,0.650,120.368,86.215,742000,1024,120,1c18d0fb12
campaign,default,MF_500_07,4,2290,1492,1500,0.620,120.418,88.049,766000,1024,120,1c18d0fb12
campaign,default,MF_500_07,5,2290,1500,1500,0.590,120.467,88.119,788000,1024,120,1c18d0fb12
campaign,default,MF_500_07,6,2290,1492,1500,0.630,120.566,88.056,722000,1024,120,1c18d0fb12
campaign,default,MF_500_07,7,2290,1493,1500,0.600,120.401,100.631,902000,1024,120,1c18d0fb12
campaign,default,MF_500_07,8,2290,1500,1500,0.590,120.326,100.378,898000,1024,120,1c18d0fb12
campaign,default,MF_500_07,9,2290,1500,1500,0.660,120.372,100.060,896000,1024,120,1c18d0fb12
campaign,default,MF_500_07,10,2290,1492,1500,0.620,120.425,100.635,884000,1024,120,1c18d0fb12
campaign,default,MF_500_08,1,2215,1499,1500,0.610,120.423,88.798,776000,1024,120,1c18d0fb12
campaign,default,MF_500_08,2,2215,1499,1500,0.630,120.363,100.106,880000,1024,120,1c18d0fb12
campaign,default,MF_500_08,3,2215,1499,1500,0.660,120.436,86.054,704000,1024,120,1c18d0fb12
campaign,default,MF_500_08,4,2215,1499,1500,0.970,120.350,88.897,790000,1024,120,1c18d0fb12
campaign,default,MF_500_08,5,2215,1496,1500,0.940,120.379,89.371,804000,1024,120,1c18d0fb12
campaign,default,MF_500_08,6,2215,1499,1500,0.650,120.524,88.873,752000,1024,120,1c18d0fb12
campaign,default,MF_500_08,7,2215,1499,1500,0.600,120.500,101.040,908000,1024,120,1c18d0fb12
campaign,default,MF_500_08,8,2215,1496,1500,0.580,120.368,101.788,904000,1024,120,1c18d0fb12
campaign,default,MF_500_08,9,2215,1499,1500,0.590,120.456,101.664,902000,1024,120,1c18d0fb12
campaign,default,MF_500_08,10,2215,1496,1500,0.590,120.421,100.928,878000,1024,120,1c18d0fb12
campaign,default,MF_500_09,1,2263,1500,1500,1.260,120.355,87.523,760000,1024,120,1c18d0fb12
campaign,default,MF_500_09,2,2263,1493,1500,0.990,120.347,98.868,866000,1024,120,1c18d0fb12
campaign,default,MF_500_09,3,2263,1497,1500,1.010,120.548,85.920,742000,1024,120,1c18d0fb12
campaign,default,MF_500_09,4,2263,1493,1500,0.950,120.349,87.596,764000,1024,120,1c18d0fb12
campaign,default,MF_500_09,5,2263,1495,1500,0.940,120.526,88.149,788000,1024,120,1c18d0fb12
campaign,default,MF_500_09,6,2263,1497,1500,0.950,120.417,87.416,772000,1024,120,1c18d0fb12
campaign,default,MF_500_09,7,2263,1500,1500,0.950,120.533,100.760,902000,1024,120,1c18d0fb12
campaign,default,MF_500_09,8,2263,1497,1500,1.240,120.337,99.515,892000,1024,120,1c18d0fb12
campaign,default,MF_500_09,9,2263,1500,1500,0.940,120.387,100.463,900000,1024,120,1c18d0fb12
campaign,default,MF_500_09,10,2263,1497,1500,0.960,120.526,100.430,882000,1024,120,1c18d0fb12
campaign,default,MF_500_10,1,2310,1498,1500,0.980,120.376,87.479,744000,1024,120,1c18d0fb12
campaign,default,MF_500_10,2,2310,1500,1500,0.610,120.464,98.511,846000,1024,120,1c18d0fb12
campaign,default,MF_500_10,3,2310,1498,1500,0.980,120.513,85.553,722000,1024,120,1c18d0fb12
campaign,default,MF_500_10,4,2310,1498,1500,0.610,120.349,86.918,728000,1024,120,1c18d0fb12
campaign,default,MF_500_10,5,2310,1499,1500,0.590,120.319,87.885,770000,1024,120,1c18d0fb12
campaign,default,MF_500_10,6,2310,1499,1500,0.660,120.546,86.953,752000,1024,120,1c18d0fb12
campaign,default,MF_500_10,7,2310,1499,1500,0.590,120.529,100.581,884000,1024,120,1c18d0fb12
campaign,default,MF_500_10,8,2310,1499,1500,0.590,120.351,100.409,894000,1024,120,1c18d0fb12
campaign,default,MF_500_10,9,2310,1499,1500,0.630,120.338,99.047,882000,1024,120,1c18d0fb12
campaign,default,MF_500_10,10,2310,1498,1500,0.990,120.367,99.152,866000,1024,120,1c18d0fb12
campaign,default,MF_700_01,1,3130,2096,2100,1.590,120.609,91.457,570000,1024,120,1c18d0fb12
campaign,default,MF_700_01,2,3130,2098,2100,1.570,120.406,101.923,638000,1024,120,1c18d0fb12
campaign,default,MF_700_01,3,3130,2098,2100,1.260,120.659,89.654,542000,1024,120,1c18d0fb12
campaign,default,MF_700_01,4,3130,2098,2100,1.590,120.448,91.062,556000,1024,120,1c18d0fb12
campaign,default,MF_700_01,5,3130,2098,2100,1.910,120.389,91.331,590000,1024,120,1c18d0fb12
campaign,default,MF_700_01,6,3130,2096,2100,1.580,120.500,90.078,572000,1024,120,1c18d0fb12
campaign,default,MF_700_01,7,3130,2098,2100,1.550,120.591,102.376,662000,1024,120,1c18d0fb12
campaign,default,MF_700_01,8,3130,2098,2100,1.200,120.513,103.662,656000,1024,120,1c18d0fb12
campaign,default,MF_700_01,9,3130,2098,2100,1.530,120.405,103.683,660000,1024,120,1c18d0fb12
campaign,default,MF_700_01,10,3130,2098,2100,1.600,120.625,102.471,646000,1024,120,1c18d0fb12
campaign,default,MF_700_02,1,3056,2096,2100,1.200,120.489,89.986,578000,1024,120,1c18d0fb12
campaign,default,MF_700_02,2,3056,2095,2100,1.540,120.606,100.957,652000,1024,120,1c18d0fb12
campaign,default,MF_700_02,3,3056,2096,2100,1.550,120.510,88.787,570000,1024,120,1c18d0fb12
campaign,default,MF_700_02,4,3056,2091,2100,1.190,120.512,89.904,582000,1024,120,1c18d0fb12
campaign,default,MF_700_02,5,3056,2099,2100,1.570,120.315,90.085,598000,1024,120,1c18d0fb12
campaign,default,MF_700_02,6,3056,2099,2100,1.160,120.419,88.463,576000,1024,120,1c18d0fb12
campaign,default,MF_700_02,7,3056,2096,2100,1.170,120.603,102.102,676000,1024,120,1c18d0fb12
campaign,default,MF_700_02,8,3056,2100,2100,1.240,120.481,101.975,676000,1024,120,1c18d0fb12
campaign,default,MF_700_02,9,3056,2100,2100,1.540,120.439,102.772,676000,1024,120,1c18d0fb12
campaign,default,MF_700_02,10,3056,2096,2100,1.180,120.575,102.150,662000,1024,120,1c18d0fb12
campaign,default,MF_700_03,1,3225,2097,2100,1.230,120.461,91.705,566000,1024,120,1c18d0fb12
campaign,default,MF_700_03,2,3225,2097,2100,1.220,120.405,102.273,634000,1024,120,1c18d0fb12
campaign,default,MF_700_03,3,3225,2097,2100,1.270,120.658,90.600,552000,1024,120,1c18d0fb12
campaign,default,MF_700_03,4,3225,2097,2100,1.210,120.561,97.847,606000,1024,120,1c18d0fb12
campaign,default,MF_700_03,5,3225,2097,2100,0.730,120.546,92.768,586000,1024,120,1c18d0fb12
campaign,default,MF_700_03,6,3225,2097,2100,1.200,120.512,91.888,574000,1024,120,1c18d0fb12
campaign,default,MF_700_03,7,3225,2097,2100,1.240,120.601,103.854,640000,1024,120,1c18d0fb12
campaign,default,MF_700_03,8,3225,2097,2100,1.180,120.511,103.913,658000,1024,120,1c18d0fb12
campaign,default,MF_700_03,9,3225,2097,2100,1.220,120.610,103.740,644000,1024,120,1c18d0fb12
campaign,default,MF_700_03,10,3225,2097,2100,1.250,120.516,103.305,642000,1024,120,1c18d0fb12
campaign,default,MF_700_04,1,3247,2100,2100,1.200,120.397,91.558,576000,1024,120,1c18d0fb12
campaign,default,MF_700_04,2,3247,2100,2100,1.190,120.561,102.246,648000,1024,120,1c18d0fb12
campaign,default,MF_700_04,3,3247,2100,2100,1.230,120.603,90.075,564000,1024,120,1c18d0fb12
campaign,default,MF_700_04,4,3247,2100,2100,1.560,120.355,102.254,658000,1024,120,1c18d0fb12
campaign,default,MF_700_04,5,3247,2099,2100,1.170,120.331,91.986,598000,1024,120,1c18d0fb12
campaign,default,MF_700_04,6,3247,2100,2100,1.560,120.588,91.702,590000,1024,120,1c18d0fb12
campaign,default,MF_700_04,7,3247,2099,2100,1.540,120.482,103.363,654000,1024,120,1c18d0fb12
campaign,default,MF_700_04,8,3247,2100,2100,1.530,120.583,103.540,670000,1024,120,1c18d0fb12
campaign,default,MF_700_04,9,3247,2100,2100,1.910,120.625,103.576,658000,1024,120,1c18d0fb12
campaign,default,MF_700_04,10,3247,2100,2100,1.170,120.513,103.111,656000,1024,120,1c18d0fb12
campaign,default,MF_700_05,1,3246,2098,2100,1.590,120.421,91.686,584000,1024,120,1c18d0fb12
campaign,default,MF_700_05,2,3246,2098,2100,1.190,120.436,101.930,652000,1024,120,1c18d0fb12
campaign,default,MF_700_05,3,3246,2098,2100,0.760,120.353,90.303,578000,1024,120,1c18d0fb12
campaign,default,MF_700_05,4,3246,2098,2100,1.180,120.383,102.569,662000,1024,120,1c18d0fb12
campaign,default,MF_700_05,5,3246,2098,2100,1.550,120.343,91.934,600000,1024,120,1c18d0fb12
campaign,default,MF_700_05,6,3246,2098,2100,1.520,120.593,91.789,590000,1024,120,1c18d0fb12
campaign,default,MF_700_05,7,3246,2098,2100,1.540,120.615,104.178,662000,1024,120,1c18d0fb12
campaign,default,MF_700_05,8,3246,2098,2100,1.530,120.446,103.430,678000,1024,120,1c18d0fb12
campaign,default,MF_700_05,9,3246,2098,2100,1.170,120.355,103.585,666000,1024,120,1c18d0fb12
campaign,default,MF_700_05,10,3246,2098,2100,1.180,120.433,103.599,666000,1024,120,1c18d0fb12
campaign,default,MF_700_06,1,3133,2100,2100,0.750,120.400,91.427,580000,1024,120,1c18d0fb12
campaign,default,MF_700_06,2,3133,2100,2100,0.810,120.599,102.229,652000,1024,120,1c18d0fb12
campaign,default,MF_700_06,3,3133,2100,2100,1.200,120.353,90.622,574000,1024,120,1c18d0fb12
campaign,default,MF_700_06,4,3133,2100,2100,1.180,120.331,102.121,670000,1024,120,1c18d0fb12
campaign,default,MF_700_06,5,3133,2100,2100,0.780,120.446,91.688,608000,1024,120,1c18d0fb12
campaign,default,MF_700_06,6,3133,2100,2100,0.720,120.603,95.423,618000,1024,120,1c18d0fb12
campaign,default,MF_700_06,7,3133,2100,2100,0.740,120.474,103.348,668000,1024,120,1c18d0fb12
campaign,default,MF_700_06,8,3133,2100,2100,0.720,120.358,103.428,676000,1024,120,1c18d0fb12
campaign,default,MF_700_06,9,3133,2100,2100,0.730,120.580,103.620,664000,1024,120,1c18d0fb12
campaign,default,MF_700_06,10,3133,2100,2100,1.190,120.533,103.620,664000,1024,120,1c18d0fb12
campaign,default,MF_700_07,1,3052,2099,2100,1.600,120.357,91.567,566000,1024,120,1c18d0fb12
campaign,default,MF_700_07,2,3052,2100,2100,1.590,120.616,101.888,628000,1024,120,1c18d0fb12
campaign,default,MF_700_07,3,3052,2095,2100,1.570,120.350,90.664,556000,1024,120,1c18d0fb12
campaign,default,MF_700_07,4,3052,2099,2100,1.210,120.507,101.905,636000,1024,120,1c18d0fb12
campaign,default,MF_700_07,5,3052,2095,2100,1.540,120.334,91.771,580000,1024,120,1c18d0fb12
campaign,default,MF_700_07,6,3052,2094,2100,2.360,120.641,91.856,564000,1024,120,1c18d0fb12
campaign,default,MF_700_07,7,3052,2100,2100,1.560,120.424,103.297,636000,1024,120,1c18d0fb12
campaign,default,MF_700_07,8,3052,2099,2100,1.500,120.450,103.859,658000,1024,120,1c18d0fb12
campaign,default,MF_700_07,9,3052,2094,2100,1.560,120.339,103.927,644000,1024,120,1c18d0fb12
campaign,default,MF_700_07,10,3052,2099,2100,1.180,120.426,102.425,636000,1024,120,1c18d0fb12
campaign,default,MF_700_08,1,3176,2099,2100,1.610,120.548,91.678,578000,1024,120,1c18d0fb12
campaign,default,MF_700_08,2,3176,2099,2100,1.570,120.363,102.065,646000,1024,120,1c18d0fb12
campaign,default,MF_700_08,3,3176,2100,2100,1.220,120.356,90.063,566000,1024,120,1c18d0fb12
campaign,default,MF_700_08,4,3176,2100,2100,1.550,120.629,102.377,656000,1024,120,1c18d0fb12
campaign,default,MF_700_08,5,3176,2099,2100,1.220,120.367,91.500,594000,1024,120,1c18d0fb12
campaign,default,MF_700_08,6,3176,2100,2100,1.250,120.580,91.440,582000,1024,120,1c18d0fb12
campaign,default,MF_700_08,7,3176,2100,2100,1.200,120.583,103.543,654000,1024,120,1c18d0fb12
campaign,default,MF_700_08,8,3176,2100,2100,1.160,120.381,103.041,668000,1024,120,1c18d0fb12
campaign,default,MF_700_08,9,3176,2099,2100,1.180,120.372,103.303,658000,1024,120,1c18d0fb12
campaign,default,MF_700_08,10,3176,2100,2100,1.190,120.341,103.085,656000,1024,120,1c18d0fb12
campaign,default,MF_700_09,1,3216,2096,2100,1.220,120.497,91.052,574000,1024,120,1c18d0fb12
campaign,default,MF_700_09,2,3216,2096,2100,1.220,120.609,102.305,640000,1024,120,1c18d0fb12
campaign,default,MF_700_09,3,3216,2096,2100,1.230,120.465,90.205,568000,1024,120,1c18d0fb12
campaign,default,MF_700_09,4,3216,2096,2100,1.190,120.327,101.703,652000,1024,120,1c18d0fb12
campaign,default,MF_700_09,5,3216,2096,2100,1.260,120.402,90.815,588000,1024,120,1c18d0fb12
campaign,default,MF_700_09,6,3216,2096,2100,1.180,120.329,91.096,582000,1024,120,1c18d0fb12
campaign,default,MF_700_09,7,3216,2096,2100,1.190,120.636,103.667,654000,1024,120,1c18d0fb12
campaign,default,MF_700_09,8,3216,2096,2100,1.170,120.388,102.957,664000,1024,120,1c18d0fb12
campaign,default,MF_700_09,9,3216,2096,2100,1.200,120.465,102.531,648000,1024,120,1c18d0fb12
campaign,default,MF_700_09,10,3216,2096,2100,0.760,120.645,102.993,650000,1024,120,1c18d0fb12
campaign,default,MF_700_10,1,3216,2099,2100,1.210,120.410,91.735,578000,1024,120,1c18d0fb12
campaign,default,MF_700_10,2,3216,2099,2100,1.260,120.510,102.225,646000,1024,120,1c18d0fb12
campaign,default,MF_700_10,3,3216,2099,2100,1.200,120.516,89.772,560000,1024,120,1c18d0fb12
campaign,default,MF_700_10,4,3216,2099,2100,1.170,120.333,102.758,666000,1024,120,1c18d0fb12
campaign,default,MF_700_10,5,3216,2099,2100,1.150,120.563,91.660,602000,1024,120,1c18d0fb12
campaign,default,MF_700_10,6,3216,2099,2100,1.160,120.544,90.985,574000,1024,120,1c18d0fb12
campaign,default,MF_700_10,7,3216,2099,2100,1.190,120.357,103.744,664000,1024,120,1c18d0fb12
campaign,default,MF_700_10,8,3216,2099,2100,1.160,120.477,103.131,670000,1024,120,1c18d0fb12
campaign,default,MF_700_10,9,3216,2099,2100,1.180,120.353,103.374,658000,1024,120,1c18d0fb12
campaign,default,MF_700_10,10,3216,2099,2100,1.210,120.475,102.634,654000,1024,120,1c18d0fb12
campaign,default,MF_800_01,1,3705,2400,2400,1.910,120.466,94.759,466000,1024,120,fd1de7da4c
campaign,default,MF_800_01,2,3705,2400,2400,1.870,120.457,105.945,546000,1024,120,fd1de7da4c
campaign,default,MF_800_01,3,3705,2400,2400,1.890,120.677,104.055,536000,1024,120,fd1de7da4c
campaign,default,MF_800_01,4,3705,2400,2400,1.950,120.444,93.289,486000,1024,120,fd1de7da4c
campaign,default,MF_800_01,5,3705,2400,2400,1.940,120.493,93.450,490000,1024,120,fd1de7da4c
campaign,default,MF_800_01,6,3705,2400,2400,1.440,120.440,94.111,482000,1024,120,1c18d0fb12
campaign,default,MF_800_01,7,3705,2400,2400,1.820,120.346,105.795,548000,1024,120,1c18d0fb12
campaign,default,MF_800_01,8,3705,2400,2400,1.790,120.342,104.760,552000,1024,120,1c18d0fb12
campaign,default,MF_800_01,9,3705,2400,2400,2.280,120.378,104.968,542000,1024,120,1c18d0fb12
campaign,default,MF_800_01,10,3705,2400,2400,1.830,120.420,105.034,542000,1024,120,1c18d0fb12
campaign,default,MF_800_02,1,3727,2399,2400,1.870,120.775,96.086,470000,1024,120,fd1de7da4c
campaign,default,MF_800_02,2,3727,2399,2400,1.830,120.573,104.295,538000,1024,120,fd1de7da4c
campaign,default,MF_800_02,3,3727,2399,2400,1.840,120.675,105.743,542000,1024,120,fd1de7da4c
campaign,default,MF_800_02,4,3727,2399,2400,1.960,120.488,93.407,484000,1024,120,fd1de7da4c
campaign,default,MF_800_02,5,3727,2399,2400,1.880,120.471,93.665,486000,1024,120,fd1de7da4c
campaign,default,MF_800_02,6,3727,2400,2400,2.370,120.697,94.142,466000,1024,120,1c18d0fb12
campaign,default,MF_800_02,7,3727,2399,2400,1.830,120.629,105.471,538000,1024,120,1c18d0fb12
campaign,default,MF_800_02,8,3727,2400,2400,1.770,120.593,105.726,554000,1024,120,1c18d0fb12
campaign,default,MF_800_02,9,3727,2399,2400,2.220,120.482,104.936,540000,1024,120,1c18d0fb12
campaign,default,MF_800_02,10,3727,2400,2400,1.810,120.677,104.976,542000,1024,120,1c18d0fb12
campaign,default,MF_800_03,1,3672,2400,2400,1.480,120.672,93.395,462000,1024,120,fd1de7da4c
campaign,default,MF_800_03,2,3672,2400,2400,1.440,120.718,105.497,546000,1024,120,fd1de7da4c
campaign,default,MF_800_03,3,3672,2398,2400,1.430,120.434,104.928,544000,1024,120,fd1de7da4c
campaign,default,MF_800_03,4,3672,2400,2400,1.910,120.521,94.277,498000,1024,120,fd1de7da4c
campaign,default,MF_800_03,5,3672,2398,2400,1.430,120.717,94.073,496000,1024,120,fd1de7da4c
campaign,default,MF_800_03,6,3672,2400,2400,1.470,120.656,94.903,462000,1024,120,1c18d0fb12
campaign,default,MF_800_03,7,3672,2400,2400,1.400,120.363,105.953,546000,1024,120,1c18d0fb12
campaign,default,MF_800_03,8,3672,2400,2400,1.370,120.611,105.776,560000,1024,120,1c18d0fb12
campaign,default,MF_800_03,9,3672,2400,2400,1.410,120.722,106.032,550000,1024,120,1c18d0fb12
campaign,default,MF_800_03,10,3672,2398,2400,1.390,120.481,105.058,546000,1024,120,1c18d0fb12
campaign,default,MF_800_04,1,3531,2399,2400,2.700,120.763,99.604,500000,1024,120,fd1de7da4c
campaign,default,MF_800_04,2,3531,2399,2400,2.260,120.418,105.019,542000,1024,120,fd1de7da4c
campaign,default,MF_800_04,3,3531,2399,2400,2.750,120.384,103.848,536000,1024,120,fd1de7da4c
campaign,default,MF_800_04,4,3531,2399,2400,1.860,120.487,93.255,488000,1024,120,fd1de7da4c
campaign,default,MF_800_04,5,3531,2399,2400,4.330,120.435,92.915,486000,1024,120,fd1de7da4c
campaign,default,MF_800_04,6,3531,2399,2400,2.990,120.721,93.836,462000,1024,120,1c18d0fb12
campaign,default,MF_800_04,7,3531,2399,2400,1.830,120.371,105.331,548000,1024,120,1c18d0fb12
campaign,default,MF_800_04,8,3531,2399,2400,2.210,120.343,103.878,548000,1024,120,1c18d0fb12
campaign,default,MF_800_04,9,3531,2399,2400,3.100,120.597,104.935,544000,1024,120,1c18d0fb12
campaign,default,MF_800_04,10,3531,2399,2400,2.390,121.130,104.713,540000,1024,120,1c18d0fb12
campaign,default,MF_800_05,1,3753,2399,2400,1.510,120.512,101.362,506000,1024,120,fd1de7da4c
campaign,default,MF_800_05,2,3753,2400,2400,1.420,120.463,104.791,536000,1024,120,fd1de7da4c
campaign,default,MF_800_05,3,3753,2398,2400,1.430,120.620,106.491,544000,1024,120,fd1de7da4c
campaign,default,MF_800_05,4,3753,2397,2400,1.410,120.624,95.068,494000,1024,120,fd1de7da4c
campaign,default,MF_800_05,5,3753,2399,2400,1.440,120.473,95.040,494000,1024,120,fd1de7da4c
campaign,default,MF_800_05,6,3753,2397,2400,1.490,120.471,95.633,468000,1024,120,1c18d0fb12
campaign,default,MF_800_05,7,3753,2399,2400,1.410,120.350,106.180,538000,1024,120,1c18d0fb12
campaign,default,MF_800_05,8,3753,2399,2400,1.380,120.696,106.551,556000,1024,120,1c18d0fb12
campaign,default,MF_800_05,9,3753,2397,2400,1.390,120.458,105.322,538000,1024,120,1c18d0fb12
campaign,default,MF_800_05,10,3753,2400,2400,1.400,120.355,105.548,540000,1024,120,1c18d0fb12
campaign,default,MF_800_06,1,3775,2398,2400,1.870,120.811,97.733,510000,1024,120,fd1de7da4c
campaign,default,MF_800_06,2,3775,2396,2400,2.360,120.442,104.065,556000,1024,120,fd1de7da4c
campaign,default,MF_800_06,3,3775,2400,2400,2.230,120.565,103.778,554000,1024,120,fd1de7da4c
campaign,default,MF_800_06,4,3775,2398,2400,2.340,120.475,92.122,498000,1024,120,fd1de7da4c
campaign,default,MF_800_06,5,3775,2400,2400,2.100,120.658,91.838,498000,1024,120,fd1de7da4c
campaign,default,MF_800_06,6,3775,2396,2400,1.910,120.545,93.040,476000,1024,120,1c18d0fb12
campaign,default,MF_800_06,7,3775,2398,2400,1.800,120.345,103.444,568000,1024,120,1c18d0fb12
campaign,default,MF_800_06,8,3775,2396,2400,1.750,120.365,103.937,568000,1024,120,1c18d0fb12
campaign,default,MF_800_06,9,3775,2396,2400,1.800,120.505,104.455,560000,1024,120,1c18d0fb12
campaign,default,MF_800_06,10,3775,2400,2400,1.810,120.410,102.898,554000,1024,120,1c18d0fb12
campaign,default,MF_800_07,1,3690,2400,2400,2.090,120.621,98.755,496000,1024,120,fd1de7da4c
campaign,default,MF_800_07,2,3690,2400,2400,1.840,120.794,106.088,544000,1024,120,fd1de7da4c
campaign,default,MF_800_07,3,3690,2400,2400,1.860,120.590,104.217,536000,1024,120,fd1de7da4c
campaign,default,MF_800_07,4,3690,2400,2400,1.870,120.451,93.490,488000,1024,120,fd1de7da4c
campaign,default,MF_800_07,5,3690,2400,2400,1.400,120.429,92.820,484000,1024,120,fd1de7da4c
campaign,default,MF_800_07,6,3690,2400,2400,1.970,120.506,93.922,464000,1024,120,1c18d0fb12
campaign,default,MF_800_07,7,3690,2400,2400,1.780,120.697,105.713,554000,1024,120,1c18d0fb12
campaign,default,MF_800_07,8,3690,2400,2400,2.230,120.662,104.755,550000,1024,120,1c18d0fb12
campaign,default,MF_800_07,9,3690,2400,2400,2.260,120.432,104.557,538000,1024,120,1c18d0fb12
campaign,default,MF_800_07,10,3690,2400,2400,1.830,120.668,104.470,538000,1024,120,1c18d0fb12
campaign,default,MF_800_08,1,3612,2397,2400,1.930,120.607,98.300,502000,1024,120,fd1de7da4c
campaign,default,MF_800_08,2,3612,2396,2400,1.790,120.613,103.535,544000,1024,120,fd1de7da4c
campaign,default,MF_800_08,3,3612,2396,2400,1.390,120.574,105.149,554000,1024,120,fd1de7da4c
campaign,default,MF_800_08,4,3612,2396,2400,2.290,120.562,92.832,500000,1024,120,fd1de7da4c
campaign,default,MF_800_08,5,3612,2396,2400,1.840,120.501,92.179,496000,1024,120,fd1de7da4c
campaign,default,MF_800_08,6,3612,2396,2400,1.900,120.439,93.853,474000,1024,120,1c18d0fb12
campaign,default,MF_800_08,7,3612,2396,2400,1.790,120.329,104.641,558000,1024,120,1c18d0fb12
campaign,default,MF_800_08,8,3612,2396,2400,1.760,120.432,105.153,566000,1024,120,1c18d0fb12
campaign,default,MF_800_08,9,3612,2396,2400,1.770,120.514,103.633,546000,1024,120,1c18d0fb12
campaign,default,MF_800_08,10,3612,2396,2400,1.770,120.508,103.975,548000,1024,120,1c18d0fb12
campaign,default,MF_800_09,1,3604,2397,2400,1.500,120.780,103.532,534000,1024,120,fd1de7da4c
campaign,default,MF_800_09,2,3604,2399,2400,1.420,120.633,105.526,546000,1024,120,fd1de7da4c
campaign,default,MF_800_09,3,3604,2396,2400,1.840,120.686,105.097,542000,1024,120,fd1de7da4c
campaign,default,MF_800_09,4,3604,2399,2400,1.380,120.747,94.726,496000,1024,120,fd1de7da4c
campaign,default,MF_800_09,5,3604,2397,2400,1.540,120.500,93.846,490000,1024,120,fd1de7da4c
campaign,default,MF_800_09,6,3604,2399,2400,1.790,120.337,94.659,498000,1024,120,1c18d0fb12
campaign,default,MF_800_09,7,3604,2397,2400,1.780,120.694,105.695,556000,1024,120,1c18d0fb12
campaign,default,MF_800_09,8,3604,2396,2400,1.780,120.647,105.973,558000,1024,120,1c18d0fb12
campaign,default,MF_800_09,9,3604,2399,2400,1.390,120.550,105.349,546000,1024,120,1c18d0fb12
campaign,default,MF_800_09,10,3604,2400,2400,1.830,120.462,105.355,544000,1024,120,1c18d0fb12
campaign,default,MF_800_10,1,3650,2397,2400,1.930,120.491,102.206,546000,1024,120,fd1de7da4c
campaign,default,MF_800_10,2,3650,2397,2400,1.840,120.673,105.462,558000,1024,120,fd1de7da4c
campaign,default,MF_800_10,3,3650,2397,2400,2.320,120.514,104.470,554000,1024,120,fd1de7da4c
campaign,default,MF_800_10,4,3650,2397,2400,1.400,120.460,92.434,500000,1024,120,fd1de7da4c
campaign,default,MF_800_10,5,3650,2397,2400,1.890,120.529,92.596,498000,1024,120,fd1de7da4c
campaign,default,MF_800_10,6,3650,2400,2400,1.350,120.357,93.459,504000,1024,120,1c18d0fb12
campaign,default,MF_800_10,7,3650,2400,2400,1.800,120.567,105.033,568000,1024,120,1c18d0fb12
campaign,default,MF_800_10,8,3650,2397,2400,1.820,120.409,103.768,560000,1024,120,1c18d0fb12
campaign,default,MF_800_10,9,3650,2397,2400,1.820,120.443,104.094,552000,1024,120,1c18d0fb12
campaign,default,MF_800_10,10,3650,2400,2400,1.850,120.549,104.529,554000,1024,120,1c18d0fb12
campaign,default,MF_1000_01,1,4469,2998,3000,2.100,120.674,102.588,498000,1024,120,fd1de7da4c
campaign,default,MF_1000_01,2,4469,2999,3000,1.500,120.528,102.831,516000,1024,120,fd1de7da4c
campaign,default,MF_1000_01,3,4469,2998,3000,1.930,120.486,105.682,530000,1024,120,fd1de7da4c
campaign,default,MF_1000_01,4,4469,3000,3000,2.080,120.761,92.943,468000,1024,120,fd1de7da4c
campaign,default,MF_1000_01,5,4469,2998,3000,1.500,120.464,92.631,466000,1024,120,fd1de7da4c
campaign,default,MF_1000_01,6,4469,2999,3000,2.420,120.572,93.104,478000,1024,120,1c18d0fb12
campaign,default,MF_1000_01,7,4469,2998,3000,1.430,120.491,103.816,534000,1024,120,1c18d0fb12
campaign,default,MF_1000_01,8,4469,2998,3000,1.870,120.517,105.041,540000,1024,120,1c18d0fb12
campaign,default,MF_1000_01,9,4469,3000,3000,1.470,120.375,103.610,522000,1024,120,1c18d0fb12
campaign,default,MF_1000_01,10,4469,3000,3000,2.400,120.564,103.945,524000,1024,120,1c18d0fb12
campaign,default,MF_1000_02,1,4474,2999,3000,1.140,120.498,102.350,486000,1024,120,fd1de7da4c
campaign,default,MF_1000_02,2,4474,3000,3000,1.570,120.552,104.712,506000,1024,120,fd1de7da4c
campaign,default,MF_1000_02,3,4474,2998,3000,1.520,120.572,103.536,500000,1024,120,fd1de7da4c
campaign,default,MF_1000_02,4,4474,3000,3000,1.590,120.577,93.064,448000,1024,120,fd1de7da4c
campaign,default,MF_1000_02,5,4474,2999,3000,1.790,120.464,92.608,446000,1024,120,fd1de7da4c
campaign,default,MF_1000_02,6,4474,2998,3000,1.980,120.420,96.334,474000,1024,120,1c18d0fb12
campaign,default,MF_1000_02,7,4474,3000,3000,2.110,120.428,102.675,510000,1024,120,1c18d0fb12
campaign,default,MF_1000_02,8,4474,3000,3000,1.460,120.720,104.247,518000,1024,120,1c18d0fb12
campaign,default,MF_1000_02,9,4474,3000,3000,1.510,120.396,103.878,506000,1024,120,1c18d0fb12
campaign,default,MF_1000_02,10,4474,3000,3000,1.510,120.743,103.999,506000,1024,120,1c18d0fb12
campaign,default,MF_1000_03,1,4643,2999,3000,3.560,120.801,102.555,494000,1024,120,fd1de7da4c
campaign,default,MF_1000_03,2,4643,2999,3000,1.990,120.442,104.872,510000,1024,120,fd1de7da4c
campaign,default,MF_1000_03,3,4643,2998,3000,2.550,120.617,103.812,506000,1024,120,fd1de7da4c
campaign,default,MF_1000_03,4,4643,2998,3000,12.610,120.442,92.451,452000,1024,120,fd1de7da4c
campaign,default,MF_1000_03,5,4643,2998,3000,3.690,120.429,91.890,448000,1024,120,fd1de7da4c
campaign,default,MF_1000_03,6,4643,2998,3000,1.920,120.625,95.367,450000,1024,120,1c18d0fb12
campaign,default,MF_1000_03,7,4643,2998,3000,3.290,120.345,104.617,514000,1024,120,1c18d0fb12
campaign,default,MF_1000_03,8,4643,2998,3000,4.670,120.600,103.839,518000,1024,120,1c18d0fb12
campaign,default,MF_1000_03,9,4643,2998,3000,3.840,120.538,103.817,508000,1024,120,1c18d0fb12
campaign,default,MF_1000_03,10,4643,2998,3000,3.830,120.451,103.372,506000,1024,120,1c18d0fb12
campaign,default,MF_1000_04,1,4599,3000,3000,3.090,120.618,102.672,504000,1024,120,fd1de7da4c
campaign,default,MF_1000_04,2,4599,3000,3000,1.650,121.067,102.301,506000,1024,120,fd1de7da4c
campaign,default,MF_1000_04,3,4599,3000,3000,1.510,120.493,105.366,522000,1024,120,fd1de7da4c
campaign,default,MF_1000_04,4,4599,3000,3000,3.660,120.672,93.523,460000,1024,120,fd1de7da4c
campaign,default,MF_1000_04,5,4599,3000,3000,2.090,120.731,92.490,456000,1024,120,fd1de7da4c
campaign,default,MF_1000_04,6,4599,2999,3000,2.200,120.626,93.484,456000,1024,120,1c18d0fb12
campaign,default,MF_1000_04,7,4599,3000,3000,2.400,120.704,104.797,518000,1024,120,1c18d0fb12
campaign,default,MF_1000_04,8,4599,3000,3000,2.800,120.558,104.985,534000,1024,120,1c18d0fb12
campaign,default,MF_1000_04,9,4599,3000,3000,2.410,120.364,103.291,516000,1024,120,1c18d0fb12
campaign,default,MF_1000_04,10,4599,2999,3000,2.420,120.679,103.635,518000,1024,120,1c18d0fb12
campaign,default,MF_1000_05,1,4531,2998,3000,2.100,120.713,101.845,496000,1024,120,fd1de7da4c
campaign,default,MF_1000_05,2,4531,2995,3000,2.020,120.748,104.739,512000,1024,120,fd1de7da4c
campaign,default,MF_1000_05,3,4531,2998,3000,2.020,120.667,103.301,504000,1024,120,fd1de7da4c
campaign,default,MF_1000_05,4,4531,2997,3000,2.650,120.439,92.329,452000,1024,120,fd1de7da4c
campaign,default,MF_1000_05,5,4531,3000,3000,2.230,120.416,92.078,450000,1024,120,fd1de7da4c
campaign,default,MF_1000_05,6,4531,2995,3000,2.010,120.712,93.239,448000,1024,120,1c18d0fb12
campaign,default,MF_1000_05,7,4531,2994,3000,1.990,120.496,104.235,516000,1024,120,1c18d0fb12
campaign,default,MF_1000_05,8,4531,2995,3000,1.930,120.392,104.208,522000,1024,120,1c18d0fb12
campaign,default,MF_1000_05,9,4531,2998,3000,1.990,120.597,103.421,508000,1024,120,1c18d0fb12
campaign,default,MF_1000_05,10,4531,2992,3000,2.020,120.394,103.083,506000,1024,120,1c18d0fb12
campaign,default,MF_1000_06,1,4599,2999,3000,2.030,120.638,103.382,502000,1024,120,fd1de7da4c
campaign,default,MF_1000_06,2,4599,2999,3000,2.030,120.479,105.758,504000,1024,120,fd1de7da4c
campaign,default,MF_1000_06,3,4599,2999,3000,2.540,120.499,105.528,504000,1024,120,fd1de7da4c
campaign,default,MF_1000_06,4,4599,2999,3000,2.110,120.736,94.246,460000,1024,120,fd1de7da4c
campaign,default,MF_1000_06,5,4599,2999,3000,2.110,120.418,93.185,454000,1024,120,fd1de7da4c
campaign,default,MF_1000_06,6,4599,3000,3000,2.120,120.545,101.555,478000,1024,120,1c18d0fb12
campaign,default,MF_1000_06,7,4599,3000,3000,1.970,120.364,105.047,514000,1024,120,1c18d0fb12
campaign,default,MF_1000_06,8,4599,3000,3000,2.950,120.460,104.403,512000,1024,120,1c18d0fb12
campaign,default,MF_1000_06,9,4599,2999,3000,2.980,120.551,104.468,500000,1024,120,1c18d0fb12
campaign,default,MF_1000_06,10,4599,2999,3000,2.020,120.647,105.363,506000,1024,120,1c18d0fb12
campaign,default,MF_1000_07,1,4622,3000,3000,2.670,120.634,102.273,492000,1024,120,fd1de7da4c
campaign,default,MF_1000_07,2,4622,2994,3000,1.540,120.622,102.098,496000,1024,120,fd1de7da4c
campaign,default,MF_1000_07,3,4622,2994,3000,2.000,120.565,105.023,510000,1024,120,fd1de7da4c
campaign,default,MF_1000_07,4,4622,3000,3000,2.680,120.753,92.778,450000,1024,120,fd1de7da4c
campaign,default,MF_1000_07,5,4622,3000,3000,3.710,120.416,92.289,446000,1024,120,fd1de7da4c
campaign,default,MF_1000_07,6,4622,3000,3000,1.480,120.740,92.532,446000,1024,120,1c18d0fb12
campaign,default,MF_1000_07,7,4622,2994,3000,2.390,120.379,101.785,506000,1024,120,1c18d0fb12
campaign,default,MF_1000_07,8,4622,2994,3000,1.470,120.538,103.885,518000,1024,120,1c18d0fb12
campaign,default,MF_1000_07,9,4622,2994,3000,2.480,120.475,103.118,502000,1024,120,1c18d0fb12
campaign,default,MF_1000_07,10,4622,3000,3000,1.950,120.681,103.467,504000,1024,120,1c18d0fb12
campaign,default,MF_1000_08,1,4572,2997,3000,2.120,120.803,102.159,498000,1024,120,fd1de7da4c
campaign,default,MF_1000_08,2,4572,2997,3000,2.000,120.640,104.933,516000,1024,120,fd1de7da4c
campaign,default,MF_1000_08,3,4572,2997,3000,1.990,120.402,102.905,506000,1024,120,fd1de7da4c
campaign,default,MF_1000_08,4,4572,2997,3000,2.130,120.470,92.538,454000,1024,120,fd1de7da4c
campaign,default,MF_1000_08,5,4572,2999,3000,2.070,120.417,92.252,452000,1024,120,fd1de7da4c
campaign,default,MF_1000_08,6,4572,2997,3000,1.510,120.356,92.708,446000,1024,120,1c18d0fb12
campaign,default,MF_1000_08,7,4572,2998,3000,1.930,120.434,103.610,522000,1024,120,1c18d0fb12
campaign,default,MF_1000_08,8,4572,2997,3000,1.930,120.390,103.715,522000,1024,120,1c18d0fb12
campaign,default,MF_1000_08,9,4572,2997,3000,2.440,120.374,103.818,512000,1024,120,1c18d0fb12
campaign,default,MF_1000_08,10,4572,2999,3000,2.020,120.392,102.645,506000,1024,120,1c18d0fb12
campaign,default,MF_1000_09,1,4649,3000,3000,2.140,120.756,103.896,498000,1024,120,fd1de7da4c
campaign,default,MF_1000_09,2,4649,3000,3000,2.460,120.699,105.934,510000,1024,120,fd1de7da4c
campaign,default,MF_1000_09,3,4649,3000,3000,2.500,120.615,105.495,508000,1024,120,fd1de7da4c
campaign,default,MF_1000_09,4,4649,3000,3000,1.580,120.465,93.940,452000,1024,120,fd1de7da4c
campaign,default,MF_1000_09,5,4649,3000,3000,2.150,120.733,93.869,452000,1024,120,fd1de7da4c
campaign,default,MF_1000_09,6,4649,3000,3000,1.530,120.631,94.346,448000,1024,120,1c18d0fb12
campaign,default,MF_1000_09,7,4649,3000,3000,1.960,120.352,104.201,514000,1024,120,1c18d0fb12
campaign,default,MF_1000_09,8,4649,3000,3000,1.480,120.478,105.072,518000,1024,120,1c18d0fb12
campaign,default,MF_1000_09,9,4649,3000,3000,1.970,120.664,104.642,506000,1024,120,1c18d0fb12
campaign,default,MF_1000_09,10,4649,3000,3000,2.010,120.626,104.984,508000,1024,120,1c18d0fb12
campaign,default,MF_1000_10,1,4674,3000,3000,5.380,120.464,102.576,506000,1024,120,fd1de7da4c
campaign,default,MF_1000_10,2,4674,3000,3000,1.990,120.717,102.625,506000,1024,120,fd1de7da4c
campaign,default,MF_1000_10,3,4674,3000,3000,1.980,120.645,105.412,520000,1024,120,fd1de7da4c
campaign,default,MF_1000_10,4,4674,3000,3000,2.090,120.413,92.386,458000,1024,120,fd1de7da4c
campaign,default,MF_1000_10,5,4674,3000,3000,2.590,120.663,91.880,456000,1024,120,fd1de7da4c
campaign,default,MF_1000_10,6,4674,3000,3000,2.020,120.363,92.471,446000,1024,120,1c18d0fb12
campaign,default,MF_1000_10,7,4674,3000,3000,1.910,120.410,102.738,520000,1024,120,1c18d0fb12
campaign,default,MF_1000_10,8,4674,3000,3000,2.370,120.672,105.120,532000,1024,120,1c18d0fb12
campaign,default,MF_1000_10,9,4674,3000,3000,2.440,120.459,103.420,512000,1024,120,1c18d0fb12
campaign,default,MF_1000_10,10,4674,3000,3000,1.490,120.334,102.340,508000,1024,120,1c18d0fb12
