experiment,variant,instance,seed,time_s,value
campaign,default,O_500_01,1,0.410,2464
campaign,default,O_500_01,1,0.860,2624
campaign,default,O_500_01,1,1.220,2626
campaign,default,O_500_01,2,0.330,2468
campaign,default,O_500_01,2,0.620,2626
campaign,default,O_500_01,3,0.310,2463
campaign,default,O_500_01,3,0.600,2626
campaign,default,O_500_01,4,0.320,2474
campaign,default,O_500_01,4,0.610,2626
campaign,default,O_500_01,5,0.290,2464
campaign,default,O_500_01,5,0.580,2626
campaign,default,O_500_01,6,0.300,2470
campaign,default,O_500_01,6,0.580,2626
campaign,default,O_500_02,1,0.320,2521
campaign,default,O_500_02,1,0.610,2660
campaign,default,O_500_02,2,0.310,2519
campaign,default,O_500_02,2,0.600,2660
campaign,default,O_500_02,3,0.320,2523
campaign,default,O_500_02,3,0.610,2660
campaign,default,O_500_02,4,0.310,2527
campaign,default,O_500_02,4,0.620,2660
campaign,default,O_500_02,5,0.300,2532
campaign,default,O_500_02,5,0.590,2660
campaign,default,O_500_02,6,0.290,2520
campaign,default,O_500_02,6,0.580,2660
campaign,default,O_500_03,1,0.320,2397
campaign,default,O_500_03,1,0.610,2512
campaign,default,O_500_03,1,0.950,2516
campaign,default,O_500_03,2,0.320,2411
campaign,default,O_500_03,2,0.620,2507
campaign,default,O_500_03,2,0.950,2516
campaign,default,O_500_03,3,0.360,2411
campaign,default,O_500_03,3,0.650,2513
campaign,default,O_500_03,3,1.000,2515
campaign,default,O_500_03,3,1.250,2516
campaign,default,O_500_03,4,0.310,2397
campaign,default,O_500_03,4,0.600,2512
campaign,default,O_500_03,4,0.940,2516
campaign,default,O_500_03,5,0.300,2398
campaign,default,O_500_03,5,0.600,2509
campaign,default,O_500_03,5,0.950,2515
campaign,default,O_500_03,5,1.210,2516
campaign,default,O_500_03,6,0.280,2396
campaign,default,O_500_03,6,0.570,2508
campaign,default,O_500_03,6,0.900,2516
campaign,default,O_500_04,1,0.300,2407
campaign,default,O_500_04,1,0.590,2556
campaign,default,O_500_04,2,0.330,2407
campaign,default,O_500_04,2,0.630,2553
campaign,default,O_500_04,2,0.970,2556
campaign,default,O_500_04,3,0.320,2394
campaign,default,O_500_04,3,0.620,2556
campaign,default,O_500_04,4,0.310,2409
campaign,default,O_500_04,4,0.610,2556
campaign,default,O_500_04,5,0.290,2389
campaign,default,O_500_04,5,0.590,2556
campaign,default,O_500_04,6,0.300,2404
campaign,default,O_500_04,6,0.590,2556
campaign,default,O_500_05,1,0.310,2538
campaign,default,O_500_05,1,0.600,2625
campaign,default,O_500_05,2,0.320,2539
campaign,default,O_500_05,2,0.610,2625
campaign,default,O_500_05,3,0.340,2538
campaign,default,O_500_05,3,0.640,2625
campaign,default,O_500_05,4,0.300,2538
campaign,default,O_500_05,4,0.590,2625
campaign,default,O_500_05,5,0.300,2542
campaign,default,O_500_05,5,0.590,2625
campaign,default,O_500_05,6,0.310,2534
campaign,default,O_500_05,6,0.600,2625
campaign,default,O_500_06,1,0.300,2498
campaign,default,O_500_06,1,0.600,2615
campaign,default,O_500_06,2,0.310,2492
campaign,default,O_500_06,2,0.600,2615
campaign,default,O_500_06,3,0.330,2501
campaign,default,O_500_06,3,0.620,2615
campaign,default,O_500_06,4,0.300,2499
campaign,default,O_500_06,4,0.600,2615
campaign,default,O_500_06,5,0.290,2495
campaign,default,O_500_06,5,0.580,2615
campaign,default,O_500_06,6,0.290,2490
campaign,default,O_500_06,6,0.580,2615
campaign,default,O_500_07,1,0.310,2537
campaign,default,O_500_07,1,0.600,2627
campaign,default,O_500_07,2,0.310,2537
campaign,default,O_500_07,2,0.600,2627
campaign,default,O_500_07,3,0.330,2537
campaign,default,O_500_07,3,0.620,2627
campaign,default,O_500_07,4,0.300,2539
campaign,default,O_500_07,4,0.580,2627
campaign,default,O_500_07,5,0.300,2540
campaign,default,O_500_07,5,0.590,2627
campaign,default,O_500_07,6,0.290,2539
campaign,default,O_500_07,6,0.580,2627
campaign,default,O_500_08,1,0.300,2450
campaign,default,O_500_08,1,0.590,2556
campaign,default,O_500_08,2,0.310,2438
campaign,default,O_500_08,2,0.610,2556
campaign,default,O_500_08,3,0.350,2450
campaign,default,O_500_08,3,0.650,2556
campaign,default,O_500_08,4,0.330,2440
campaign,default,O_500_08,4,0.650,2556
campaign,default,O_500_08,5,0.290,2450
campaign,default,O_500_08,5,0.570,2556
campaign,default,O_500_08,6,0.290,2448
campaign,default,O_500_08,6,0.580,2556
campaign,default,O_500_09,1,0.310,2494
campaign,default,O_500_09,1,0.610,2613
campaign,default,O_500_09,2,0.320,2505
campaign,default,O_500_09,2,0.620,2613
campaign,default,O_500_09,3,0.350,2496
campaign,default,O_500_09,3,0.660,2613
campaign,default,O_500_09,4,0.320,2495
campaign,default,O_500_09,4,0.630,2613
campaign,default,O_500_09,5,0.300,2503
campaign,default,O_500_09,5,0.600,2613
campaign,default,O_500_09,6,0.300,2507
campaign,default,O_500_09,6,0.600,2613
campaign,default,O_500_10,1,0.300,2399
campaign,default,O_500_10,1,0.590,2558
campaign,default,O_500_10,2,0.310,2413
campaign,default,O_500_10,2,0.600,2557
campaign,default,O_500_10,2,0.950,2558
campaign,default,O_500_10,3,0.340,2400
campaign,default,O_500_10,3,0.630,2557
campaign,default,O_500_10,3,0.970,2558
campaign,default,O_500_10,4,0.310,2407
campaign,default,O_500_10,4,0.600,2558
campaign,default,O_500_10,5,0.280,2398
campaign,default,O_500_10,5,0.570,2558
campaign,default,O_500_10,6,0.280,2398
campaign,default,O_500_10,6,0.570,2557
campaign,default,O_500_10,6,0.880,2558
campaign,default,O_700_01,1,0.370,3383
campaign,default,O_700_01,1,0.740,3584
campaign,default,O_700_01,1,1.140,3589
campaign,default,O_700_01,2,0.360,3378
campaign,default,O_700_01,2,0.730,3585
campaign,default,O_700_01,2,1.140,3587
campaign,default,O_700_01,2,1.450,3589
campaign,default,O_700_01,3,0.390,3377
campaign,default,O_700_01,3,0.760,3585
campaign,default,O_700_01,3,1.170,3589
campaign,default,O_700_01,4,0.410,3382
campaign,default,O_700_01,4,0.790,3585
campaign,default,O_700_01,4,1.190,3588
campaign,default,O_700_01,4,1.530,3589
campaign,default,O_700_01,5,0.340,3382
campaign,default,O_700_01,5,0.710,3580
campaign,default,O_700_01,5,1.110,3589
campaign,default,O_700_01,6,0.340,3378
campaign,default,O_700_01,6,0.710,3580
campaign,default,O_700_01,6,1.100,3588
campaign,default,O_700_01,6,1.410,3589
campaign,default,O_700_02,1,0.360,3265
campaign,default,O_700_02,1,0.730,3409
campaign,default,O_700_02,1,1.130,3424
campaign,default,O_700_02,2,0.360,3270
campaign,default,O_700_02,2,0.730,3412
campaign,default,O_700_02,2,1.140,3423
campaign,default,O_700_02,2,1.460,3424
campaign,default,O_700_02,3,0.390,3269
campaign,default,O_700_02,3,0.760,3415
campaign,default,O_700_02,3,1.180,3424
campaign,default,O_700_02,4,0.370,3266
campaign,default,O_700_02,4,0.760,3404
campaign,default,O_700_02,4,1.170,3423
campaign,default,O_700_02,4,1.490,3424
campaign,default,O_700_02,5,0.360,3271
campaign,default,O_700_02,5,0.730,3416
campaign,default,O_700_02,5,1.200,3423
campaign,default,O_700_02,5,1.580,3424
campaign,default,O_700_02,6,0.340,3264
campaign,default,O_700_02,6,0.700,3413
campaign,default,O_700_02,6,1.090,3424
campaign,default,O_700_03,1,0.370,3554
campaign,default,O_700_03,1,0.740,3679
campaign,default,O_700_03,2,0.370,3555
campaign,default,O_700_03,2,0.740,3674
campaign,default,O_700_03,2,1.150,3679
campaign,default,O_700_03,3,0.380,3555
campaign,default,O_700_03,3,0.740,3677
campaign,default,O_700_03,3,1.150,3679
campaign,default,O_700_03,4,0.390,3555
campaign,default,O_700_03,4,0.770,3677
campaign,default,O_700_03,4,1.180,3679
campaign,default,O_700_03,5,0.350,3555
campaign,default,O_700_03,5,0.710,3676
campaign,default,O_700_03,5,1.110,3679
campaign,default,O_700_03,6,0.330,3555
campaign,default,O_700_03,6,0.700,3674
campaign,default,O_700_03,6,1.090,3678
campaign,default,O_700_03,6,1.400,3679
campaign,default,O_700_04,1,0.370,3509
campaign,default,O_700_04,1,0.740,3661
campaign,default,O_700_04,1,1.170,3664
campaign,default,O_700_04,2,0.370,3506
campaign,default,O_700_04,2,0.740,3654
campaign,default,O_700_04,2,1.160,3664
campaign,default,O_700_04,3,0.390,3508
campaign,default,O_700_04,3,0.750,3660
campaign,default,O_700_04,3,1.170,3664
campaign,default,O_700_04,4,0.370,3497
campaign,default,O_700_04,4,0.740,3656
campaign,default,O_700_04,4,1.150,3664
campaign,default,O_700_04,5,0.430,3497
campaign,default,O_700_04,5,0.790,3650
campaign,default,O_700_04,5,1.190,3664
campaign,default,O_700_04,6,0.350,3506
campaign,default,O_700_04,6,0.710,3664
campaign,default,O_700_05,1,0.360,3493
campaign,default,O_700_05,1,0.730,3640
campaign,default,O_700_05,1,1.150,3647
campaign,default,O_700_05,2,0.370,3495
campaign,default,O_700_05,2,0.740,3646
campaign,default,O_700_05,2,1.150,3647
campaign,default,O_700_05,3,0.390,3498
campaign,default,O_700_05,3,0.760,3641
campaign,default,O_700_05,3,1.180,3647
campaign,default,O_700_05,4,0.370,3489
campaign,default,O_700_05,4,0.740,3644
campaign,default,O_700_05,4,1.150,3647
campaign,default,O_700_05,5,0.350,3494
campaign,default,O_700_05,5,0.710,3645
campaign,default,O_700_05,5,1.120,3647
campaign,default,O_700_05,6,0.340,3505
campaign,default,O_700_05,6,0.700,3642
campaign,default,O_700_05,6,1.090,3647
campaign,default,O_700_06,1,0.370,3430
campaign,default,O_700_06,1,0.740,3588
campaign,default,O_700_06,1,1.140,3593
campaign,default,O_700_06,1,1.460,3596
campaign,default,O_700_06,2,0.370,3431
campaign,default,O_700_06,2,0.730,3588
campaign,default,O_700_06,2,1.140,3596
campaign,default,O_700_06,3,0.390,3430
campaign,default,O_700_06,3,0.750,3588
campaign,default,O_700_06,3,1.150,3592
campaign,default,O_700_06,3,1.470,3595
campaign,default,O_700_06,3,1.800,3596
campaign,default,O_700_06,4,0.370,3454
campaign,default,O_700_06,4,0.740,3592
campaign,default,O_700_06,4,1.140,3595
campaign,default,O_700_06,4,1.470,3596
campaign,default,O_700_06,5,0.390,3453
campaign,default,O_700_06,5,0.740,3587
campaign,default,O_700_06,5,1.150,3596
campaign,default,O_700_06,6,0.350,3431
campaign,default,O_700_06,6,0.710,3590
campaign,default,O_700_06,6,1.100,3595
campaign,default,O_700_06,6,1.410,3596
campaign,default,O_700_07,1,0.350,3365
campaign,default,O_700_07,1,0.720,3540
campaign,default,O_700_07,1,1.130,3542
campaign,default,O_700_07,2,0.360,3349
campaign,default,O_700_07,2,0.730,3540
campaign,default,O_700_07,2,1.140,3542
campaign,default,O_700_07,3,0.370,3347
campaign,default,O_700_07,3,0.800,3542
campaign,default,O_700_07,4,0.380,3343
campaign,default,O_700_07,4,0.750,3540
campaign,default,O_700_07,4,1.180,3542
campaign,default,O_700_07,5,0.380,3355
campaign,default,O_700_07,5,0.730,3541
campaign,default,O_700_07,5,1.120,3542
campaign,default,O_700_07,6,0.340,3362
campaign,default,O_700_07,6,0.710,3541
campaign,default,O_700_07,6,1.110,3542
campaign,default,O_700_08,1,0.380,3465
campaign,default,O_700_08,1,0.740,3598
campaign,default,O_700_08,1,1.150,3617
campaign,default,O_700_08,1,1.480,3618
campaign,default,O_700_08,1,2.980,3619
campaign,default,O_700_08,2,0.450,3474
campaign,default,O_700_08,2,0.830,3597
campaign,default,O_700_08,2,1.260,3617
campaign,default,O_700_08,2,1.980,3619
campaign,default,O_700_08,3,0.360,3465
campaign,default,O_700_08,3,0.730,3600
campaign,default,O_700_08,3,1.160,3617
campaign,default,O_700_08,3,1.810,3619
campaign,default,O_700_08,4,0.370,3465
campaign,default,O_700_08,4,0.730,3600
campaign,default,O_700_08,4,1.140,3615
campaign,default,O_700_08,4,1.450,3618
campaign,default,O_700_08,4,2.580,3619
campaign,default,O_700_08,5,0.350,3474
campaign,default,O_700_08,5,0.700,3606
campaign,default,O_700_08,5,1.100,3617
campaign,default,O_700_08,5,1.420,3618
campaign,default,O_700_08,5,1.740,3619
campaign,default,O_700_08,6,0.340,3474
campaign,default,O_700_08,6,0.710,3601
campaign,default,O_700_08,6,1.100,3616
campaign,default,O_700_08,6,1.410,3619
campaign,default,O_700_09,1,0.360,3413
campaign,default,O_700_09,1,0.730,3552
campaign,default,O_700_09,1,1.140,3553
campaign,default,O_700_09,2,0.400,3404
campaign,default,O_700_09,2,0.790,3540
campaign,default,O_700_09,2,1.220,3551
campaign,default,O_700_09,2,1.550,3553
campaign,default,O_700_09,3,0.400,3398
campaign,default,O_700_09,3,0.770,3540
campaign,default,O_700_09,3,1.190,3551
campaign,default,O_700_09,3,1.510,3553
campaign,default,O_700_09,4,0.380,3409
campaign,default,O_700_09,4,0.770,3536
campaign,default,O_700_09,4,1.200,3551
campaign,default,O_700_09,4,1.530,3553
campaign,default,O_700_09,5,0.350,3420
campaign,default,O_700_09,5,0.710,3543
campaign,default,O_700_09,5,1.100,3553
campaign,default,O_700_09,6,0.360,3390
campaign,default,O_700_09,6,0.730,3542
campaign,default,O_700_09,6,1.120,3552
campaign,default,O_700_09,6,1.440,3553
campaign,default,O_700_10,1,0.370,3467
campaign,default,O_700_10,1,0.740,3637
campaign,default,O_700_10,1,1.140,3651
campaign,default,O_700_10,1,1.840,3652
campaign,default,O_700_10,2,0.380,3465
campaign,default,O_700_10,2,0.770,3648
campaign,default,O_700_10,2,1.190,3651
campaign,default,O_700_10,2,1.520,3652
campaign,default,O_700_10,3,0.380,3466
campaign,default,O_700_10,3,0.750,3647
campaign,default,O_700_10,3,1.160,3651
campaign,default,O_700_10,3,1.490,3652
campaign,default,O_700_10,4,0.350,3465
campaign,default,O_700_10,4,0.710,3640
campaign,default,O_700_10,4,1.110,3651
campaign,default,O_700_10,4,1.730,3652
campaign,default,O_700_10,5,0.350,3489
campaign,default,O_700_10,5,0.710,3649
campaign,default,O_700_10,5,1.150,3651
campaign,default,O_700_10,5,2.120,3652
campaign,default,O_700_10,6,0.340,3468
campaign,default,O_700_10,6,0.710,3651
campaign,default,O_700_10,6,1.110,3652
campaign,default,O_800_01,1,0.420,3973
campaign,default,O_800_01,1,0.860,4182
campaign,default,O_800_01,1,1.350,4184
campaign,default,O_800_01,2,0.480,3979
campaign,default,O_800_01,2,0.960,4183
campaign,default,O_800_01,2,1.500,4184
campaign,default,O_800_01,3,0.430,3967
campaign,default,O_800_01,3,0.870,4182
campaign,default,O_800_01,3,1.360,4183
campaign,default,O_800_01,3,1.770,4184
campaign,default,O_800_01,4,0.410,3971
campaign,default,O_800_01,4,0.840,4180
campaign,default,O_800_01,4,1.310,4184
campaign,default,O_800_01,5,0.430,3975
campaign,default,O_800_01,5,0.850,4179
campaign,default,O_800_01,5,1.330,4184
campaign,default,O_800_01,6,0.400,3967
campaign,default,O_800_01,6,0.830,4183
campaign,default,O_800_01,6,1.300,4184
campaign,default,O_800_02,1,0.420,3815
campaign,default,O_800_02,1,0.850,4036
campaign,default,O_800_02,1,1.320,4053
campaign,default,O_800_02,1,1.700,4061
campaign,default,O_800_02,1,2.130,4065
campaign,default,O_800_02,2,0.420,3820
campaign,default,O_800_02,2,0.850,4023
campaign,default,O_800_02,2,1.330,4064
campaign,default,O_800_02,2,2.180,4065
campaign,default,O_800_02,3,0.430,3831
campaign,default,O_800_02,3,0.850,4018
campaign,default,O_800_02,3,1.320,4054
campaign,default,O_800_02,3,1.700,4060
campaign,default,O_800_02,3,2.070,4065
campaign,default,O_800_02,4,0.400,3822
campaign,default,O_800_02,4,0.820,4022
campaign,default,O_800_02,4,1.260,4055
campaign,default,O_800_02,4,1.620,4063
campaign,default,O_800_02,4,2.030,4065
campaign,default,O_800_02,5,0.380,3822
campaign,default,O_800_02,5,0.790,4028
campaign,default,O_800_02,5,1.230,4061
campaign,default,O_800_02,5,1.600,4065
campaign,default,O_800_02,6,0.390,3822
campaign,default,O_800_02,6,0.810,4026
campaign,default,O_800_02,6,1.270,4059
campaign,default,O_800_02,6,1.640,4064
campaign,default,O_800_02,6,2.010,4065
campaign,default,O_800_03,1,0.440,3911
campaign,default,O_800_03,1,0.870,4095
campaign,default,O_800_03,1,1.350,4104
campaign,default,O_800_03,1,1.740,4106
campaign,default,O_800_03,1,3.060,4107
campaign,default,O_800_03,2,0.540,3913
campaign,default,O_800_03,2,0.990,4094
campaign,default,O_800_03,2,1.470,4106
campaign,default,O_800_03,2,2.290,4107
campaign,default,O_800_03,3,0.440,3887
campaign,default,O_800_03,3,0.870,4097
campaign,default,O_800_03,3,1.360,4103
campaign,default,O_800_03,3,1.750,4106
campaign,default,O_800_03,3,2.520,4107
campaign,default,O_800_03,4,0.410,3895
campaign,default,O_800_03,4,0.830,4086
campaign,default,O_800_03,4,1.280,4104
campaign,default,O_800_03,4,1.650,4106
campaign,default,O_800_03,4,2.510,4107
campaign,default,O_800_03,5,0.410,3904
campaign,default,O_800_03,5,0.820,4095
campaign,default,O_800_03,5,1.280,4100
campaign,default,O_800_03,5,1.660,4104
campaign,default,O_800_03,5,2.090,4107
campaign,default,O_800_03,6,0.420,3908
campaign,default,O_800_03,6,0.840,4091
campaign,default,O_800_03,6,1.300,4100
campaign,default,O_800_03,6,1.670,4107
campaign,default,O_800_04,1,0.430,3906
campaign,default,O_800_04,1,0.850,4039
campaign,default,O_800_04,1,1.320,4049
campaign,default,O_800_04,1,1.700,4056
campaign,default,O_800_04,2,0.570,3911
campaign,default,O_800_04,2,1.050,4013
campaign,default,O_800_04,2,1.530,4048
campaign,default,O_800_04,2,1.990,4055
campaign,default,O_800_04,2,2.430,4056
campaign,default,O_800_04,3,0.440,3910
campaign,default,O_800_04,3,0.860,4008
campaign,default,O_800_04,3,1.350,4038
campaign,default,O_800_04,3,1.730,4053
campaign,default,O_800_04,3,2.100,4055
campaign,default,O_800_04,3,2.470,4056
campaign,default,O_800_04,4,0.420,3908
campaign,default,O_800_04,4,0.830,4025
campaign,default,O_800_04,4,1.290,4053
campaign,default,O_800_04,4,1.660,4055
campaign,default,O_800_04,4,2.490,4056
campaign,default,O_800_04,5,0.460,3909
campaign,default,O_800_04,5,0.870,4007
campaign,default,O_800_04,5,1.330,4050
campaign,default,O_800_04,5,1.700,4055
campaign,default,O_800_04,5,2.120,4056
campaign,default,O_800_04,6,0.400,3907
campaign,default,O_800_04,6,0.830,4001
campaign,default,O_800_04,6,1.290,4053
campaign,default,O_800_04,6,1.660,4056
campaign,default,O_800_05,1,0.450,3876
campaign,default,O_800_05,1,0.890,4082
campaign,default,O_800_05,1,1.380,4086
campaign,default,O_800_05,1,1.770,4088
campaign,default,O_800_05,2,0.510,3855
campaign,default,O_800_05,2,1.010,4082
campaign,default,O_800_05,2,1.520,4086
campaign,default,O_800_05,2,1.980,4087
campaign,default,O_800_05,2,2.920,4088
campaign,default,O_800_05,3,0.480,3877
campaign,default,O_800_05,3,0.910,4081
campaign,default,O_800_05,3,1.400,4087
campaign,default,O_800_05,3,2.680,4088
campaign,default,O_800_05,4,0.420,3883
campaign,default,O_800_05,4,0.840,4083
campaign,default,O_800_05,4,1.300,4087
campaign,default,O_800_05,4,1.690,4088
campaign,default,O_800_05,5,0.490,3878
campaign,default,O_800_05,5,0.910,4084
campaign,default,O_800_05,5,1.370,4087
campaign,default,O_800_05,5,1.760,4088
campaign,default,O_800_05,6,0.490,3870
campaign,default,O_800_05,6,0.920,4085
campaign,default,O_800_05,6,1.390,4086
campaign,default,O_800_05,6,1.790,4087
campaign,default,O_800_05,6,2.170,4088
campaign,default,O_800_06,1,0.450,3977
campaign,default,O_800_06,1,0.880,4243
campaign,default,O_800_06,1,1.360,4248
campaign,default,O_800_06,1,1.750,4249
campaign,default,O_800_06,2,0.420,3979
campaign,default,O_800_06,2,0.860,4245
campaign,default,O_800_06,2,1.350,4249
campaign,default,O_800_06,3,0.410,3978
campaign,default,O_800_06,3,0.840,4243
campaign,default,O_800_06,3,1.320,4247
campaign,default,O_800_06,3,1.730,4249
campaign,default,O_800_06,4,0.410,3972
campaign,default,O_800_06,4,0.830,4245
campaign,default,O_800_06,4,1.300,4249
campaign,default,O_800_06,5,0.530,3977
campaign,default,O_800_06,5,0.950,4244
campaign,default,O_800_06,5,1.420,4248
campaign,default,O_800_06,5,1.820,4249
campaign,default,O_800_06,6,0.410,3980
campaign,default,O_800_06,6,0.840,4241
campaign,default,O_800_06,6,1.300,4249
campaign,default,O_800_07,1,0.440,3926
campaign,default,O_800_07,1,0.880,4119
campaign,default,O_800_07,1,1.370,4126
campaign,default,O_800_07,1,12.900,4127
campaign,default,O_800_07,1,13.350,4128
campaign,default,O_800_07,2,0.480,3926
campaign,default,O_800_07,2,0.930,4108
campaign,default,O_800_07,2,1.440,4122
campaign,default,O_800_07,2,1.910,4126
campaign,default,O_800_07,2,4.290,4128
campaign,default,O_800_07,3,0.450,3929
campaign,default,O_800_07,3,0.910,4102
campaign,default,O_800_07,3,1.410,4124
campaign,default,O_800_07,3,1.830,4126
campaign,default,O_800_07,3,5.190,4127
campaign,default,O_800_07,3,6.170,4128
campaign,default,O_800_07,4,0.420,3914
campaign,default,O_800_07,4,0.850,4106
campaign,default,O_800_07,4,1.320,4126
campaign,default,O_800_07,4,2.120,4127
campaign,default,O_800_07,4,2.970,4128
campaign,default,O_800_07,5,0.420,3962
campaign,default,O_800_07,5,0.850,4107
campaign,default,O_800_07,5,1.320,4125
campaign,default,O_800_07,5,1.690,4126
campaign,default,O_800_07,5,2.120,4128
campaign,default,O_800_07,6,0.400,3940
campaign,default,O_800_07,6,0.840,4108
campaign,default,O_800_07,6,1.290,4124
campaign,default,O_800_07,6,1.680,4126
campaign,default,O_800_07,6,5.120,4128
campaign,default,O_800_08,1,0.440,3864
campaign,default,O_800_08,1,0.860,4055
campaign,default,O_800_08,1,1.320,4063
campaign,default,O_800_08,2,0.460,3866
campaign,default,O_800_08,2,0.900,4054
campaign,default,O_800_08,2,1.390,4061
campaign,default,O_800_08,2,1.790,4063
campaign,default,O_800_08,3,0.420,3875
campaign,default,O_800_08,3,0.870,4051
campaign,default,O_800_08,3,1.360,4063
campaign,default,O_800_08,4,0.410,3867
campaign,default,O_800_08,4,0.820,4056
campaign,default,O_800_08,4,1.270,4063
campaign,default,O_800_08,5,0.410,3855
campaign,default,O_800_08,5,0.820,4052
campaign,default,O_800_08,5,1.270,4061
campaign,default,O_800_08,5,1.630,4063
campaign,default,O_800_08,6,0.430,3873
campaign,default,O_800_08,6,0.840,4059
campaign,default,O_800_08,6,1.280,4061
campaign,default,O_800_08,6,1.670,4063
campaign,default,O_800_09,1,0.430,3889
campaign,default,O_800_09,1,0.860,4072
campaign,default,O_800_09,1,1.340,4079
campaign,default,O_800_09,1,1.710,4080
campaign,default,O_800_09,2,0.450,3886
campaign,default,O_800_09,2,0.900,4072
campaign,default,O_800_09,2,1.400,4079
campaign,default,O_800_09,2,1.800,4080
campaign,default,O_800_09,3,0.440,3898
campaign,default,O_800_09,3,0.900,4074
campaign,default,O_800_09,3,1.370,4080
campaign,default,O_800_09,4,0.400,3877
campaign,default,O_800_09,4,0.820,4071
campaign,default,O_800_09,4,1.270,4077
campaign,default,O_800_09,4,1.640,4078
campaign,default,O_800_09,4,2.060,4080
campaign,default,O_800_09,5,0.390,3884
campaign,default,O_800_09,5,0.810,4070
campaign,default,O_800_09,5,1.260,4074
campaign,default,O_800_09,5,1.620,4079
campaign,default,O_800_09,5,2.050,4080
campaign,default,O_800_09,6,0.400,3884
campaign,default,O_800_09,6,0.820,4071
campaign,default,O_800_09,6,1.270,4075
campaign,default,O_800_09,6,1.650,4079
campaign,default,O_800_09,6,2.020,4080
campaign,default,O_800_10,1,0.430,3907
campaign,default,O_800_10,1,0.860,4123
campaign,default,O_800_10,1,1.330,4131
campaign,default,O_800_10,2,0.460,3921
campaign,default,O_800_10,2,0.910,4123
campaign,default,O_800_10,2,1.410,4129
campaign,default,O_800_10,2,1.820,4131
campaign,default,O_800_10,3,0.440,3926
campaign,default,O_800_10,3,0.870,4121
campaign,default,O_800_10,3,1.370,4128
campaign,default,O_800_10,3,1.790,4131
campaign,default,O_800_10,4,0.410,3921
campaign,default,O_800_10,4,0.830,4126
campaign,default,O_800_10,4,1.280,4129
campaign,default,O_800_10,4,1.650,4131
campaign,default,O_800_10,5,0.400,3907
campaign,default,O_800_10,5,0.820,4118
campaign,default,O_800_10,5,1.270,4130
campaign,default,O_800_10,5,1.670,4131
campaign,default,O_800_10,6,0.440,3916
campaign,default,O_800_10,6,0.860,4126
campaign,default,O_800_10,6,1.310,4129
campaign,default,O_800_10,6,1.690,4130
campaign,default,O_800_10,6,2.060,4131
campaign,default,O_1000_01,1,0.490,4636
campaign,default,O_1000_01,1,0.950,4927
campaign,default,O_1000_01,1,1.450,4934
campaign,default,O_1000_01,1,1.930,4939
campaign,default,O_1000_01,1,2.890,4940
campaign,default,O_1000_01,2,0.520,4647
campaign,default,O_1000_01,2,0.990,4917
campaign,default,O_1000_01,2,1.510,4936
campaign,default,O_1000_01,2,1.940,4939
campaign,default,O_1000_01,2,2.800,4940
campaign,default,O_1000_01,3,0.480,4649
campaign,default,O_1000_01,3,0.950,4929
campaign,default,O_1000_01,3,1.440,4934
campaign,default,O_1000_01,3,1.910,4939
campaign,default,O_1000_01,3,2.400,4940
campaign,default,O_1000_01,4,0.460,4645
campaign,default,O_1000_01,4,0.910,4919
campaign,default,O_1000_01,4,1.410,4937
campaign,default,O_1000_01,4,1.810,4939
campaign,default,O_1000_01,4,2.260,4940
campaign,default,O_1000_01,5,0.470,4654
campaign,default,O_1000_01,5,0.910,4923
campaign,default,O_1000_01,5,1.430,4935
campaign,default,O_1000_01,5,1.820,4938
campaign,default,O_1000_01,5,2.270,4940
campaign,default,O_1000_01,6,0.480,4632
campaign,default,O_1000_01,6,0.920,4923
campaign,default,O_1000_01,6,1.390,4933
campaign,default,O_1000_01,6,1.780,4938
campaign,default,O_1000_01,6,2.170,4939
campaign,default,O_1000_01,6,2.980,4940
campaign,default,O_1000_02,1,0.470,4738
campaign,default,O_1000_02,1,0.920,4963
campaign,default,O_1000_02,1,1.410,4983
campaign,default,O_1000_02,1,1.810,4989
campaign,default,O_1000_02,1,2.290,4991
campaign,default,O_1000_02,1,3.730,4993
campaign,default,O_1000_02,1,4.700,4994
campaign,default,O_1000_02,1,5.170,4995
campaign,default,O_1000_02,2,0.520,4741
campaign,default,O_1000_02,2,1.000,4961
campaign,default,O_1000_02,2,1.520,4979
campaign,default,O_1000_02,2,1.960,4993
campaign,default,O_1000_02,2,2.830,4994
campaign,default,O_1000_02,2,4.590,4995
campaign,default,O_1000_02,3,0.500,4751
campaign,default,O_1000_02,3,0.960,4969
campaign,default,O_1000_02,3,1.460,4984
campaign,default,O_1000_02,3,1.970,4986
campaign,default,O_1000_02,3,2.480,4989
campaign,default,O_1000_02,3,2.980,4991
campaign,default,O_1000_02,3,4.530,4992
campaign,default,O_1000_02,3,5.030,4995
campaign,default,O_1000_02,4,0.530,4750
campaign,default,O_1000_02,4,0.960,4957
campaign,default,O_1000_02,4,1.450,4986
campaign,default,O_1000_02,4,1.880,4991
campaign,default,O_1000_02,4,3.270,4994
campaign,default,O_1000_02,4,6.090,4995
campaign,default,O_1000_02,5,0.450,4744
campaign,default,O_1000_02,5,0.890,4963
campaign,default,O_1000_02,5,1.370,4983
campaign,default,O_1000_02,5,1.820,4989
campaign,default,O_1000_02,5,2.290,4990
campaign,default,O_1000_02,5,2.770,4991
campaign,default,O_1000_02,5,4.190,4992
campaign,default,O_1000_02,5,4.650,4993
campaign,default,O_1000_02,5,8.830,4994
campaign,default,O_1000_02,5,12.120,4995
campaign,default,O_1000_02,6,0.460,4764
campaign,default,O_1000_02,6,0.910,4968
campaign,default,O_1000_02,6,1.390,4980
campaign,default,O_1000_02,6,1.780,4988
campaign,default,O_1000_02,6,2.200,4992
campaign,default,O_1000_02,6,3.410,4993
campaign,default,O_1000_02,6,4.640,4994
campaign,default,O_1000_02,6,6.730,4995
campaign,default,O_1000_03,1,0.480,4849
campaign,default,O_1000_03,1,0.930,5146
campaign,default,O_1000_03,1,1.430,5172
campaign,default,O_1000_03,1,1.880,5175
campaign,default,O_1000_03,1,2.850,5177
campaign,default,O_1000_03,1,4.300,5178
campaign,default,O_1000_03,2,0.550,4839
campaign,default,O_1000_03,2,1.000,5154
campaign,default,O_1000_03,2,1.520,5175
campaign,default,O_1000_03,2,1.940,5176
campaign,default,O_1000_03,2,2.370,5177
campaign,default,O_1000_03,2,3.630,5178
campaign,default,O_1000_03,3,0.510,4841
campaign,default,O_1000_03,3,0.980,5136
campaign,default,O_1000_03,3,1.490,5172
campaign,default,O_1000_03,3,1.990,5175
campaign,default,O_1000_03,3,2.520,5176
campaign,default,O_1000_03,3,3.020,5177
campaign,default,O_1000_03,3,6.540,5178
campaign,default,O_1000_03,4,0.570,4845
campaign,default,O_1000_03,4,1.010,5169
campaign,default,O_1000_03,4,1.500,5174
campaign,default,O_1000_03,4,1.950,5177
campaign,default,O_1000_03,4,4.270,5178
campaign,default,O_1000_03,5,0.460,4846
campaign,default,O_1000_03,5,0.900,5150
campaign,default,O_1000_03,5,1.380,5163
campaign,default,O_1000_03,5,1.810,5175
campaign,default,O_1000_03,5,2.280,5177
campaign,default,O_1000_03,5,3.660,5178
campaign,default,O_1000_03,6,0.470,4830
campaign,default,O_1000_03,6,0.910,5151
campaign,default,O_1000_03,6,1.390,5174
campaign,default,O_1000_03,6,1.790,5175
campaign,default,O_1000_03,6,2.200,5178
campaign,default,O_1000_04,1,0.480,4882
campaign,default,O_1000_04,1,0.920,5127
campaign,default,O_1000_04,1,1.410,5141
campaign,default,O_1000_04,1,1.810,5147
campaign,default,O_1000_04,2,0.520,4882
campaign,default,O_1000_04,2,0.960,5128
campaign,default,O_1000_04,2,1.460,5141
campaign,default,O_1000_04,2,1.880,5143
campaign,default,O_1000_04,2,2.690,5145
campaign,default,O_1000_04,2,3.110,5146
campaign,default,O_1000_04,2,3.940,5147
campaign,default,O_1000_04,3,0.490,4882
campaign,default,O_1000_04,3,0.960,5127
campaign,default,O_1000_04,3,1.450,5137
campaign,default,O_1000_04,3,1.960,5142
campaign,default,O_1000_04,3,2.940,5147
campaign,default,O_1000_04,4,0.460,4882
campaign,default,O_1000_04,4,0.890,5137
campaign,default,O_1000_04,4,1.390,5141
campaign,default,O_1000_04,4,1.770,5143
campaign,default,O_1000_04,4,2.230,5147
campaign,default,O_1000_04,5,0.460,4881
campaign,default,O_1000_04,5,0.890,5130
campaign,default,O_1000_04,5,1.370,5138
campaign,default,O_1000_04,5,1.760,5143
campaign,default,O_1000_04,5,2.230,5146
campaign,default,O_1000_04,5,2.690,5147
campaign,default,O_1000_04,6,0.490,4882
campaign,default,O_1000_04,6,0.930,5131
campaign,default,O_1000_04,6,1.390,5138
campaign,default,O_1000_04,6,1.780,5142
campaign,default,O_1000_04,6,2.190,5144
campaign,default,O_1000_04,6,2.580,5147
campaign,default,O_1000_05,1,0.500,4844
campaign,default,O_1000_05,1,0.960,5113
campaign,default,O_1000_05,1,1.460,5135
campaign,default,O_1000_05,1,2.400,5136
campaign,default,O_1000_05,2,0.500,4859
campaign,default,O_1000_05,2,0.950,5120
campaign,default,O_1000_05,2,1.450,5136
campaign,default,O_1000_05,3,0.480,4843
campaign,default,O_1000_05,3,0.940,5119
campaign,default,O_1000_05,3,1.440,5133
campaign,default,O_1000_05,3,1.900,5136
campaign,default,O_1000_05,4,0.490,4843
campaign,default,O_1000_05,4,0.920,5106
campaign,default,O_1000_05,4,1.430,5135
campaign,default,O_1000_05,4,1.840,5136
campaign,default,O_1000_05,5,0.470,4874
campaign,default,O_1000_05,5,0.910,5131
campaign,default,O_1000_05,5,1.380,5134
campaign,default,O_1000_05,5,1.790,5136
campaign,default,O_1000_05,6,0.480,4851
campaign,default,O_1000_05,6,0.930,5115
campaign,default,O_1000_05,6,1.410,5132
campaign,default,O_1000_05,6,1.820,5136
campaign,default,O_1000_06,1,0.490,4807
campaign,default,O_1000_06,1,0.930,5049
campaign,default,O_1000_06,1,1.430,5078
campaign,default,O_1000_06,1,1.850,5082
campaign,default,O_1000_06,1,3.710,5083
campaign,default,O_1000_06,2,0.480,4807
campaign,default,O_1000_06,2,0.930,5048
campaign,default,O_1000_06,2,1.430,5081
campaign,default,O_1000_06,2,1.830,5082
campaign,default,O_1000_06,2,2.660,5083
campaign,default,O_1000_06,3,0.520,4808
campaign,default,O_1000_06,3,0.970,5039
campaign,default,O_1000_06,3,1.480,5078
campaign,default,O_1000_06,3,1.960,5082
campaign,default,O_1000_06,3,3.420,5083
campaign,default,O_1000_06,4,0.470,4807
campaign,default,O_1000_06,4,0.910,5052
campaign,default,O_1000_06,4,1.390,5080
campaign,default,O_1000_06,4,1.780,5082
campaign,default,O_1000_06,4,2.230,5083
campaign,default,O_1000_06,5,0.470,4807
campaign,default,O_1000_06,5,0.900,5058
campaign,default,O_1000_06,5,1.390,5079
campaign,default,O_1000_06,5,1.780,5082
campaign,default,O_1000_06,5,2.230,5083
campaign,default,O_1000_06,6,0.450,4824
campaign,default,O_1000_06,6,0.890,5027
campaign,default,O_1000_06,6,1.360,5080
campaign,default,O_1000_06,6,1.760,5082
campaign,default,O_1000_06,6,2.950,5083
campaign,default,O_1000_07,1,0.500,4848
campaign,default,O_1000_07,1,0.950,5109
campaign,default,O_1000_07,1,1.450,5119
campaign,default,O_1000_07,1,1.950,5120
campaign,default,O_1000_07,1,2.920,5121
campaign,default,O_1000_07,2,0.490,4867
campaign,default,O_1000_07,2,0.940,5103
campaign,default,O_1000_07,2,1.450,5120
campaign,default,O_1000_07,2,1.870,5121
campaign,default,O_1000_07,3,0.510,4878
campaign,default,O_1000_07,3,0.970,5113
campaign,default,O_1000_07,3,1.480,5120
campaign,default,O_1000_07,3,2.480,5121
campaign,default,O_1000_07,4,0.560,4865
campaign,default,O_1000_07,4,1.000,5107
campaign,default,O_1000_07,4,1.490,5118
campaign,default,O_1000_07,4,1.920,5121
campaign,default,O_1000_07,5,0.460,4888
campaign,default,O_1000_07,5,0.900,5097
campaign,default,O_1000_07,5,1.430,5119
campaign,default,O_1000_07,5,1.850,5121
campaign,default,O_1000_07,6,0.470,4859
campaign,default,O_1000_07,6,0.910,5112
campaign,default,O_1000_07,6,1.440,5121
campaign,default,O_1000_08,1,0.500,4964
campaign,default,O_1000_08,1,0.950,5165
campaign,default,O_1000_08,1,1.450,5190
campaign,default,O_1000_08,1,2.350,5191
campaign,default,O_1000_08,2,0.510,4941
campaign,default,O_1000_08,2,0.960,5162
campaign,default,O_1000_08,2,1.470,5186
campaign,default,O_1000_08,2,1.880,5189
campaign,default,O_1000_08,2,2.300,5191
campaign,default,O_1000_08,3,0.510,4950
campaign,default,O_1000_08,3,0.970,5180
campaign,default,O_1000_08,3,1.480,5190
campaign,default,O_1000_08,3,3.420,5191
campaign,default,O_1000_08,4,0.490,4943
campaign,default,O_1000_08,4,0.930,5175
campaign,default,O_1000_08,4,1.480,5190
campaign,default,O_1000_08,4,2.330,5191
campaign,default,O_1000_08,5,0.460,4948
campaign,default,O_1000_08,5,0.900,5169
campaign,default,O_1000_08,5,1.410,5189
campaign,default,O_1000_08,5,1.810,5190
campaign,default,O_1000_08,5,2.270,5191
campaign,default,O_1000_08,6,0.470,4959
campaign,default,O_1000_08,6,0.910,5185
campaign,default,O_1000_08,6,1.380,5187
campaign,default,O_1000_08,6,1.780,5190
campaign,default,O_1000_08,6,2.180,5191
campaign,default,O_1000_09,1,0.490,4869
campaign,default,O_1000_09,1,0.940,5099
campaign,default,O_1000_09,1,1.440,5108
campaign,default,O_1000_09,1,1.900,5110
campaign,default,O_1000_09,1,2.370,5112
campaign,default,O_1000_09,1,2.850,5114
campaign,default,O_1000_09,1,6.680,5115
campaign,default,O_1000_09,2,0.490,4859
campaign,default,O_1000_09,2,0.940,5095
campaign,default,O_1000_09,2,1.440,5111
campaign,default,O_1000_09,2,2.280,5112
campaign,default,O_1000_09,2,2.700,5114
campaign,default,O_1000_09,2,16.190,5115
campaign,default,O_1000_09,3,0.520,4853
campaign,default,O_1000_09,3,0.980,5099
campaign,default,O_1000_09,3,1.510,5107
campaign,default,O_1000_09,3,2.030,5114
campaign,default,O_1000_09,3,67.580,5115
campaign,default,O_1000_09,4,0.500,4851
campaign,default,O_1000_09,4,0.950,5104
campaign,default,O_1000_09,4,1.460,5108
campaign,default,O_1000_09,4,1.890,5110
campaign,default,O_1000_09,4,2.350,5111
campaign,default,O_1000_09,4,2.830,5112
campaign,default,O_1000_09,4,3.290,5114
campaign,default,O_1000_09,4,5.170,5115
campaign,default,O_1000_09,5,0.520,4849
campaign,default,O_1000_09,5,0.950,5101
campaign,default,O_1000_09,5,1.440,5110
campaign,default,O_1000_09,5,1.840,5111
campaign,default,O_1000_09,5,2.310,5114
campaign,default,O_1000_09,5,3.720,5115
campaign,default,O_1000_09,6,0.470,4849
campaign,default,O_1000_09,6,0.900,5093
campaign,default,O_1000_09,6,1.380,5109
campaign,default,O_1000_09,6,1.790,5111
campaign,default,O_1000_09,6,2.190,5113
campaign,default,O_1000_09,6,3.000,5114
campaign,default,O_1000_09,6,9.900,5115
campaign,default,O_1000_10,1,0.470,4935
campaign,default,O_1000_10,1,0.910,5167
campaign,default,O_1000_10,1,1.400,5179
campaign,default,O_1000_10,1,1.810,5180
campaign,default,O_1000_10,1,11.610,5181
campaign,default,O_1000_10,2,0.540,4971
campaign,default,O_1000_10,2,0.990,5165
campaign,default,O_1000_10,2,1.510,5176
campaign,default,O_1000_10,2,1.930,5178
campaign,default,O_1000_10,2,3.190,5180
campaign,default,O_1000_10,2,7.060,5181
campaign,default,O_1000_10,3,0.600,4928
campaign,default,O_1000_10,3,1.090,5162
campaign,default,O_1000_10,3,1.620,5176
campaign,default,O_1000_10,3,2.120,5179
campaign,default,O_1000_10,3,3.100,5180
campaign,default,O_1000_10,3,12.870,5181
campaign,default,O_1000_10,4,0.560,4939
campaign,default,O_1000_10,4,1.010,5167
campaign,default,O_1000_10,4,1.520,5175
campaign,default,O_1000_10,4,2.000,5177
campaign,default,O_1000_10,4,2.490,5178
campaign,default,O_1000_10,4,4.870,5179
campaign,default,O_1000_10,4,7.750,5180
campaign,default,O_1000_10,4,8.230,5181
campaign,default,O_1000_10,5,0.480,4932
campaign,default,O_1000_10,5,0.920,5167
campaign,default,O_1000_10,5,1.420,5178
campaign,default,O_1000_10,5,4.170,5180
campaign,default,O_1000_10,5,23.140,5181
campaign,default,O_1000_10,6,0.460,4928
campaign,default,O_1000_10,6,0.910,5173
campaign,default,O_1000_10,6,1.390,5176
campaign,default,O_1000_10,6,1.790,5178
campaign,default,O_1000_10,6,2.190,5179
campaign,default,O_1000_10,6,3.380,5180
campaign,default,O_1000_10,6,9.330,5181
campaign,default,LK_500_01,1,0.310,2582
campaign,default,LK_500_01,1,0.600,2719
campaign,default,LK_500_01,2,0.320,2586
campaign,default,LK_500_01,2,0.620,2718
campaign,default,LK_500_01,2,0.920,2719
campaign,default,LK_500_01,3,0.320,2588
campaign,default,LK_500_01,3,0.640,2717
campaign,default,LK_500_01,3,0.960,2719
campaign,default,LK_500_01,4,0.350,2587
campaign,default,LK_500_01,4,0.630,2718
campaign,default,LK_500_01,4,0.920,2719
campaign,default,LK_500_01,5,0.310,2581
campaign,default,LK_500_01,5,0.590,2718
campaign,default,LK_500_01,5,0.880,2719
campaign,default,LK_500_01,6,0.280,2588
campaign,default,LK_500_01,6,0.570,2717
campaign,default,LK_500_01,6,0.850,2719
campaign,default,LK_500_02,1,0.310,2599
campaign,default,LK_500_02,1,0.610,2724
campaign,default,LK_500_02,1,0.930,2739
campaign,default,LK_500_02,2,0.320,2611
campaign,default,LK_500_02,2,0.620,2723
campaign,default,LK_500_02,2,0.920,2735
campaign,default,LK_500_02,2,1.130,2739
campaign,default,LK_500_02,3,0.570,2618
campaign,default,LK_500_02,3,0.960,2730
campaign,default,LK_500_02,3,1.300,2734
campaign,default,LK_500_02,3,1.520,2739
campaign,default,LK_500_02,4,0.320,2604
campaign,default,LK_500_02,4,0.610,2723
campaign,default,LK_500_02,4,0.900,2734
campaign,default,LK_500_02,4,1.100,2737
campaign,default,LK_500_02,4,1.300,2739
campaign,default,LK_500_02,5,0.290,2604
campaign,default,LK_500_02,5,0.580,2722
campaign,default,LK_500_02,5,0.870,2734
campaign,default,LK_500_02,5,1.080,2739
campaign,default,LK_500_02,6,0.290,2597
campaign,default,LK_500_02,6,0.590,2728
campaign,default,LK_500_02,6,0.880,2739
campaign,default,LK_500_03,1,0.340,2525
campaign,default,LK_500_03,1,0.640,2637
campaign,default,LK_500_03,1,0.940,2639
campaign,default,LK_500_03,2,0.330,2526
campaign,default,LK_500_03,2,0.620,2634
campaign,default,LK_500_03,2,0.930,2639
campaign,default,LK_500_03,3,0.330,2519
campaign,default,LK_500_03,3,0.630,2635
campaign,default,LK_500_03,3,0.940,2639
campaign,default,LK_500_03,4,0.340,2512
campaign,default,LK_500_03,4,0.620,2639
campaign,default,LK_500_03,5,0.290,2519
campaign,default,LK_500_03,5,0.580,2635
campaign,default,LK_500_03,5,0.870,2639
campaign,default,LK_500_03,6,0.290,2512
campaign,default,LK_500_03,6,0.580,2639
campaign,default,LK_500_04,1,0.340,2466
campaign,default,LK_500_04,1,0.640,2665
campaign,default,LK_500_04,2,0.320,2481
campaign,default,LK_500_04,2,0.620,2665
campaign,default,LK_500_04,3,0.340,2462
campaign,default,LK_500_04,3,0.640,2665
campaign,default,LK_500_04,4,0.340,2466
campaign,default,LK_500_04,4,0.630,2665
campaign,default,LK_500_04,5,0.300,2462
campaign,default,LK_500_04,5,0.580,2665
campaign,default,LK_500_04,6,0.290,2466
campaign,default,LK_500_04,6,0.580,2665
campaign,default,LK_500_05,1,0.330,2583
campaign,default,LK_500_05,1,0.620,2687
campaign,default,LK_500_05,1,0.930,2689
campaign,default,LK_500_05,2,0.300,2586
campaign,default,LK_500_05,2,0.590,2688
campaign,default,LK_500_05,2,0.890,2689
campaign,default,LK_500_05,3,0.330,2579
campaign,default,LK_500_05,3,0.630,2688
campaign,default,LK_500_05,3,0.940,2689
campaign,default,LK_500_05,4,0.310,2579
campaign,default,LK_500_05,4,0.600,2683
campaign,default,LK_500_05,4,0.890,2689
campaign,default,LK_500_05,5,0.320,2582
campaign,default,LK_500_05,5,0.600,2685
campaign,default,LK_500_05,5,0.890,2689
campaign,default,LK_500_05,6,0.300,2583
campaign,default,LK_500_05,6,0.590,2688
campaign,default,LK_500_05,6,0.880,2689
campaign,default,LK_500_06,1,0.360,2672
campaign,default,LK_500_06,1,0.650,2754
campaign,default,LK_500_06,2,0.320,2672
campaign,default,LK_500_06,2,0.610,2754
campaign,default,LK_500_06,3,0.330,2672
campaign,default,LK_500_06,3,0.630,2754
campaign,default,LK_500_06,4,0.310,2672
campaign,default,LK_500_06,4,0.600,2754
campaign,default,LK_500_06,5,0.410,2672
campaign,default,LK_500_06,5,0.690,2754
campaign,default,LK_500_06,6,0.300,2672
campaign,default,LK_500_06,6,0.600,2754
campaign,default,LK_500_07,1,0.340,2581
campaign,default,LK_500_07,1,0.630,2706
campaign,default,LK_500_07,2,0.300,2584
campaign,default,LK_500_07,2,0.590,2706
campaign,default,LK_500_07,3,0.320,2587
campaign,default,LK_500_07,3,0.620,2706
campaign,default,LK_500_07,4,0.330,2587
campaign,default,LK_500_07,4,0.610,2706
campaign,default,LK_500_07,5,0.310,2587
campaign,default,LK_500_07,5,0.600,2706
campaign,default,LK_500_07,6,0.300,2583
campaign,default,LK_500_07,6,0.600,2706
campaign,default,LK_500_08,1,0.330,2540
campaign,default,LK_500_08,1,0.630,2676
campaign,default,LK_500_08,1,0.920,2680
campaign,default,LK_500_08,1,2.410,2681
campaign,default,LK_500_08,2,0.310,2529
campaign,default,LK_500_08,2,0.610,2677
campaign,default,LK_500_08,2,0.910,2680
campaign,default,LK_500_08,2,3.150,2681
campaign,default,LK_500_08,3,0.310,2525
campaign,default,LK_500_08,3,0.610,2679
campaign,default,LK_500_08,3,0.920,2680
campaign,default,LK_500_08,3,1.160,2681
campaign,default,LK_500_08,4,0.310,2524
campaign,default,LK_500_08,4,0.590,2676
campaign,default,LK_500_08,4,0.890,2680
campaign,default,LK_500_08,4,1.680,2681
campaign,default,LK_500_08,5,0.290,2539
campaign,default,LK_500_08,5,0.580,2679
campaign,default,LK_500_08,5,0.870,2680
campaign,default,LK_500_08,5,1.270,2681
campaign,default,LK_500_08,6,0.310,2538
campaign,default,LK_500_08,6,0.610,2679
campaign,default,LK_500_08,6,0.900,2680
campaign,default,LK_500_08,6,6.000,2681
campaign,default,LK_500_09,1,0.300,2536
campaign,default,LK_500_09,1,0.600,2645
campaign,default,LK_500_09,1,0.910,2652
campaign,default,LK_500_09,2,0.330,2538
campaign,default,LK_500_09,2,0.630,2652
campaign,default,LK_500_09,3,0.340,2533
campaign,default,LK_500_09,3,0.640,2648
campaign,default,LK_500_09,3,0.940,2652
campaign,default,LK_500_09,4,0.330,2538
campaign,default,LK_500_09,4,0.620,2644
campaign,default,LK_500_09,4,0.920,2652
campaign,default,LK_500_09,5,0.400,2532
campaign,default,LK_500_09,5,0.700,2645
campaign,default,LK_500_09,5,0.990,2649
campaign,default,LK_500_09,5,1.190,2652
campaign,default,LK_500_09,6,0.290,2536
campaign,default,LK_500_09,6,0.600,2651
campaign,default,LK_500_09,6,0.890,2652
campaign,default,LK_500_10,1,0.320,2510
campaign,default,LK_500_10,1,0.610,2673
campaign,default,LK_500_10,1,0.910,2675
campaign,default,LK_500_10,2,0.310,2507
campaign,default,LK_500_10,2,0.610,2667
campaign,default,LK_500_10,2,0.910,2668
campaign,default,LK_500_10,2,1.120,2675
campaign,default,LK_500_10,3,0.430,2506
campaign,default,LK_500_10,3,0.760,2666
campaign,default,LK_500_10,3,1.080,2675
campaign,default,LK_500_10,4,0.310,2518
campaign,default,LK_500_10,4,0.600,2660
campaign,default,LK_500_10,4,0.890,2670
campaign,default,LK_500_10,4,1.090,2675
campaign,default,LK_500_10,5,0.310,2501
campaign,default,LK_500_10,5,0.600,2666
campaign,default,LK_500_10,5,0.890,2669
campaign,default,LK_500_10,5,1.100,2675
campaign,default,LK_500_10,6,0.290,2503
campaign,default,LK_500_10,6,0.600,2659
campaign,default,LK_500_10,6,0.890,2675
campaign,default,LK_700_01,1,0.380,3564
campaign,default,LK_700_01,1,0.760,3711
campaign,default,LK_700_01,1,1.140,3742
campaign,default,LK_700_01,1,1.430,3752
campaign,default,LK_700_01,1,1.730,3755
campaign,default,LK_700_01,1,2.040,3760
campaign,default,LK_700_01,1,2.340,3761
campaign,default,LK_700_01,2,0.370,3564
campaign,default,LK_700_01,2,0.750,3711
campaign,default,LK_700_01,2,1.120,3741
campaign,default,LK_700_01,2,1.410,3754
campaign,default,LK_700_01,2,1.700,3760
campaign,default,LK_700_01,2,2.560,3761
campaign,default,LK_700_01,3,0.390,3564
campaign,default,LK_700_01,3,0.780,3726
campaign,default,LK_700_01,3,1.150,3748
campaign,default,LK_700_01,3,1.430,3750
campaign,default,LK_700_01,3,1.730,3758
campaign,default,LK_700_01,3,2.320,3759
campaign,default,LK_700_01,3,2.610,3761
campaign,default,LK_700_01,4,0.360,3564
campaign,default,LK_700_01,4,0.730,3716
campaign,default,LK_700_01,4,1.090,3733
campaign,default,LK_700_01,4,1.370,3755
campaign,default,LK_700_01,4,1.650,3759
campaign,default,LK_700_01,4,1.940,3760
campaign,default,LK_700_01,4,3.050,3761
campaign,default,LK_700_01,5,0.400,3556
campaign,default,LK_700_01,5,0.780,3729
campaign,default,LK_700_01,5,1.140,3753
campaign,default,LK_700_01,5,1.410,3754
campaign,default,LK_700_01,5,1.690,3760
campaign,default,LK_700_01,5,1.980,3761
campaign,default,LK_700_01,6,0.380,3564
campaign,default,LK_700_01,6,0.770,3711
campaign,default,LK_700_01,6,1.160,3738
campaign,default,LK_700_01,6,1.460,3755
campaign,default,LK_700_01,6,1.780,3761
campaign,default,LK_700_02,1,0.390,3460
campaign,default,LK_700_02,1,0.760,3587
campaign,default,LK_700_02,1,1.130,3611
campaign,default,LK_700_02,1,1.420,3612
campaign,default,LK_700_02,2,0.370,3460
campaign,default,LK_700_02,2,0.740,3587
campaign,default,LK_700_02,2,1.110,3611
campaign,default,LK_700_02,2,1.670,3612
campaign,default,LK_700_02,3,0.370,3468
campaign,default,LK_700_02,3,0.740,3582
campaign,default,LK_700_02,3,1.100,3612
campaign,default,LK_700_02,4,0.370,3462
campaign,default,LK_700_02,4,0.740,3597
campaign,default,LK_700_02,4,1.090,3611
campaign,default,LK_700_02,4,1.370,3612
campaign,default,LK_700_02,5,0.370,3460
campaign,default,LK_700_02,5,0.730,3583
campaign,default,LK_700_02,5,1.090,3612
campaign,default,LK_700_02,6,0.370,3460
campaign,default,LK_700_02,6,0.760,3593
campaign,default,LK_700_02,6,1.130,3608
campaign,default,LK_700_02,6,1.430,3612
campaign,default,LK_700_03,1,0.410,3638
campaign,default,LK_700_03,1,0.780,3819
campaign,default,LK_700_03,1,1.150,3837
campaign,default,LK_700_03,2,0.390,3638
campaign,default,LK_700_03,2,0.770,3823
campaign,default,LK_700_03,2,1.130,3833
campaign,default,LK_700_03,2,1.410,3837
campaign,default,LK_700_03,3,0.380,3645
campaign,default,LK_700_03,3,0.760,3831
campaign,default,LK_700_03,3,1.140,3837
campaign,default,LK_700_03,4,0.360,3638
campaign,default,LK_700_03,4,0.720,3822
campaign,default,LK_700_03,4,1.080,3830
campaign,default,LK_700_03,4,1.360,3837
campaign,default,LK_700_03,5,0.400,3651
campaign,default,LK_700_03,5,0.760,3829
campaign,default,LK_700_03,5,1.120,3835
campaign,default,LK_700_03,5,1.390,3837
campaign,default,LK_700_03,6,0.390,3638
campaign,default,LK_700_03,6,0.780,3831
campaign,default,LK_700_03,6,1.150,3835
campaign,default,LK_700_03,6,1.450,3837
campaign,default,LK_700_04,1,0.420,3663
campaign,default,LK_700_04,1,0.790,3824
campaign,default,LK_700_04,1,1.160,3832
campaign,default,LK_700_04,1,1.440,3840
campaign,default,LK_700_04,2,0.390,3662
campaign,default,LK_700_04,2,0.760,3782
campaign,default,LK_700_04,2,1.140,3834
campaign,default,LK_700_04,2,1.710,3839
campaign,default,LK_700_04,2,1.990,3840
campaign,default,LK_700_04,3,0.400,3673
campaign,default,LK_700_04,3,0.790,3793
campaign,default,LK_700_04,3,1.170,3819
campaign,default,LK_700_04,3,1.470,3838
campaign,default,LK_700_04,3,2.170,3840
campaign,default,LK_700_04,4,0.370,3669
campaign,default,LK_700_04,4,0.740,3804
campaign,default,LK_700_04,4,1.090,3817
campaign,default,LK_700_04,4,1.370,3831
campaign,default,LK_700_04,4,1.670,3838
campaign,default,LK_700_04,4,1.950,3840
campaign,default,LK_700_04,5,0.360,3669
campaign,default,LK_700_04,5,0.720,3792
campaign,default,LK_700_04,5,1.070,3815
campaign,default,LK_700_04,5,1.350,3840
campaign,default,LK_700_04,6,0.380,3669
campaign,default,LK_700_04,6,0.780,3785
campaign,default,LK_700_04,6,1.150,3820
campaign,default,LK_700_04,6,1.450,3830
campaign,default,LK_700_04,6,1.750,3840
campaign,default,LK_700_05,1,0.370,3660
campaign,default,LK_700_05,1,0.740,3814
campaign,default,LK_700_05,1,1.110,3822
campaign,default,LK_700_05,1,1.400,3829
campaign,default,LK_700_05,1,1.680,3831
campaign,default,LK_700_05,1,2.570,3834
campaign,default,LK_700_05,1,3.460,3842
campaign,default,LK_700_05,2,0.390,3655
campaign,default,LK_700_05,2,0.770,3808
campaign,default,LK_700_05,2,1.130,3821
campaign,default,LK_700_05,2,1.410,3826
campaign,default,LK_700_05,2,2.270,3829
campaign,default,LK_700_05,2,3.420,3830
campaign,default,LK_700_05,2,3.990,3832
campaign,default,LK_700_05,2,4.560,3833
campaign,default,LK_700_05,2,12.860,3834
campaign,default,LK_700_05,2,13.150,3835
campaign,default,LK_700_05,2,13.430,3842
campaign,default,LK_700_05,3,0.390,3667
campaign,default,LK_700_05,3,0.770,3802
campaign,default,LK_700_05,3,1.140,3819
campaign,default,LK_700_05,3,1.440,3826
campaign,default,LK_700_05,3,2.370,3827
campaign,default,LK_700_05,3,3.280,3828
campaign,default,LK_700_05,3,3.580,3830
campaign,default,LK_700_05,3,3.890,3840
campaign,default,LK_700_05,3,4.180,3842
campaign,default,LK_700_05,4,0.370,3653
campaign,default,LK_700_05,4,0.740,3809
campaign,default,LK_700_05,4,1.100,3823
campaign,default,LK_700_05,4,1.380,3824
campaign,default,LK_700_05,4,1.660,3837
campaign,default,LK_700_05,4,1.940,3842
campaign,default,LK_700_05,5,0.350,3660
campaign,default,LK_700_05,5,0.710,3802
campaign,default,LK_700_05,5,1.070,3818
campaign,default,LK_700_05,5,1.350,3822
campaign,default,LK_700_05,5,1.620,3824
campaign,default,LK_700_05,5,1.900,3829
campaign,default,LK_700_05,5,3.330,3830
campaign,default,LK_700_05,5,3.610,3838
campaign,default,LK_700_05,5,3.900,3842
campaign,default,LK_700_05,6,0.350,3672
campaign,default,LK_700_05,6,0.730,3809
campaign,default,LK_700_05,6,1.080,3821
campaign,default,LK_700_05,6,1.360,3828
campaign,default,LK_700_05,6,1.640,3835
campaign,default,LK_700_05,6,1.930,3838
campaign,default,LK_700_05,6,2.200,3842
campaign,default,LK_700_06,1,0.390,3515
campaign,default,LK_700_06,1,0.760,3690
campaign,default,LK_700_06,1,1.130,3718
campaign,default,LK_700_06,1,1.400,3719
campaign,default,LK_700_06,2,0.370,3508
campaign,default,LK_700_06,2,0.750,3690
campaign,default,LK_700_06,2,1.110,3711
campaign,default,LK_700_06,2,1.400,3719
campaign,default,LK_700_06,3,0.390,3508
campaign,default,LK_700_06,3,0.770,3699
campaign,default,LK_700_06,3,1.140,3716
campaign,default,LK_700_06,3,1.440,3718
campaign,default,LK_700_06,3,1.770,3719
campaign,default,LK_700_06,4,0.390,3515
campaign,default,LK_700_06,4,0.750,3690
campaign,default,LK_700_06,4,1.120,3716
campaign,default,LK_700_06,4,1.400,3718
campaign,default,LK_700_06,4,1.670,3719
campaign,default,LK_700_06,5,0.390,3538
campaign,default,LK_700_06,5,0.750,3710
campaign,default,LK_700_06,5,1.100,3718
campaign,default,LK_700_06,5,1.380,3719
campaign,default,LK_700_06,6,0.350,3508
campaign,default,LK_700_06,6,0.730,3690
campaign,default,LK_700_06,6,1.110,3716
campaign,default,LK_700_06,6,1.410,3719
campaign,default,LK_700_07,1,0.360,3503
campaign,default,LK_700_07,1,0.720,3656
campaign,default,LK_700_07,1,1.090,3678
campaign,default,LK_700_07,1,1.370,3681
campaign,default,LK_700_07,1,1.650,3682
campaign,default,LK_700_07,1,2.520,3685
campaign,default,LK_700_07,2,0.390,3491
campaign,default,LK_700_07,2,0.760,3656
campaign,default,LK_700_07,2,1.120,3670
campaign,default,LK_700_07,2,1.410,3681
campaign,default,LK_700_07,2,1.980,3685
campaign,default,LK_700_07,3,0.360,3494
campaign,default,LK_700_07,3,0.740,3656
campaign,default,LK_700_07,3,1.120,3672
campaign,default,LK_700_07,3,1.420,3677
campaign,default,LK_700_07,3,1.740,3681
campaign,default,LK_700_07,3,2.090,3682
campaign,default,LK_700_07,3,2.430,3684
campaign,default,LK_700_07,3,2.770,3685
campaign,default,LK_700_07,4,0.400,3492
campaign,default,LK_700_07,4,0.770,3656
campaign,default,LK_700_07,4,1.130,3675
campaign,default,LK_700_07,4,1.410,3680
campaign,default,LK_700_07,4,1.690,3682
campaign,default,LK_700_07,4,2.240,3685
campaign,default,LK_700_07,5,0.410,3499
campaign,default,LK_700_07,5,0.770,3656
campaign,default,LK_700_07,5,1.130,3671
campaign,default,LK_700_07,5,1.410,3682
campaign,default,LK_700_07,5,2.250,3684
campaign,default,LK_700_07,5,2.530,3685
campaign,default,LK_700_07,6,0.350,3491
campaign,default,LK_700_07,6,0.710,3657
campaign,default,LK_700_07,6,1.060,3675
campaign,default,LK_700_07,6,1.340,3678
campaign,default,LK_700_07,6,1.610,3681
campaign,default,LK_700_07,6,1.900,3685
campaign,default,LK_700_08,1,0.380,3641
campaign,default,LK_700_08,1,0.750,3740
campaign,default,LK_700_08,1,1.110,3766
campaign,default,LK_700_08,1,1.400,3787
campaign,default,LK_700_08,1,1.680,3795
campaign,default,LK_700_08,1,3.740,3796
campaign,default,LK_700_08,2,0.370,3643
campaign,default,LK_700_08,2,0.740,3740
campaign,default,LK_700_08,2,1.100,3778
campaign,default,LK_700_08,2,1.380,3787
campaign,default,LK_700_08,2,1.670,3794
campaign,default,LK_700_08,2,3.640,3795
campaign,default,LK_700_08,2,4.500,3796
campaign,default,LK_700_08,3,0.370,3639
campaign,default,LK_700_08,3,0.750,3762
campaign,default,LK_700_08,3,1.110,3770
campaign,default,LK_700_08,3,1.390,3780
campaign,default,LK_700_08,3,1.670,3791
campaign,default,LK_700_08,3,1.970,3792
campaign,default,LK_700_08,3,2.260,3794
campaign,default,LK_700_08,3,2.560,3796
campaign,default,LK_700_08,4,0.370,3634
campaign,default,LK_700_08,4,0.730,3748
campaign,default,LK_700_08,4,1.090,3774
campaign,default,LK_700_08,4,1.370,3779
campaign,default,LK_700_08,4,1.650,3791
campaign,default,LK_700_08,4,2.210,3792
campaign,default,LK_700_08,4,2.490,3796
campaign,default,LK_700_08,5,0.340,3638
campaign,default,LK_700_08,5,0.700,3744
campaign,default,LK_700_08,5,1.040,3768
campaign,default,LK_700_08,5,1.320,3789
campaign,default,LK_700_08,5,1.590,3790
campaign,default,LK_700_08,5,1.870,3792
campaign,default,LK_700_08,5,12.940,3795
campaign,default,LK_700_08,5,18.630,3796
campaign,default,LK_700_08,6,0.360,3640
campaign,default,LK_700_08,6,0.720,3744
campaign,default,LK_700_08,6,1.080,3785
campaign,default,LK_700_08,6,1.350,3787
campaign,default,LK_700_08,6,1.630,3792
campaign,default,LK_700_08,6,2.210,3795
campaign,default,LK_700_08,6,3.650,3796
campaign,default,LK_700_09,1,0.380,3526
campaign,default,LK_700_09,1,0.750,3640
campaign,default,LK_700_09,1,1.120,3655
campaign,default,LK_700_09,2,0.380,3521
campaign,default,LK_700_09,2,0.750,3654
campaign,default,LK_700_09,2,1.130,3655
campaign,default,LK_700_09,3,0.400,3507
campaign,default,LK_700_09,3,0.780,3645
campaign,default,LK_700_09,3,1.150,3655
campaign,default,LK_700_09,4,0.350,3525
campaign,default,LK_700_09,4,0.710,3629
campaign,default,LK_700_09,4,1.080,3654
campaign,default,LK_700_09,4,1.350,3655
campaign,default,LK_700_09,5,0.350,3531
campaign,default,LK_700_09,5,0.710,3647
campaign,default,LK_700_09,5,1.070,3655
campaign,default,LK_700_09,6,0.360,3510
campaign,default,LK_700_09,6,0.730,3638
campaign,default,LK_700_09,6,1.090,3655
campaign,default,LK_700_10,1,0.370,3652
campaign,default,LK_700_10,1,0.730,3828
campaign,default,LK_700_10,1,1.100,3831
campaign,default,LK_700_10,1,1.650,3832
campaign,default,LK_700_10,2,0.400,3652
campaign,default,LK_700_10,2,0.770,3818
campaign,default,LK_700_10,2,1.140,3831
campaign,default,LK_700_10,2,1.420,3832
campaign,default,LK_700_10,3,0.370,3653
campaign,default,LK_700_10,3,0.750,3799
campaign,default,LK_700_10,3,1.110,3824
campaign,default,LK_700_10,3,1.390,3831
campaign,default,LK_700_10,3,1.670,3832
campaign,default,LK_700_10,4,0.350,3651
campaign,default,LK_700_10,4,0.710,3825
campaign,default,LK_700_10,4,1.070,3830
campaign,default,LK_700_10,4,1.620,3831
campaign,default,LK_700_10,4,1.890,3832
campaign,default,LK_700_10,5,0.610,3658
campaign,default,LK_700_10,5,1.080,3798
campaign,default,LK_700_10,5,1.470,3827
campaign,default,LK_700_10,5,1.750,3832
campaign,default,LK_700_10,6,0.360,3652
campaign,default,LK_700_10,6,0.730,3820
campaign,default,LK_700_10,6,1.090,3827
campaign,default,LK_700_10,6,1.360,3830
campaign,default,LK_700_10,6,1.640,3832
campaign,default,LK_800_01,1,0.440,4067
campaign,default,LK_800_01,1,0.910,4300
campaign,default,LK_800_01,1,1.350,4303
campaign,default,LK_800_01,1,1.720,4307
campaign,default,LK_800_01,1,2.430,4308
campaign,default,LK_800_01,1,7.870,4310
campaign,default,LK_800_01,1,8.580,4311
campaign,default,LK_800_01,2,0.450,4068
campaign,default,LK_800_01,2,0.940,4293
campaign,default,LK_800_01,2,1.370,4305
campaign,default,LK_800_01,2,1.720,4308
campaign,default,LK_800_01,2,4.170,4309
campaign,default,LK_800_01,2,4.520,4310
campaign,default,LK_800_01,2,4.870,4311
campaign,default,LK_800_01,3,0.430,4068
campaign,default,LK_800_01,3,0.890,4299
campaign,default,LK_800_01,3,1.310,4304
campaign,default,LK_800_01,3,1.660,4307
campaign,default,LK_800_01,3,2.700,4308
campaign,default,LK_800_01,3,4.430,4309
campaign,default,LK_800_01,3,5.120,4310
campaign,default,LK_800_01,3,5.470,4311
campaign,default,LK_800_01,4,0.440,4074
campaign,default,LK_800_01,4,0.900,4299
campaign,default,LK_800_01,4,1.320,4304
campaign,default,LK_800_01,4,1.670,4307
campaign,default,LK_800_01,4,5.830,4308
campaign,default,LK_800_01,4,8.950,4310
campaign,default,LK_800_01,4,9.650,4311
campaign,default,LK_800_01,5,0.430,4073
campaign,default,LK_800_01,5,0.910,4298
campaign,default,LK_800_01,5,1.340,4303
campaign,default,LK_800_01,5,1.690,4306
campaign,default,LK_800_01,5,2.040,4307
campaign,default,LK_800_01,5,3.450,4311
campaign,default,LK_800_01,6,0.420,4057
campaign,default,LK_800_01,6,0.850,4298
campaign,default,LK_800_01,6,1.270,4302
campaign,default,LK_800_01,6,1.610,4305
campaign,default,LK_800_01,6,1.940,4307
campaign,default,LK_800_01,6,3.630,4310
campaign,default,LK_800_01,6,3.970,4311
campaign,default,LK_800_02,1,0.460,4028
campaign,default,LK_800_02,1,0.930,4189
campaign,default,LK_800_02,1,1.370,4221
campaign,default,LK_800_02,1,1.750,4224
campaign,default,LK_800_02,1,2.130,4229
campaign,default,LK_800_02,2,0.430,4012
campaign,default,LK_800_02,2,0.910,4199
campaign,default,LK_800_02,2,1.330,4224
campaign,default,LK_800_02,2,1.660,4229
campaign,default,LK_800_02,3,0.430,4017
campaign,default,LK_800_02,3,0.870,4216
campaign,default,LK_800_02,3,1.280,4228
campaign,default,LK_800_02,3,1.950,4229
campaign,default,LK_800_02,4,0.410,4024
campaign,default,LK_800_02,4,0.860,4213
campaign,default,LK_800_02,4,1.280,4227
campaign,default,LK_800_02,4,1.610,4229
campaign,default,LK_800_02,5,0.410,4027
campaign,default,LK_800_02,5,0.860,4205
campaign,default,LK_800_02,5,1.280,4220
campaign,default,LK_800_02,5,1.630,4229
campaign,default,LK_800_02,6,0.430,4017
campaign,default,LK_800_02,6,0.860,4202
campaign,default,LK_800_02,6,1.290,4225
campaign,default,LK_800_02,6,1.640,4229
campaign,default,LK_800_03,1,0.430,3985
campaign,default,LK_800_03,1,0.880,4202
campaign,default,LK_800_03,1,1.300,4247
campaign,default,LK_800_03,1,1.660,4251
campaign,default,LK_800_03,1,2.020,4257
campaign,default,LK_800_03,2,0.490,3977
campaign,default,LK_800_03,2,0.990,4199
campaign,default,LK_800_03,2,1.440,4234
campaign,default,LK_800_03,2,1.790,4257
campaign,default,LK_800_03,3,0.430,3985
campaign,default,LK_800_03,3,0.880,4190
campaign,default,LK_800_03,3,1.290,4231
campaign,default,LK_800_03,3,1.630,4257
campaign,default,LK_800_03,4,0.430,3991
campaign,default,LK_800_03,4,0.880,4200
campaign,default,LK_800_03,4,1.300,4243
campaign,default,LK_800_03,4,1.640,4257
campaign,default,LK_800_03,5,0.430,3973
campaign,default,LK_800_03,5,0.880,4187
campaign,default,LK_800_03,5,1.290,4237
campaign,default,LK_800_03,5,1.640,4257
campaign,default,LK_800_03,6,0.440,3988
campaign,default,LK_800_03,6,0.880,4190
campaign,default,LK_800_03,6,1.320,4247
campaign,default,LK_800_03,6,1.670,4257
campaign,default,LK_800_04,1,0.440,4057
campaign,default,LK_800_04,1,0.900,4198
campaign,default,LK_800_04,1,1.340,4214
campaign,default,LK_800_04,1,1.690,4215
campaign,default,LK_800_04,1,2.060,4217
campaign,default,LK_800_04,2,0.430,4056
campaign,default,LK_800_04,2,0.890,4193
campaign,default,LK_800_04,2,1.320,4207
campaign,default,LK_800_04,2,1.670,4209
campaign,default,LK_800_04,2,2.030,4217
campaign,default,LK_800_04,3,0.440,4053
campaign,default,LK_800_04,3,0.890,4163
campaign,default,LK_800_04,3,1.310,4212
campaign,default,LK_800_04,3,1.650,4213
campaign,default,LK_800_04,3,1.980,4216
campaign,default,LK_800_04,3,2.320,4217
campaign,default,LK_800_04,4,0.430,4055
campaign,default,LK_800_04,4,0.910,4152
campaign,default,LK_800_04,4,1.320,4191
campaign,default,LK_800_04,4,1.660,4196
campaign,default,LK_800_04,4,2.000,4214
campaign,default,LK_800_04,4,2.340,4217
campaign,default,LK_800_04,5,0.420,4056
campaign,default,LK_800_04,5,0.880,4152
campaign,default,LK_800_04,5,1.290,4184
campaign,default,LK_800_04,5,1.640,4197
campaign,default,LK_800_04,5,1.990,4208
campaign,default,LK_800_04,5,2.340,4212
campaign,default,LK_800_04,5,2.680,4216
campaign,default,LK_800_04,5,3.030,4217
campaign,default,LK_800_04,6,0.460,4059
campaign,default,LK_800_04,6,0.900,4170
campaign,default,LK_800_04,6,1.300,4189
campaign,default,LK_800_04,6,1.630,4205
campaign,default,LK_800_04,6,1.960,4208
campaign,default,LK_800_04,6,2.300,4217
campaign,default,LK_800_05,1,0.460,4009
campaign,default,LK_800_05,1,0.950,4205
campaign,default,LK_800_05,1,1.400,4228
campaign,default,LK_800_05,1,1.770,4231
campaign,default,LK_800_05,2,0.480,3998
campaign,default,LK_800_05,2,0.950,4218
campaign,default,LK_800_05,2,1.380,4230
campaign,default,LK_800_05,2,1.740,4231
campaign,default,LK_800_05,3,0.420,4017
campaign,default,LK_800_05,3,0.890,4221
campaign,default,LK_800_05,3,1.320,4229
campaign,default,LK_800_05,3,1.660,4231
campaign,default,LK_800_05,4,0.450,4007
campaign,default,LK_800_05,4,0.900,4205
campaign,default,LK_800_05,4,1.320,4227
campaign,default,LK_800_05,4,1.660,4231
campaign,default,LK_800_05,5,0.420,4010
campaign,default,LK_800_05,5,0.870,4209
campaign,default,LK_800_05,5,1.290,4228
campaign,default,LK_800_05,5,1.650,4231
campaign,default,LK_800_05,6,0.420,4004
campaign,default,LK_800_05,6,0.840,4210
campaign,default,LK_800_05,6,1.260,4229
campaign,default,LK_800_05,6,1.600,4231
campaign,default,LK_800_06,1,0.460,4165
campaign,default,LK_800_06,1,0.960,4385
campaign,default,LK_800_06,1,1.430,4422
campaign,default,LK_800_06,2,0.440,4168
campaign,default,LK_800_06,2,0.900,4402
campaign,default,LK_800_06,2,1.340,4422
campaign,default,LK_800_06,3,0.490,4190
campaign,default,LK_800_06,3,0.960,4406
campaign,default,LK_800_06,3,1.380,4421
campaign,default,LK_800_06,3,1.740,4422
campaign,default,LK_800_06,4,0.430,4158
campaign,default,LK_800_06,4,0.890,4386
campaign,default,LK_800_06,4,1.340,4422
campaign,default,LK_800_06,5,0.440,4164
campaign,default,LK_800_06,5,0.890,4388
campaign,default,LK_800_06,5,1.330,4421
campaign,default,LK_800_06,5,1.690,4422
campaign,default,LK_800_06,6,0.410,4179
campaign,default,LK_800_06,6,0.870,4389
campaign,default,LK_800_06,6,1.290,4422
campaign,default,LK_800_07,1,0.480,4086
campaign,default,LK_800_07,1,1.130,4271
campaign,default,LK_800_07,1,1.560,4284
campaign,default,LK_800_07,1,1.920,4290
campaign,default,LK_800_07,1,2.280,4299
campaign,default,LK_800_07,1,2.640,4302
campaign,default,LK_800_07,2,0.430,4094
campaign,default,LK_800_07,2,0.890,4269
campaign,default,LK_800_07,2,1.310,4288
campaign,default,LK_800_07,2,1.650,4302
campaign,default,LK_800_07,3,0.450,4095
campaign,default,LK_800_07,3,0.900,4269
campaign,default,LK_800_07,3,1.310,4285
campaign,default,LK_800_07,3,1.650,4302
campaign,default,LK_800_07,4,0.430,4106
campaign,default,LK_800_07,4,0.890,4268
campaign,default,LK_800_07,4,1.300,4285
campaign,default,LK_800_07,4,1.640,4298
campaign,default,LK_800_07,4,1.980,4302
campaign,default,LK_800_07,5,0.430,4098
campaign,default,LK_800_07,5,0.890,4295
campaign,default,LK_800_07,5,1.310,4297
campaign,default,LK_800_07,5,1.650,4298
campaign,default,LK_800_07,5,2.000,4302
campaign,default,LK_800_07,6,0.450,4096
campaign,default,LK_800_07,6,0.880,4287
campaign,default,LK_800_07,6,1.300,4292
campaign,default,LK_800_07,6,1.640,4298
campaign,default,LK_800_07,6,2.310,4302
campaign,default,LK_800_08,1,0.500,3939
campaign,default,LK_800_08,1,0.990,4129
campaign,default,LK_800_08,1,1.470,4145
campaign,default,LK_800_08,1,2.230,4150
campaign,default,LK_800_08,1,3.650,4151
campaign,default,LK_800_08,1,4.000,4153
campaign,default,LK_800_08,1,5.070,4154
campaign,default,LK_800_08,1,7.200,4156
campaign,default,LK_800_08,1,42.980,4157
campaign,default,LK_800_08,1,45.610,4158
campaign,default,LK_800_08,2,0.440,3937
campaign,default,LK_800_08,2,0.890,4105
campaign,default,LK_800_08,2,1.310,4129
campaign,default,LK_800_08,2,1.650,4144
campaign,default,LK_800_08,2,2.000,4151
campaign,default,LK_800_08,2,2.710,4153
campaign,default,LK_800_08,2,3.430,4154
campaign,default,LK_800_08,2,4.500,4155
campaign,default,LK_800_08,2,5.200,4157
campaign,default,LK_800_08,2,5.550,4158
campaign,default,LK_800_08,3,0.430,3939
campaign,default,LK_800_08,3,0.870,4127
campaign,default,LK_800_08,3,1.280,4134
campaign,default,LK_800_08,3,1.620,4143
campaign,default,LK_800_08,3,1.970,4151
campaign,default,LK_800_08,3,2.320,4153
campaign,default,LK_800_08,3,3.370,4154
campaign,default,LK_800_08,3,23.110,4156
campaign,default,LK_800_08,3,23.800,4157
campaign,default,LK_800_08,3,24.470,4158
campaign,default,LK_800_08,4,0.420,3939
campaign,default,LK_800_08,4,0.870,4120
campaign,default,LK_800_08,4,1.280,4143
campaign,default,LK_800_08,4,1.620,4146
campaign,default,LK_800_08,4,1.960,4156
campaign,default,LK_800_08,4,2.660,4157
campaign,default,LK_800_08,4,3.350,4158
campaign,default,LK_800_08,5,0.420,3933
campaign,default,LK_800_08,5,0.860,4125
campaign,default,LK_800_08,5,1.270,4141
campaign,default,LK_800_08,5,1.620,4150
campaign,default,LK_800_08,5,1.960,4152
campaign,default,LK_800_08,5,2.310,4153
campaign,default,LK_800_08,5,2.650,4154
campaign,default,LK_800_08,5,34.530,4155
campaign,default,LK_800_08,5,36.250,4158
campaign,default,LK_800_08,6,0.430,3942
campaign,default,LK_800_08,6,0.860,4113
campaign,default,LK_800_08,6,1.280,4140
campaign,default,LK_800_08,6,1.610,4146
campaign,default,LK_800_08,6,1.950,4150
campaign,default,LK_800_08,6,2.290,4153
campaign,default,LK_800_08,6,2.970,4154
campaign,default,LK_800_08,6,3.310,4156
campaign,default,LK_800_08,6,3.650,4157
campaign,default,LK_800_08,6,4.340,4158
campaign,default,LK_800_09,1,0.430,4128
campaign,default,LK_800_09,1,0.890,4265
campaign,default,LK_800_09,1,1.310,4291
campaign,default,LK_800_09,1,1.690,4299
campaign,default,LK_800_09,1,2.860,4300
campaign,default,LK_800_09,1,3.210,4301
campaign,default,LK_800_09,1,3.600,4305
campaign,default,LK_800_09,1,5.010,4306
campaign,default,LK_800_09,2,0.440,4131
campaign,default,LK_800_09,2,0.900,4281
campaign,default,LK_800_09,2,1.320,4295
campaign,default,LK_800_09,2,1.670,4304
campaign,default,LK_800_09,2,2.020,4305
campaign,default,LK_800_09,2,2.360,4306
campaign,default,LK_800_09,3,0.520,4138
campaign,default,LK_800_09,3,0.980,4281
campaign,default,LK_800_09,3,1.400,4290
campaign,default,LK_800_09,3,1.750,4296
campaign,default,LK_800_09,3,2.110,4299
campaign,default,LK_800_09,3,2.810,4300
campaign,default,LK_800_09,3,3.150,4305
campaign,default,LK_800_09,3,3.500,4306
campaign,default,LK_800_09,4,0.430,4132
campaign,default,LK_800_09,4,0.890,4273
campaign,default,LK_800_09,4,1.310,4297
campaign,default,LK_800_09,4,1.650,4299
campaign,default,LK_800_09,4,1.990,4305
campaign,default,LK_800_09,4,3.350,4306
campaign,default,LK_800_09,5,0.440,4132
campaign,default,LK_800_09,5,0.890,4280
campaign,default,LK_800_09,5,1.310,4291
campaign,default,LK_800_09,5,1.660,4297
campaign,default,LK_800_09,5,2.010,4300
campaign,default,LK_800_09,5,2.360,4301
campaign,default,LK_800_09,5,2.710,4306
campaign,default,LK_800_09,6,0.420,4116
campaign,default,LK_800_09,6,0.860,4279
campaign,default,LK_800_09,6,1.270,4293
campaign,default,LK_800_09,6,1.620,4299
campaign,default,LK_800_09,6,1.960,4300
campaign,default,LK_800_09,6,2.300,4303
campaign,default,LK_800_09,6,2.630,4306
campaign,default,LK_800_10,1,0.490,4034
campaign,default,LK_800_10,1,0.980,4251
campaign,default,LK_800_10,1,1.490,4260
campaign,default,LK_800_10,1,1.880,4267
campaign,default,LK_800_10,1,2.270,4277
campaign,default,LK_800_10,1,2.660,4278
campaign,default,LK_800_10,1,3.050,4281
campaign,default,LK_800_10,1,3.440,4283
campaign,default,LK_800_10,1,3.830,4285
campaign,default,LK_800_10,2,0.440,4035
campaign,default,LK_800_10,2,0.880,4251
campaign,default,LK_800_10,2,1.290,4281
campaign,default,LK_800_10,2,1.630,4282
campaign,default,LK_800_10,2,1.980,4285
campaign,default,LK_800_10,3,0.420,4035
campaign,default,LK_800_10,3,0.880,4244
campaign,default,LK_800_10,3,1.300,4268
campaign,default,LK_800_10,3,1.640,4274
campaign,default,LK_800_10,3,1.980,4278
campaign,default,LK_800_10,3,2.320,4280
campaign,default,LK_800_10,3,2.660,4285
campaign,default,LK_800_10,4,0.440,4038
campaign,default,LK_800_10,4,0.890,4240
campaign,default,LK_800_10,4,1.310,4273
campaign,default,LK_800_10,4,1.650,4278
campaign,default,LK_800_10,4,1.980,4282
campaign,default,LK_800_10,4,3.350,4283
campaign,default,LK_800_10,4,3.690,4284
campaign,default,LK_800_10,4,4.710,4285
campaign,default,LK_800_10,5,0.430,4025
campaign,default,LK_800_10,5,0.880,4248
campaign,default,LK_800_10,5,1.290,4276
campaign,default,LK_800_10,5,1.980,4280
campaign,default,LK_800_10,5,2.330,4282
campaign,default,LK_800_10,5,3.020,4283
campaign,default,LK_800_10,5,3.720,4284
campaign,default,LK_800_10,5,4.410,4285
campaign,default,LK_800_10,6,0.450,4029
campaign,default,LK_800_10,6,0.890,4251
campaign,default,LK_800_10,6,1.320,4268
campaign,default,LK_800_10,6,1.680,4276
campaign,default,LK_800_10,6,2.040,4280
campaign,default,LK_800_10,6,2.400,4283
campaign,default,LK_800_10,6,3.140,4284
campaign,default,LK_800_10,6,3.860,4285
campaign,default,LK_1000_01,1,0.520,4897
campaign,default,LK_1000_01,1,1.030,5135
campaign,default,LK_1000_01,1,1.510,5167
campaign,default,LK_1000_01,1,1.940,5174
campaign,default,LK_1000_01,1,2.320,5176
campaign,default,LK_1000_01,1,2.700,5180
campaign,default,LK_1000_01,1,3.450,5183
campaign,default,LK_1000_01,1,3.830,5184
campaign,default,LK_1000_01,2,0.560,4901
campaign,default,LK_1000_01,2,1.030,5128
campaign,default,LK_1000_01,2,1.480,5165
campaign,default,LK_1000_01,2,1.840,5174
campaign,default,LK_1000_01,2,2.210,5175
campaign,default,LK_1000_01,2,2.570,5180
campaign,default,LK_1000_01,2,2.930,5184
campaign,default,LK_1000_01,3,0.500,4902
campaign,default,LK_1000_01,3,0.970,5147
campaign,default,LK_1000_01,3,1.410,5174
campaign,default,LK_1000_01,3,1.770,5183
campaign,default,LK_1000_01,3,2.140,5184
campaign,default,LK_1000_01,4,0.510,4908
campaign,default,LK_1000_01,4,0.980,5143
campaign,default,LK_1000_01,4,1.420,5166
campaign,default,LK_1000_01,4,1.780,5174
campaign,default,LK_1000_01,4,2.150,5176
campaign,default,LK_1000_01,4,2.510,5180
campaign,default,LK_1000_01,4,2.870,5181
campaign,default,LK_1000_01,4,3.230,5184
campaign,default,LK_1000_01,5,0.490,4910
campaign,default,LK_1000_01,5,0.970,5149
campaign,default,LK_1000_01,5,1.410,5164
campaign,default,LK_1000_01,5,1.780,5171
campaign,default,LK_1000_01,5,2.150,5180
campaign,default,LK_1000_01,5,2.890,5183
campaign,default,LK_1000_01,5,3.270,5184
campaign,default,LK_1000_01,6,0.500,4902
campaign,default,LK_1000_01,6,0.970,5141
campaign,default,LK_1000_01,6,1.430,5165
campaign,default,LK_1000_01,6,1.820,5173
campaign,default,LK_1000_01,6,2.210,5180
campaign,default,LK_1000_01,6,2.600,5183
campaign,default,LK_1000_01,6,3.380,5184
campaign,default,LK_1000_02,1,0.550,4886
campaign,default,LK_1000_02,1,1.120,5109
campaign,default,LK_1000_02,1,1.650,5139
campaign,default,LK_1000_02,1,2.060,5147
campaign,default,LK_1000_02,1,2.480,5158
campaign,default,LK_1000_02,1,2.890,5161
campaign,default,LK_1000_02,1,6.840,5162
campaign,default,LK_1000_02,1,7.250,5165
campaign,default,LK_1000_02,1,36.400,5167
campaign,default,LK_1000_02,2,0.480,4899
campaign,default,LK_1000_02,2,0.990,5113
campaign,default,LK_1000_02,2,1.430,5142
campaign,default,LK_1000_02,2,1.800,5156
campaign,default,LK_1000_02,2,2.530,5160
campaign,default,LK_1000_02,2,3.260,5161
campaign,default,LK_1000_02,2,6.550,5163
campaign,default,LK_1000_02,2,9.450,5165
campaign,default,LK_1000_02,3,0.580,4895
campaign,default,LK_1000_02,3,1.060,5114
campaign,default,LK_1000_02,3,1.500,5139
campaign,default,LK_1000_02,3,1.870,5149
campaign,default,LK_1000_02,3,2.250,5158
campaign,default,LK_1000_02,3,3.000,5161
campaign,default,LK_1000_02,3,4.860,5162
campaign,default,LK_1000_02,3,9.280,5163
campaign,default,LK_1000_02,3,9.650,5164
campaign,default,LK_1000_02,3,14.120,5165
campaign,default,LK_1000_02,3,15.230,5167
campaign,default,LK_1000_02,4,0.490,4886
campaign,default,LK_1000_02,4,0.970,5108
campaign,default,LK_1000_02,4,1.410,5148
campaign,default,LK_1000_02,4,1.780,5159
campaign,default,LK_1000_02,4,2.140,5160
campaign,default,LK_1000_02,4,2.500,5161
campaign,default,LK_1000_02,4,7.250,5162
campaign,default,LK_1000_02,4,58.740,5165
campaign,default,LK_1000_02,5,0.480,4883
campaign,default,LK_1000_02,5,0.950,5107
campaign,default,LK_1000_02,5,1.400,5141
campaign,default,LK_1000_02,5,1.770,5157
campaign,default,LK_1000_02,5,2.150,5160
campaign,default,LK_1000_02,5,2.520,5161
campaign,default,LK_1000_02,5,5.860,5162
campaign,default,LK_1000_02,5,97.450,5166
campaign,default,LK_1000_02,5,111.240,5167
campaign,default,LK_1000_02,6,0.510,4892
campaign,default,LK_1000_02,6,1.000,5133
campaign,default,LK_1000_02,6,1.460,5143
campaign,default,LK_1000_02,6,1.870,5153
campaign,default,LK_1000_02,6,2.260,5158
campaign,default,LK_1000_02,6,2.650,5161
campaign,default,LK_1000_02,6,3.840,5165
campaign,default,LK_1000_03,1,0.520,5015
campaign,default,LK_1000_03,1,1.050,5302
campaign,default,LK_1000_03,1,1.570,5365
campaign,default,LK_1000_03,1,1.980,5388
campaign,default,LK_1000_03,1,2.390,5394
campaign,default,LK_1000_03,1,2.780,5395
campaign,default,LK_1000_03,2,0.500,5009
campaign,default,LK_1000_03,2,0.980,5295
campaign,default,LK_1000_03,2,1.420,5367
campaign,default,LK_1000_03,2,1.790,5376
campaign,default,LK_1000_03,2,2.150,5385
campaign,default,LK_1000_03,2,2.510,5391
campaign,default,LK_1000_03,2,2.870,5395
campaign,default,LK_1000_03,3,0.510,5025
campaign,default,LK_1000_03,3,0.980,5313
campaign,default,LK_1000_03,3,1.420,5377
campaign,default,LK_1000_03,3,1.800,5382
campaign,default,LK_1000_03,3,2.170,5391
campaign,default,LK_1000_03,3,2.550,5394
campaign,default,LK_1000_03,3,2.900,5395
campaign,default,LK_1000_03,4,0.520,5016
campaign,default,LK_1000_03,4,1.020,5305
campaign,default,LK_1000_03,4,1.460,5374
campaign,default,LK_1000_03,4,1.820,5383
campaign,default,LK_1000_03,4,2.190,5389
campaign,default,LK_1000_03,4,2.550,5395
campaign,default,LK_1000_03,5,0.500,5007
campaign,default,LK_1000_03,5,0.970,5319
campaign,default,LK_1000_03,5,1.410,5364
campaign,default,LK_1000_03,5,1.780,5383
campaign,default,LK_1000_03,5,2.150,5387
campaign,default,LK_1000_03,5,2.520,5392
campaign,default,LK_1000_03,5,2.890,5395
campaign,default,LK_1000_03,6,0.500,5029
campaign,default,LK_1000_03,6,0.980,5308
campaign,default,LK_1000_03,6,1.440,5381
campaign,default,LK_1000_03,6,1.840,5388
campaign,default,LK_1000_03,6,2.230,5395
campaign,default,LK_1000_04,1,0.490,5129
campaign,default,LK_1000_04,1,0.960,5395
campaign,default,LK_1000_04,1,1.390,5427
campaign,default,LK_1000_04,1,1.760,5431
campaign,default,LK_1000_04,1,13.560,5432
campaign,default,LK_1000_04,2,0.500,5112
campaign,default,LK_1000_04,2,0.970,5409
campaign,default,LK_1000_04,2,1.410,5425
campaign,default,LK_1000_04,2,1.760,5430
campaign,default,LK_1000_04,2,2.110,5431
campaign,default,LK_1000_04,2,20.800,5432
campaign,default,LK_1000_04,3,0.500,5150
campaign,default,LK_1000_04,3,0.960,5409
campaign,default,LK_1000_04,3,1.400,5426
campaign,default,LK_1000_04,3,1.750,5429
campaign,default,LK_1000_04,3,2.100,5430
campaign,default,LK_1000_04,3,2.450,5431
campaign,default,LK_1000_04,3,3.870,5432
campaign,default,LK_1000_04,4,0.530,5139
campaign,default,LK_1000_04,4,1.030,5409
campaign,default,LK_1000_04,4,1.520,5426
campaign,default,LK_1000_04,4,1.900,5430
campaign,default,LK_1000_04,4,2.260,5431
campaign,default,LK_1000_04,4,94.790,5432
campaign,default,LK_1000_04,5,0.500,5132
campaign,default,LK_1000_04,5,0.960,5409
campaign,default,LK_1000_04,5,1.410,5421
campaign,default,LK_1000_04,5,1.760,5430
campaign,default,LK_1000_04,5,2.480,5431
campaign,default,LK_1000_04,5,32.920,5432
campaign,default,LK_1000_04,6,0.510,5127
campaign,default,LK_1000_04,6,0.980,5395
campaign,default,LK_1000_04,6,1.440,5428
campaign,default,LK_1000_04,6,1.810,5430
campaign,default,LK_1000_04,6,2.560,5431
campaign,default,LK_1000_04,6,32.030,5432
campaign,default,LK_1000_05,1,0.510,5038
campaign,default,LK_1000_05,1,0.990,5253
campaign,default,LK_1000_05,1,1.460,5292
campaign,default,LK_1000_05,1,1.840,5295
campaign,default,LK_1000_05,1,2.220,5306
campaign,default,LK_1000_05,1,2.600,5313
campaign,default,LK_1000_05,1,2.970,5314
campaign,default,LK_1000_05,2,0.500,5025
campaign,default,LK_1000_05,2,0.970,5235
campaign,default,LK_1000_05,2,1.410,5284
campaign,default,LK_1000_05,2,1.780,5295
campaign,default,LK_1000_05,2,2.150,5307
campaign,default,LK_1000_05,2,2.520,5312
campaign,default,LK_1000_05,2,2.880,5314
campaign,default,LK_1000_05,3,0.520,5017
campaign,default,LK_1000_05,3,0.990,5251
campaign,default,LK_1000_05,3,1.430,5288
campaign,default,LK_1000_05,3,1.790,5299
campaign,default,LK_1000_05,3,2.170,5310
campaign,default,LK_1000_05,3,2.910,5313
campaign,default,LK_1000_05,3,3.650,5314
campaign,default,LK_1000_05,4,0.530,5051
campaign,default,LK_1000_05,4,1.090,5242
campaign,default,LK_1000_05,4,1.590,5282
campaign,default,LK_1000_05,4,2.020,5290
campaign,default,LK_1000_05,4,2.420,5296
campaign,default,LK_1000_05,4,2.800,5298
campaign,default,LK_1000_05,4,3.180,5303
campaign,default,LK_1000_05,4,3.560,5304
campaign,default,LK_1000_05,4,4.320,5306
campaign,default,LK_1000_05,4,4.700,5307
campaign,default,LK_1000_05,4,7.040,5309
campaign,default,LK_1000_05,4,8.290,5310
campaign,default,LK_1000_05,4,8.710,5313
campaign,default,LK_1000_05,4,9.120,5314
campaign,default,LK_1000_05,5,0.510,5051
campaign,default,LK_1000_05,5,0.980,5240
campaign,default,LK_1000_05,5,1.420,5284
campaign,default,LK_1000_05,5,1.790,5294
campaign,default,LK_1000_05,5,2.170,5307
campaign,default,LK_1000_05,5,2.910,5310
campaign,default,LK_1000_05,5,4.390,5313
campaign,default,LK_1000_05,5,5.130,5314
campaign,default,LK_1000_05,6,0.540,5040
campaign,default,LK_1000_05,6,1.030,5275
campaign,default,LK_1000_05,6,1.520,5287
campaign,default,LK_1000_05,6,1.930,5306
campaign,default,LK_1000_05,6,2.740,5309
campaign,default,LK_1000_05,6,3.150,5311
campaign,default,LK_1000_05,6,3.550,5314
campaign,default,LK_1000_06,1,0.520,4952
campaign,default,LK_1000_06,1,1.000,5257
campaign,default,LK_1000_06,1,1.450,5323
campaign,default,LK_1000_06,1,1.820,5335
campaign,default,LK_1000_06,1,2.190,5344
campaign,default,LK_1000_06,1,2.560,5353
campaign,default,LK_1000_06,1,2.940,5354
campaign,default,LK_1000_06,1,3.300,5356
campaign,default,LK_1000_06,2,0.510,4943
campaign,default,LK_1000_06,2,0.980,5265
campaign,default,LK_1000_06,2,1.410,5331
campaign,default,LK_1000_06,2,1.770,5350
campaign,default,LK_1000_06,2,2.130,5356
campaign,default,LK_1000_06,3,0.510,4946
campaign,default,LK_1000_06,3,1.000,5265
campaign,default,LK_1000_06,3,1.450,5311
campaign,default,LK_1000_06,3,1.810,5335
campaign,default,LK_1000_06,3,2.170,5348
campaign,default,LK_1000_06,3,2.540,5350
campaign,default,LK_1000_06,3,2.890,5351
campaign,default,LK_1000_06,3,3.250,5356
campaign,default,LK_1000_06,4,0.560,4961
campaign,default,LK_1000_06,4,1.040,5272
campaign,default,LK_1000_06,4,1.520,5313
campaign,default,LK_1000_06,4,1.890,5324
campaign,default,LK_1000_06,4,2.270,5346
campaign,default,LK_1000_06,4,2.650,5348
campaign,default,LK_1000_06,4,3.030,5356
campaign,default,LK_1000_06,5,0.500,4944
campaign,default,LK_1000_06,5,0.960,5265
campaign,default,LK_1000_06,5,1.400,5323
campaign,default,LK_1000_06,5,1.760,5339
campaign,default,LK_1000_06,5,2.130,5342
campaign,default,LK_1000_06,5,2.500,5348
campaign,default,LK_1000_06,5,3.230,5352
campaign,default,LK_1000_06,5,3.600,5353
campaign,default,LK_1000_06,5,3.970,5355
campaign,default,LK_1000_06,5,5.060,5356
campaign,default,LK_1000_06,6,0.500,4941
campaign,default,LK_1000_06,6,0.950,5265
campaign,default,LK_1000_06,6,1.380,5318
campaign,default,LK_1000_06,6,1.730,5337
campaign,default,LK_1000_06,6,2.090,5342
campaign,default,LK_1000_06,6,2.460,5352
campaign,default,LK_1000_06,6,2.820,5354
campaign,default,LK_1000_06,6,3.540,5355
campaign,default,LK_1000_06,6,10.410,5356
campaign,default,LK_1000_07,1,0.520,4992
campaign,default,LK_1000_07,1,1.000,5208
campaign,default,LK_1000_07,1,1.440,5242
campaign,default,LK_1000_07,1,1.820,5260
campaign,default,LK_1000_07,1,2.200,5267
campaign,default,LK_1000_07,1,2.970,5269
campaign,default,LK_1000_07,1,4.480,5273
campaign,default,LK_1000_07,2,0.510,5003
campaign,default,LK_1000_07,2,0.990,5205
campaign,default,LK_1000_07,2,1.440,5237
campaign,default,LK_1000_07,2,1.800,5249
campaign,default,LK_1000_07,2,2.180,5261
campaign,default,LK_1000_07,2,2.540,5266
campaign,default,LK_1000_07,2,2.920,5268
campaign,default,LK_1000_07,2,3.290,5269
campaign,default,LK_1000_07,2,4.030,5270
campaign,default,LK_1000_07,2,6.250,5271
campaign,default,LK_1000_07,2,19.900,5272
campaign,default,LK_1000_07,2,20.270,5273
campaign,default,LK_1000_07,3,0.490,4990
campaign,default,LK_1000_07,3,0.960,5191
campaign,default,LK_1000_07,3,1.410,5243
campaign,default,LK_1000_07,3,1.770,5247
campaign,default,LK_1000_07,3,2.150,5263
campaign,default,LK_1000_07,3,2.530,5266
campaign,default,LK_1000_07,3,3.270,5271
campaign,default,LK_1000_07,3,92.640,5272
campaign,default,LK_1000_07,3,93.010,5273
campaign,default,LK_1000_07,4,0.480,4999
campaign,default,LK_1000_07,4,0.990,5219
campaign,default,LK_1000_07,4,1.480,5241
campaign,default,LK_1000_07,4,1.860,5257
campaign,default,LK_1000_07,4,2.260,5265
campaign,default,LK_1000_07,4,2.680,5269
campaign,default,LK_1000_07,4,3.920,5272
campaign,default,LK_1000_07,4,5.120,5273
campaign,default,LK_1000_07,5,0.490,4989
campaign,default,LK_1000_07,5,0.960,5187
campaign,default,LK_1000_07,5,1.400,5239
campaign,default,LK_1000_07,5,1.780,5263
campaign,default,LK_1000_07,5,2.540,5264
campaign,default,LK_1000_07,5,2.920,5266
campaign,default,LK_1000_07,5,3.290,5267
campaign,default,LK_1000_07,5,3.670,5270
campaign,default,LK_1000_07,5,10.450,5271
campaign,default,LK_1000_07,5,16.450,5272
campaign,default,LK_1000_07,6,0.480,4994
campaign,default,LK_1000_07,6,0.930,5202
campaign,default,LK_1000_07,6,1.360,5246
campaign,default,LK_1000_07,6,1.720,5261
campaign,default,LK_1000_07,6,2.100,5266
campaign,default,LK_1000_07,6,2.850,5268
campaign,default,LK_1000_07,6,3.220,5270
campaign,default,LK_1000_07,6,3.970,5271
campaign,default,LK_1000_07,6,40.070,5272
campaign,default,LK_1000_07,6,49.770,5273
campaign,default,LK_1000_08,1,0.520,5139
campaign,default,LK_1000_08,1,1.010,5308
campaign,default,LK_1000_08,1,1.460,5349
campaign,default,LK_1000_08,1,1.830,5353
campaign,default,LK_1000_08,1,2.200,5372
campaign,default,LK_1000_08,1,2.580,5380
campaign,default,LK_1000_08,1,2.960,5382
campaign,default,LK_1000_08,1,3.330,5393
campaign,default,LK_1000_08,1,3.710,5394
campaign,default,LK_1000_08,2,0.500,5147
campaign,default,LK_1000_08,2,0.980,5307
campaign,default,LK_1000_08,2,1.420,5344
campaign,default,LK_1000_08,2,1.780,5356
campaign,default,LK_1000_08,2,2.150,5363
campaign,default,LK_1000_08,2,2.510,5370
campaign,default,LK_1000_08,2,2.880,5372
campaign,default,LK_1000_08,2,3.610,5373
campaign,default,LK_1000_08,2,3.980,5376
campaign,default,LK_1000_08,2,6.170,5381
campaign,default,LK_1000_08,2,7.260,5386
campaign,default,LK_1000_08,2,7.630,5389
campaign,default,LK_1000_08,2,7.990,5394
campaign,default,LK_1000_08,3,0.540,5138
campaign,default,LK_1000_08,3,1.020,5311
campaign,default,LK_1000_08,3,1.460,5361
campaign,default,LK_1000_08,3,1.830,5369
campaign,default,LK_1000_08,3,2.190,5373
campaign,default,LK_1000_08,3,2.560,5389
campaign,default,LK_1000_08,3,2.920,5394
campaign,default,LK_1000_08,4,0.510,5130
campaign,default,LK_1000_08,4,0.990,5325
campaign,default,LK_1000_08,4,1.460,5338
campaign,default,LK_1000_08,4,1.830,5357
campaign,default,LK_1000_08,4,2.210,5390
campaign,default,LK_1000_08,4,2.590,5394
campaign,default,LK_1000_08,5,0.500,5129
campaign,default,LK_1000_08,5,0.980,5312
campaign,default,LK_1000_08,5,1.410,5335
campaign,default,LK_1000_08,5,1.780,5360
campaign,default,LK_1000_08,5,2.160,5376
campaign,default,LK_1000_08,5,2.530,5383
campaign,default,LK_1000_08,5,2.900,5393
campaign,default,LK_1000_08,5,3.280,5394
campaign,default,LK_1000_08,6,0.490,5159
campaign,default,LK_1000_08,6,0.930,5304
campaign,default,LK_1000_08,6,1.360,5339
campaign,default,LK_1000_08,6,1.720,5361
campaign,default,LK_1000_08,6,2.090,5367
campaign,default,LK_1000_08,6,2.460,5371
campaign,default,LK_1000_08,6,2.830,5377
campaign,default,LK_1000_08,6,3.200,5380
campaign,default,LK_1000_08,6,3.570,5390
campaign,default,LK_1000_08,6,3.940,5391
campaign,default,LK_1000_08,6,4.300,5394
campaign,default,LK_1000_09,1,0.520,5099
campaign,default,LK_1000_09,1,1.010,5317
campaign,default,LK_1000_09,1,1.450,5335
campaign,default,LK_1000_09,1,1.830,5340
campaign,default,LK_1000_09,1,2.200,5345
campaign,default,LK_1000_09,1,6.350,5346
campaign,default,LK_1000_09,2,0.490,5120
campaign,default,LK_1000_09,2,0.960,5320
campaign,default,LK_1000_09,2,1.400,5337
campaign,default,LK_1000_09,2,1.770,5342
campaign,default,LK_1000_09,2,2.500,5345
campaign,default,LK_1000_09,3,0.500,5104
campaign,default,LK_1000_09,3,0.980,5306
campaign,default,LK_1000_09,3,1.410,5334
campaign,default,LK_1000_09,3,1.770,5342
campaign,default,LK_1000_09,3,2.140,5345
campaign,default,LK_1000_09,4,0.510,5093
campaign,default,LK_1000_09,4,0.980,5321
campaign,default,LK_1000_09,4,1.430,5334
campaign,default,LK_1000_09,4,1.800,5342
campaign,default,LK_1000_09,4,2.180,5345
campaign,default,LK_1000_09,5,0.500,5103
campaign,default,LK_1000_09,5,0.970,5320
campaign,default,LK_1000_09,5,1.420,5334
campaign,default,LK_1000_09,5,1.790,5343
campaign,default,LK_1000_09,5,2.160,5345
campaign,default,LK_1000_09,6,0.490,5083
campaign,default,LK_1000_09,6,0.940,5320
campaign,default,LK_1000_09,6,1.370,5340
campaign,default,LK_1000_09,6,2.090,5345
campaign,default,LK_1000_10,1,0.630,5142
campaign,default,LK_1000_10,1,1.180,5353
campaign,default,LK_1000_10,1,1.720,5391
campaign,default,LK_1000_10,1,2.130,5400
campaign,default,LK_1000_10,2,0.510,5135
campaign,default,LK_1000_10,2,1.000,5348
campaign,default,LK_1000_10,2,1.440,5384
campaign,default,LK_1000_10,2,1.810,5388
campaign,default,LK_1000_10,2,2.170,5395
campaign,default,LK_1000_10,2,2.550,5400
campaign,default,LK_1000_10,3,0.520,5133
campaign,default,LK_1000_10,3,0.990,5355
campaign,default,LK_1000_10,3,1.440,5385
campaign,default,LK_1000_10,3,1.800,5394
campaign,default,LK_1000_10,3,2.160,5396
campaign,default,LK_1000_10,3,2.530,5399
campaign,default,LK_1000_10,3,2.890,5400
campaign,default,LK_1000_10,4,0.510,5154
campaign,default,LK_1000_10,4,1.050,5353
campaign,default,LK_1000_10,4,1.530,5389
campaign,default,LK_1000_10,4,1.900,5391
campaign,default,LK_1000_10,4,2.280,5396
campaign,default,LK_1000_10,4,2.650,5397
campaign,default,LK_1000_10,4,3.020,5400
campaign,default,LK_1000_10,5,0.490,5150
campaign,default,LK_1000_10,5,0.960,5354
campaign,default,LK_1000_10,5,1.400,5382
campaign,default,LK_1000_10,5,1.780,5389
campaign,default,LK_1000_10,5,2.150,5397
campaign,default,LK_1000_10,5,2.900,5400
campaign,default,LK_1000_10,6,0.860,5159
campaign,default,LK_1000_10,6,1.440,5351
campaign,default,LK_1000_10,6,1.910,5385
campaign,default,LK_1000_10,6,2.280,5390
campaign,default,LK_1000_10,6,2.650,5397
campaign,default,LK_1000_10,6,3.020,5398
campaign,default,LK_1000_10,6,3.390,5399
campaign,default,LK_1000_10,6,3.750,5400
campaign,default,MF_500_01,1,0.300,2205
campaign,default,MF_500_01,1,0.630,2367
campaign,default,MF_500_01,1,1.000,2368
campaign,default,MF_500_01,2,0.310,2187
campaign,default,MF_500_01,2,0.640,2366
campaign,default,MF_500_01,2,1.010,2368
campaign,default,MF_500_01,3,0.300,2216
campaign,default,MF_500_01,3,0.630,2367
campaign,default,MF_500_01,3,1.000,2368
campaign,default,MF_500_01,4,0.290,2205
campaign,default,MF_500_01,4,0.610,2368
campaign,default,MF_500_01,5,0.280,2191
campaign,default,MF_500_01,5,0.600,2367
campaign,default,MF_500_01,5,0.960,2368
campaign,default,MF_500_01,6,0.280,2230
campaign,default,MF_500_01,6,0.610,2368
campaign,default,MF_500_02,1,0.310,2191
campaign,default,MF_500_02,1,0.640,2318
campaign,default,MF_500_02,1,1.000,2319
campaign,default,MF_500_02,2,0.300,2182
campaign,default,MF_500_02,2,0.630,2315
campaign,default,MF_500_02,2,1.000,2319
campaign,default,MF_500_02,3,0.300,2186
campaign,default,MF_500_02,3,0.640,2319
campaign,default,MF_500_02,4,0.280,2191
campaign,default,MF_500_02,4,0.590,2318
campaign,default,MF_500_02,4,0.950,2319
campaign,default,MF_500_02,5,0.270,2187
campaign,default,MF_500_02,5,0.590,2319
campaign,default,MF_500_02,6,0.280,2186
campaign,default,MF_500_02,6,0.610,2318
campaign,default,MF_500_02,6,1.230,2319
campaign,default,MF_500_03,1,0.280,2157
campaign,default,MF_500_03,1,0.610,2284
campaign,default,MF_500_03,2,0.300,2158
campaign,default,MF_500_03,2,0.620,2284
campaign,default,MF_500_03,3,0.300,2154
campaign,default,MF_500_03,3,0.640,2284
campaign,default,MF_500_03,4,0.290,2160
campaign,default,MF_500_03,4,0.600,2283
campaign,default,MF_500_03,4,0.960,2284
campaign,default,MF_500_03,5,0.260,2154
campaign,default,MF_500_03,5,0.580,2283
campaign,default,MF_500_03,5,0.930,2284
campaign,default,MF_500_03,6,0.270,2178
campaign,default,MF_500_03,6,0.600,2284
campaign,default,MF_500_04,1,0.330,2158
campaign,default,MF_500_04,1,0.660,2266
campaign,default,MF_500_04,1,1.030,2270
campaign,default,MF_500_04,2,0.310,2153
campaign,default,MF_500_04,2,0.640,2267
campaign,default,MF_500_04,2,1.010,2270
campaign,default,MF_500_04,3,0.290,2158
campaign,default,MF_500_04,3,0.630,2264
campaign,default,MF_500_04,3,1.030,2270
campaign,default,MF_500_04,4,0.270,2158
campaign,default,MF_500_04,4,0.600,2270
campaign,default,MF_500_04,5,0.270,2157
campaign,default,MF_500_04,5,0.590,2270
campaign,default,MF_500_04,6,0.290,2157
campaign,default,MF_500_04,6,0.630,2270
campaign,default,MF_500_05,1,0.280,2203
campaign,default,MF_500_05,1,0.600,2321
campaign,default,MF_500_05,2,0.290,2201
campaign,default,MF_500_05,2,0.620,2311
campaign,default,MF_500_05,2,0.980,2321
campaign,default,MF_500_05,3,0.330,2199
campaign,default,MF_500_05,3,0.660,2317
campaign,default,MF_500_05,3,1.010,2321
campaign,default,MF_500_05,4,0.310,2200
campaign,default,MF_500_05,4,0.670,2319
campaign,default,MF_500_05,4,1.030,2321
campaign,default,MF_500_05,5,0.270,2204
campaign,default,MF_500_05,5,0.590,2321
campaign,default,MF_500_05,6,0.280,2193
campaign,default,MF_500_05,6,0.630,2321
campaign,default,MF_500_06,1,0.290,2248
campaign,default,MF_500_06,1,0.620,2318
campaign,default,MF_500_06,1,0.990,2324
campaign,default,MF_500_06,2,0.300,2243
campaign,default,MF_500_06,2,0.630,2324
campaign,default,MF_500_06,3,0.290,2248
campaign,default,MF_500_06,3,0.620,2320
campaign,default,MF_500_06,3,0.980,2324
campaign,default,MF_500_06,4,0.280,2246
campaign,default,MF_500_06,4,0.610,2324
campaign,default,MF_500_06,5,0.270,2248
campaign,default,MF_500_06,5,0.590,2322
campaign,default,MF_500_06,5,0.950,2324
campaign,default,MF_500_06,6,0.320,2248
campaign,default,MF_500_06,6,0.660,2322
campaign,default,MF_500_06,6,1.040,2324
campaign,default,MF_500_07,1,0.300,2152
campaign,default,MF_500_07,1,0.630,2290
campaign,default,MF_500_07,2,0.290,2153
campaign,default,MF_500_07,2,0.620,2290
campaign,default,MF_500_07,3,0.320,2153
campaign,default,MF_500_07,3,0.650,2290
campaign,default,MF_500_07,4,0.290,2153
campaign,default,MF_500_07,4,0.620,2290
campaign,default,MF_500_07,5,0.270,2153
campaign,default,MF_500_07,5,0.590,2290
campaign,default,MF_500_07,6,0.290,2153
campaign,default,MF_500_07,6,0.630,2290
campaign,default,MF_500_08,1,0.280,2087
campaign,default,MF_500_08,1,0.610,2215
campaign,default,MF_500_08,2,0.290,2087
campaign,default,MF_500_08,2,0.630,2215
campaign,default,MF_500_08,3,0.310,2087
campaign,default,MF_500_08,3,0.660,2215
campaign,default,MF_500_08,4,0.280,2087
campaign,default,MF_500_08,4,0.610,2214
campaign,default,MF_500_08,4,0.970,2215
campaign,default,MF_500_08,5,0.270,2087
campaign,default,MF_500_08,5,0.590,2214
campaign,default,MF_500_08,5,0.940,2215
campaign,default,MF_500_08,6,0.300,2087
campaign,default,MF_500_08,6,0.650,2215
campaign,default,MF_500_09,1,0.280,2166
campaign,default,MF_500_09,1,0.610,2257
campaign,default,MF_500_09,1,0.990,2262
campaign,default,MF_500_09,1,1.260,2263
campaign,default,MF_500_09,2,0.290,2166
campaign,default,MF_500_09,2,0.620,2253
campaign,default,MF_500_09,2,0.990,2263
campaign,default,MF_500_09,3,0.300,2166
campaign,default,MF_500_09,3,0.630,2261
campaign,default,MF_500_09,3,1.010,2263
campaign,default,MF_500_09,4,0.270,2166
campaign,default,MF_500_09,4,0.590,2257
campaign,default,MF_500_09,4,0.950,2263
campaign,default,MF_500_09,5,0.270,2144
campaign,default,MF_500_09,5,0.590,2258
campaign,default,MF_500_09,5,0.940,2263
campaign,default,MF_500_09,6,0.280,2166
campaign,default,MF_500_09,6,0.600,2254
campaign,default,MF_500_09,6,0.950,2263
campaign,default,MF_500_10,1,0.270,2172
campaign,default,MF_500_10,1,0.610,2309
campaign,default,MF_500_10,1,0.980,2310
campaign,default,MF_500_10,2,0.280,2163
campaign,default,MF_500_10,2,0.610,2310
campaign,default,MF_500_10,3,0.290,2157
campaign,default,MF_500_10,3,0.620,2309
campaign,default,MF_500_10,3,0.980,2310
campaign,default,MF_500_10,4,0.270,2183
campaign,default,MF_500_10,4,0.610,2310
campaign,default,MF_500_10,5,0.270,2160
campaign,default,MF_500_10,5,0.590,2310
campaign,default,MF_500_10,6,0.330,2164
campaign,default,MF_500_10,6,0.660,2310
campaign,default,MF_700_01,1,0.330,2912
campaign,default,MF_700_01,1,0.750,3121
campaign,default,MF_700_01,1,1.210,3127
campaign,default,MF_700_01,1,1.590,3130
campaign,default,MF_700_01,2,0.330,2907
campaign,default,MF_700_01,2,0.750,3118
campaign,default,MF_700_01,2,1.200,3128
campaign,default,MF_700_01,2,1.570,3130
campaign,default,MF_700_01,3,0.350,2906
campaign,default,MF_700_01,3,0.790,3117
campaign,default,MF_700_01,3,1.260,3130
campaign,default,MF_700_01,4,0.340,2906
campaign,default,MF_700_01,4,0.770,3114
campaign,default,MF_700_01,4,1.220,3126
campaign,default,MF_700_01,4,1.590,3130
campaign,default,MF_700_01,5,0.320,2908
campaign,default,MF_700_01,5,0.720,3123
campaign,default,MF_700_01,5,1.160,3128
campaign,default,MF_700_01,5,1.910,3130
campaign,default,MF_700_01,6,0.320,2924
campaign,default,MF_700_01,6,0.740,3123
campaign,default,MF_700_01,6,1.210,3128
campaign,default,MF_700_01,6,1.580,3130
campaign,default,MF_700_02,1,0.340,2916
campaign,default,MF_700_02,1,0.750,3052
campaign,default,MF_700_02,1,1.200,3056
campaign,default,MF_700_02,2,0.320,2904
campaign,default,MF_700_02,2,0.740,3042
campaign,default,MF_700_02,2,1.180,3054
campaign,default,MF_700_02,2,1.540,3056
campaign,default,MF_700_02,3,0.340,2908
campaign,default,MF_700_02,3,0.760,3040
campaign,default,MF_700_02,3,1.190,3054
campaign,default,MF_700_02,3,1.550,3056
campaign,default,MF_700_02,4,0.320,2908
campaign,default,MF_700_02,4,0.740,3037
campaign,default,MF_700_02,4,1.190,3056
campaign,default,MF_700_02,5,0.380,2907
campaign,default,MF_700_02,5,0.780,3044
campaign,default,MF_700_02,5,1.220,3054
campaign,default,MF_700_02,5,1.570,3056
campaign,default,MF_700_02,6,0.320,2908
campaign,default,MF_700_02,6,0.720,3046
campaign,default,MF_700_02,6,1.160,3056
campaign,default,MF_700_03,1,0.340,3045
campaign,default,MF_700_03,1,0.770,3210
campaign,default,MF_700_03,1,1.230,3225
campaign,default,MF_700_03,2,0.340,3055
campaign,default,MF_700_03,2,0.770,3214
campaign,default,MF_700_03,2,1.220,3225
campaign,default,MF_700_03,3,0.360,3039
campaign,default,MF_700_03,3,0.790,3212
campaign,default,MF_700_03,3,1.270,3225
campaign,default,MF_700_03,4,0.340,3050
campaign,default,MF_700_03,4,0.760,3213
campaign,default,MF_700_03,4,1.210,3225
campaign,default,MF_700_03,5,0.310,3055
campaign,default,MF_700_03,5,0.730,3225
campaign,default,MF_700_03,6,0.330,3054
campaign,default,MF_700_03,6,0.750,3205
campaign,default,MF_700_03,6,1.200,3225
campaign,default,MF_700_04,1,0.330,3120
campaign,default,MF_700_04,1,0.750,3240
campaign,default,MF_700_04,1,1.200,3247
campaign,default,MF_700_04,2,0.330,3112
campaign,default,MF_700_04,2,0.740,3243
campaign,default,MF_700_04,2,1.190,3247
campaign,default,MF_700_04,3,0.350,3122
campaign,default,MF_700_04,3,0.780,3244
campaign,default,MF_700_04,3,1.230,3247
campaign,default,MF_700_04,4,0.350,3117
campaign,default,MF_700_04,4,0.760,3241
campaign,default,MF_700_04,4,1.200,3246
campaign,default,MF_700_04,4,1.560,3247
campaign,default,MF_700_04,5,0.330,3116
campaign,default,MF_700_04,5,0.730,3235
campaign,default,MF_700_04,5,1.170,3247
campaign,default,MF_700_04,6,0.320,3125
campaign,default,MF_700_04,6,0.730,3242
campaign,default,MF_700_04,6,1.160,3246
campaign,default,MF_700_04,6,1.560,3247
campaign,default,MF_700_05,1,0.350,3120
campaign,default,MF_700_05,1,0.760,3235
campaign,default,MF_700_05,1,1.220,3243
campaign,default,MF_700_05,1,1.590,3246
campaign,default,MF_700_05,2,0.320,3120
campaign,default,MF_700_05,2,0.730,3229
campaign,default,MF_700_05,2,1.190,3246
campaign,default,MF_700_05,3,0.340,3107
campaign,default,MF_700_05,3,0.760,3246
campaign,default,MF_700_05,4,0.330,3109
campaign,default,MF_700_05,4,0.740,3232
campaign,default,MF_700_05,4,1.180,3246
campaign,default,MF_700_05,5,0.310,3118
campaign,default,MF_700_05,5,0.710,3231
campaign,default,MF_700_05,5,1.190,3243
campaign,default,MF_700_05,5,1.550,3246
campaign,default,MF_700_05,6,0.310,3120
campaign,default,MF_700_05,6,0.730,3237
campaign,default,MF_700_05,6,1.170,3242
campaign,default,MF_700_05,6,1.520,3246
campaign,default,MF_700_06,1,0.340,2941
campaign,default,MF_700_06,1,0.750,3133
campaign,default,MF_700_06,2,0.390,2939
campaign,default,MF_700_06,2,0.810,3133
campaign,default,MF_700_06,3,0.340,2958
campaign,default,MF_700_06,3,0.760,3132
campaign,default,MF_700_06,3,1.200,3133
campaign,default,MF_700_06,4,0.330,2947
campaign,default,MF_700_06,4,0.740,3131
campaign,default,MF_700_06,4,1.180,3133
campaign,default,MF_700_06,5,0.380,2947
campaign,default,MF_700_06,5,0.780,3133
campaign,default,MF_700_06,6,0.310,2934
campaign,default,MF_700_06,6,0.720,3133
campaign,default,MF_700_07,1,0.330,2896
campaign,default,MF_700_07,1,0.760,3026
campaign,default,MF_700_07,1,1.230,3051
campaign,default,MF_700_07,1,1.600,3052
campaign,default,MF_700_07,2,0.330,2898
campaign,default,MF_700_07,2,0.750,3022
campaign,default,MF_700_07,2,1.210,3044
campaign,default,MF_700_07,2,1.590,3052
campaign,default,MF_700_07,3,0.330,2899
campaign,default,MF_700_07,3,0.760,3020
campaign,default,MF_700_07,3,1.200,3046
campaign,default,MF_700_07,3,1.570,3052
campaign,default,MF_700_07,4,0.330,2885
campaign,default,MF_700_07,4,0.750,3037
campaign,default,MF_700_07,4,1.210,3052
campaign,default,MF_700_07,5,0.310,2899
campaign,default,MF_700_07,5,0.720,3031
campaign,default,MF_700_07,5,1.170,3046
campaign,default,MF_700_07,5,1.540,3052
campaign,default,MF_700_07,6,0.310,2891
campaign,default,MF_700_07,6,0.730,3011
campaign,default,MF_700_07,6,1.170,3039
campaign,default,MF_700_07,6,1.530,3051
campaign,default,MF_700_07,6,2.360,3052
campaign,default,MF_700_08,1,0.350,2998
campaign,default,MF_700_08,1,0.770,3171
campaign,default,MF_700_08,1,1.230,3175
campaign,default,MF_700_08,1,1.610,3176
campaign,default,MF_700_08,2,0.330,2993
campaign,default,MF_700_08,2,0.760,3173
campaign,default,MF_700_08,2,1.200,3175
campaign,default,MF_700_08,2,1.570,3176
campaign,default,MF_700_08,3,0.340,3003
campaign,default,MF_700_08,3,0.770,3169
campaign,default,MF_700_08,3,1.220,3176
campaign,default,MF_700_08,4,0.320,2996
campaign,default,MF_700_08,4,0.730,3168
campaign,default,MF_700_08,4,1.180,3175
campaign,default,MF_700_08,4,1.550,3176
campaign,default,MF_700_08,5,0.370,3003
campaign,default,MF_700_08,5,0.780,3167
campaign,default,MF_700_08,5,1.220,3176
campaign,default,MF_700_08,6,0.330,2998
campaign,default,MF_700_08,6,0.780,3164
campaign,default,MF_700_08,6,1.250,3176
campaign,default,MF_700_09,1,0.330,3054
campaign,default,MF_700_09,1,0.760,3211
campaign,default,MF_700_09,1,1.220,3216
campaign,default,MF_700_09,2,0.330,3067
campaign,default,MF_700_09,2,0.760,3209
campaign,default,MF_700_09,2,1.220,3216
campaign,default,MF_700_09,3,0.350,3041
campaign,default,MF_700_09,3,0.770,3215
campaign,default,MF_700_09,3,1.230,3216
campaign,default,MF_700_09,4,0.330,3057
campaign,default,MF_700_09,4,0.750,3215
campaign,default,MF_700_09,4,1.190,3216
campaign,default,MF_700_09,5,0.410,3056
campaign,default,MF_700_09,5,0.820,3205
campaign,default,MF_700_09,5,1.260,3216
campaign,default,MF_700_09,6,0.330,3079
campaign,default,MF_700_09,6,0.740,3213
campaign,default,MF_700_09,6,1.180,3216
campaign,default,MF_700_10,1,0.340,3081
campaign,default,MF_700_10,1,0.760,3210
campaign,default,MF_700_10,1,1.210,3216
campaign,default,MF_700_10,2,0.390,3063
campaign,default,MF_700_10,2,0.810,3211
campaign,default,MF_700_10,2,1.260,3216
campaign,default,MF_700_10,3,0.340,3068
campaign,default,MF_700_10,3,0.760,3212
campaign,default,MF_700_10,3,1.200,3216
campaign,default,MF_700_10,4,0.330,3068
campaign,default,MF_700_10,4,0.740,3215
campaign,default,MF_700_10,4,1.170,3216
campaign,default,MF_700_10,5,0.310,3071
campaign,default,MF_700_10,5,0.720,3215
campaign,default,MF_700_10,5,1.150,3216
campaign,default,MF_700_10,6,0.320,3070
campaign,default,MF_700_10,6,0.730,3211
campaign,default,MF_700_10,6,1.160,3216
campaign,default,MF_800_01,1,0.390,3490
campaign,default,MF_800_01,1,0.920,3687
campaign,default,MF_800_01,1,1.450,3704
campaign,default,MF_800_01,1,1.910,3705
campaign,default,MF_800_01,2,0.390,3494
campaign,default,MF_800_01,2,0.900,3684
campaign,default,MF_800_01,2,1.420,3704
campaign,default,MF_800_01,2,1.870,3705
campaign,default,MF_800_01,3,0.390,3487
campaign,default,MF_800_01,3,0.900,3674
campaign,default,MF_800_01,3,1.420,3704
campaign,default,MF_800_01,3,1.890,3705
campaign,default,MF_800_01,4,0.390,3479
campaign,default,MF_800_01,4,0.900,3700
campaign,default,MF_800_01,4,1.460,3704
campaign,default,MF_800_01,4,1.950,3705
campaign,default,MF_800_01,5,0.380,3497
campaign,default,MF_800_01,5,0.890,3689
campaign,default,MF_800_01,5,1.450,3704
campaign,default,MF_800_01,5,1.940,3705
campaign,default,MF_800_01,6,0.390,3494
campaign,default,MF_800_01,6,0.900,3689
campaign,default,MF_800_01,6,1.440,3705
campaign,default,MF_800_02,1,0.400,3521
campaign,default,MF_800_02,1,0.900,3709
campaign,default,MF_800_02,1,1.420,3726
campaign,default,MF_800_02,1,1.870,3727
campaign,default,MF_800_02,2,0.390,3548
campaign,default,MF_800_02,2,0.890,3700
campaign,default,MF_800_02,2,1.400,3726
campaign,default,MF_800_02,2,1.830,3727
campaign,default,MF_800_02,3,0.380,3537
campaign,default,MF_800_02,3,0.890,3704
campaign,default,MF_800_02,3,1.400,3716
campaign,default,MF_800_02,3,1.840,3727
campaign,default,MF_800_02,4,0.390,3548
campaign,default,MF_800_02,4,0.900,3726
campaign,default,MF_800_02,4,1.960,3727
campaign,default,MF_800_02,5,0.380,3520
campaign,default,MF_800_02,5,0.890,3700
campaign,default,MF_800_02,5,1.390,3726
campaign,default,MF_800_02,5,1.880,3727
campaign,default,MF_800_02,6,0.380,3546
campaign,default,MF_800_02,6,0.880,3703
campaign,default,MF_800_02,6,1.380,3724
campaign,default,MF_800_02,6,1.880,3726
campaign,default,MF_800_02,6,2.370,3727
campaign,default,MF_800_03,1,0.380,3447
campaign,default,MF_800_03,1,0.900,3662
campaign,default,MF_800_03,1,1.480,3672
campaign,default,MF_800_03,2,0.380,3440
campaign,default,MF_800_03,2,0.920,3658
campaign,default,MF_800_03,2,1.440,3672
campaign,default,MF_800_03,3,0.380,3439
campaign,default,MF_800_03,3,0.900,3662
campaign,default,MF_800_03,3,1.430,3672
campaign,default,MF_800_03,4,0.380,3443
campaign,default,MF_800_03,4,0.920,3648
campaign,default,MF_800_03,4,1.430,3667
campaign,default,MF_800_03,4,1.910,3672
campaign,default,MF_800_03,5,0.390,3448
campaign,default,MF_800_03,5,0.900,3658
campaign,default,MF_800_03,5,1.430,3672
campaign,default,MF_800_03,6,0.400,3454
campaign,default,MF_800_03,6,0.920,3667
campaign,default,MF_800_03,6,1.470,3672
campaign,default,MF_800_04,1,0.420,3345
campaign,default,MF_800_04,1,0.940,3482
campaign,default,MF_800_04,1,1.580,3511
campaign,default,MF_800_04,1,2.110,3530
campaign,default,MF_800_04,1,2.700,3531
campaign,default,MF_800_04,2,0.380,3329
campaign,default,MF_800_04,2,0.890,3498
campaign,default,MF_800_04,2,1.400,3518
campaign,default,MF_800_04,2,1.830,3525
campaign,default,MF_800_04,2,2.260,3531
campaign,default,MF_800_04,3,0.420,3351
campaign,default,MF_800_04,3,0.930,3482
campaign,default,MF_800_04,3,1.440,3525
campaign,default,MF_800_04,3,2.310,3527
campaign,default,MF_800_04,3,2.750,3531
campaign,default,MF_800_04,4,0.380,3351
campaign,default,MF_800_04,4,0.880,3506
campaign,default,MF_800_04,4,1.380,3518
campaign,default,MF_800_04,4,1.860,3531
campaign,default,MF_800_04,5,0.390,3347
campaign,default,MF_800_04,5,0.890,3495
campaign,default,MF_800_04,5,1.390,3524
campaign,default,MF_800_04,5,1.870,3525
campaign,default,MF_800_04,5,2.370,3526
campaign,default,MF_800_04,5,2.870,3528
campaign,default,MF_800_04,5,3.340,3530
campaign,default,MF_800_04,5,4.330,3531
campaign,default,MF_800_04,6,0.400,3339
campaign,default,MF_800_04,6,0.920,3480
campaign,default,MF_800_04,6,1.460,3525
campaign,default,MF_800_04,6,2.480,3526
campaign,default,MF_800_04,6,2.990,3531
campaign,default,MF_800_05,1,0.390,3556
campaign,default,MF_800_05,1,0.930,3745
campaign,default,MF_800_05,1,1.510,3753
campaign,default,MF_800_05,2,0.390,3541
campaign,default,MF_800_05,2,0.900,3747
campaign,default,MF_800_05,2,1.420,3753
campaign,default,MF_800_05,3,0.390,3555
campaign,default,MF_800_05,3,0.910,3743
campaign,default,MF_800_05,3,1.430,3753
campaign,default,MF_800_05,4,0.390,3562
campaign,default,MF_800_05,4,0.900,3745
campaign,default,MF_800_05,4,1.410,3753
campaign,default,MF_800_05,5,0.400,3543
campaign,default,MF_800_05,5,0.930,3748
campaign,default,MF_800_05,5,1.440,3753
campaign,default,MF_800_05,6,0.410,3547
campaign,default,MF_800_05,6,0.940,3743
campaign,default,MF_800_05,6,1.490,3753
campaign,default,MF_800_06,1,0.410,3502
campaign,default,MF_800_06,1,0.920,3738
campaign,default,MF_800_06,1,1.430,3772
campaign,default,MF_800_06,1,1.870,3775
campaign,default,MF_800_06,2,0.430,3506
campaign,default,MF_800_06,2,0.920,3725
campaign,default,MF_800_06,2,1.460,3761
campaign,default,MF_800_06,2,1.900,3773
campaign,default,MF_800_06,2,2.360,3775
campaign,default,MF_800_06,3,0.390,3496
campaign,default,MF_800_06,3,0.880,3744
campaign,default,MF_800_06,3,1.370,3765
campaign,default,MF_800_06,3,1.810,3773
campaign,default,MF_800_06,3,2.230,3775
campaign,default,MF_800_06,4,0.380,3501
campaign,default,MF_800_06,4,0.870,3722
campaign,default,MF_800_06,4,1.360,3768
campaign,default,MF_800_06,4,1.850,3774
campaign,default,MF_800_06,4,2.340,3775
campaign,default,MF_800_06,5,0.560,3520
campaign,default,MF_800_06,5,1.050,3772
campaign,default,MF_800_06,5,2.100,3775
campaign,default,MF_800_06,6,0.390,3525
campaign,default,MF_800_06,6,0.890,3739
campaign,default,MF_800_06,6,1.410,3767
campaign,default,MF_800_06,6,1.910,3775
campaign,default,MF_800_07,1,0.430,3452
campaign,default,MF_800_07,1,0.950,3674
campaign,default,MF_800_07,1,1.560,3689
campaign,default,MF_800_07,1,2.090,3690
campaign,default,MF_800_07,2,0.390,3452
campaign,default,MF_800_07,2,0.900,3659
campaign,default,MF_800_07,2,1.410,3688
campaign,default,MF_800_07,2,1.840,3690
campaign,default,MF_800_07,3,0.400,3438
campaign,default,MF_800_07,3,0.900,3650
campaign,default,MF_800_07,3,1.410,3684
campaign,default,MF_800_07,3,1.860,3690
campaign,default,MF_800_07,4,0.390,3450
campaign,default,MF_800_07,4,0.890,3647
campaign,default,MF_800_07,4,1.400,3686
campaign,default,MF_800_07,4,1.870,3690
campaign,default,MF_800_07,5,0.400,3433
campaign,default,MF_800_07,5,0.900,3651
campaign,default,MF_800_07,5,1.400,3690
campaign,default,MF_800_07,6,0.410,3435
campaign,default,MF_800_07,6,0.910,3654
campaign,default,MF_800_07,6,1.440,3689
campaign,default,MF_800_07,6,1.970,3690
campaign,default,MF_800_08,1,0.390,3364
campaign,default,MF_800_08,1,0.890,3576
campaign,default,MF_800_08,1,1.460,3602
campaign,default,MF_800_08,1,1.930,3612
campaign,default,MF_800_08,2,0.370,3370
campaign,default,MF_800_08,2,0.870,3575
campaign,default,MF_800_08,2,1.370,3592
campaign,default,MF_800_08,2,1.790,3612
campaign,default,MF_800_08,3,0.380,3363
campaign,default,MF_800_08,3,0.880,3577
campaign,default,MF_800_08,3,1.390,3612
campaign,default,MF_800_08,4,0.380,3359
campaign,default,MF_800_08,4,0.860,3576
campaign,default,MF_800_08,4,1.360,3587
campaign,default,MF_800_08,4,1.830,3611
campaign,default,MF_800_08,4,2.290,3612
campaign,default,MF_800_08,5,0.390,3375
campaign,default,MF_800_08,5,0.880,3576
campaign,default,MF_800_08,5,1.370,3603
campaign,default,MF_800_08,5,1.840,3612
campaign,default,MF_800_08,6,0.390,3366
campaign,default,MF_800_08,6,0.880,3591
campaign,default,MF_800_08,6,1.410,3607
campaign,default,MF_800_08,6,1.900,3612
campaign,default,MF_800_09,1,0.440,3427
campaign,default,MF_800_09,1,0.970,3597
campaign,default,MF_800_09,1,1.500,3604
campaign,default,MF_800_09,2,0.390,3432
campaign,default,MF_800_09,2,0.890,3593
campaign,default,MF_800_09,2,1.420,3604
campaign,default,MF_800_09,3,0.380,3426
campaign,default,MF_800_09,3,0.890,3593
campaign,default,MF_800_09,3,1.400,3603
campaign,default,MF_800_09,3,1.840,3604
campaign,default,MF_800_09,4,0.370,3431
campaign,default,MF_800_09,4,0.870,3595
campaign,default,MF_800_09,4,1.380,3604
campaign,default,MF_800_09,5,0.450,3429
campaign,default,MF_800_09,5,0.970,3592
campaign,default,MF_800_09,5,1.540,3604
campaign,default,MF_800_09,6,0.370,3430
campaign,default,MF_800_09,6,0.850,3576
campaign,default,MF_800_09,6,1.360,3602
campaign,default,MF_800_09,6,1.790,3604
campaign,default,MF_800_10,1,0.400,3485
campaign,default,MF_800_10,1,0.940,3626
campaign,default,MF_800_10,1,1.470,3647
campaign,default,MF_800_10,1,1.930,3650
campaign,default,MF_800_10,2,0.380,3491
campaign,default,MF_800_10,2,0.890,3635
campaign,default,MF_800_10,2,1.410,3646
campaign,default,MF_800_10,2,1.840,3650
campaign,default,MF_800_10,3,0.380,3500
campaign,default,MF_800_10,3,0.930,3639
campaign,default,MF_800_10,3,1.450,3646
campaign,default,MF_800_10,3,1.880,3649
campaign,default,MF_800_10,3,2.320,3650
campaign,default,MF_800_10,4,0.380,3483
campaign,default,MF_800_10,4,0.890,3637
campaign,default,MF_800_10,4,1.400,3650
campaign,default,MF_800_10,5,0.390,3472
campaign,default,MF_800_10,5,0.900,3633
campaign,default,MF_800_10,5,1.410,3649
campaign,default,MF_800_10,5,1.890,3650
campaign,default,MF_800_10,6,0.360,3490
campaign,default,MF_800_10,6,0.850,3649
campaign,default,MF_800_10,6,1.350,3650
campaign,default,MF_1000_01,1,0.520,4171
campaign,default,MF_1000_01,1,1.100,4464
campaign,default,MF_1000_01,1,1.640,4468
campaign,default,MF_1000_01,1,2.100,4469
campaign,default,MF_1000_01,2,0.440,4187
campaign,default,MF_1000_01,2,0.960,4455
campaign,default,MF_1000_01,2,1.500,4469
campaign,default,MF_1000_01,3,0.430,4174
campaign,default,MF_1000_01,3,0.950,4456
campaign,default,MF_1000_01,3,1.480,4466
campaign,default,MF_1000_01,3,1.930,4469
campaign,default,MF_1000_01,4,0.450,4188
campaign,default,MF_1000_01,4,0.970,4459
campaign,default,MF_1000_01,4,1.560,4468
campaign,default,MF_1000_01,4,2.080,4469
campaign,default,MF_1000_01,5,0.440,4177
campaign,default,MF_1000_01,5,0.970,4453
campaign,default,MF_1000_01,5,1.500,4469
campaign,default,MF_1000_01,6,0.420,4175
campaign,default,MF_1000_01,6,0.910,4455
campaign,default,MF_1000_01,6,1.440,4467
campaign,default,MF_1000_01,6,1.920,4468
campaign,default,MF_1000_01,6,2.420,4469
campaign,default,MF_1000_02,1,0.560,4202
campaign,default,MF_1000_02,1,1.140,4474
campaign,default,MF_1000_02,2,0.440,4206
campaign,default,MF_1000_02,2,0.980,4461
campaign,default,MF_1000_02,2,1.570,4474
campaign,default,MF_1000_02,3,0.430,4230
campaign,default,MF_1000_02,3,0.970,4461
campaign,default,MF_1000_02,3,1.520,4474
campaign,default,MF_1000_02,4,0.440,4203
campaign,default,MF_1000_02,4,0.980,4450
campaign,default,MF_1000_02,4,1.590,4474
campaign,default,MF_1000_02,5,0.610,4216
campaign,default,MF_1000_02,5,1.140,4456
campaign,default,MF_1000_02,5,1.790,4474
campaign,default,MF_1000_02,6,0.420,4196
campaign,default,MF_1000_02,6,0.930,4459
campaign,default,MF_1000_02,6,1.460,4469
campaign,default,MF_1000_02,6,1.980,4474
campaign,default,MF_1000_03,1,0.540,4407
campaign,default,MF_1000_03,1,1.100,4626
campaign,default,MF_1000_03,1,1.670,4634
campaign,default,MF_1000_03,1,2.150,4638
campaign,default,MF_1000_03,1,2.620,4642
campaign,default,MF_1000_03,1,3.560,4643
campaign,default,MF_1000_03,2,0.450,4418
campaign,default,MF_1000_03,2,0.990,4627
campaign,default,MF_1000_03,2,1.530,4639
campaign,default,MF_1000_03,2,1.990,4643
campaign,default,MF_1000_03,3,0.460,4409
campaign,default,MF_1000_03,3,0.990,4629
campaign,default,MF_1000_03,3,1.540,4639
campaign,default,MF_1000_03,3,2.030,4642
campaign,default,MF_1000_03,3,2.550,4643
campaign,default,MF_1000_03,4,0.450,4419
campaign,default,MF_1000_03,4,0.990,4624
campaign,default,MF_1000_03,4,1.530,4634
campaign,default,MF_1000_03,4,2.060,4636
campaign,default,MF_1000_03,4,2.590,4638
campaign,default,MF_1000_03,4,9.430,4639
campaign,default,MF_1000_03,4,10.510,4640
campaign,default,MF_1000_03,4,12.610,4643
campaign,default,MF_1000_03,5,0.440,4399
campaign,default,MF_1000_03,5,0.980,4629
campaign,default,MF_1000_03,5,1.560,4636
campaign,default,MF_1000_03,5,2.080,4638
campaign,default,MF_1000_03,5,3.160,4640
campaign,default,MF_1000_03,5,3.690,4643
campaign,default,MF_1000_03,6,0.430,4410
campaign,default,MF_1000_03,6,0.930,4631
campaign,default,MF_1000_03,6,1.470,4640
campaign,default,MF_1000_03,6,1.920,4643
campaign,default,MF_1000_04,1,0.520,4396
campaign,default,MF_1000_04,1,1.090,4569
campaign,default,MF_1000_04,1,1.660,4586
campaign,default,MF_1000_04,1,2.140,4589
campaign,default,MF_1000_04,1,2.620,4594
campaign,default,MF_1000_04,1,3.090,4599
campaign,default,MF_1000_04,2,0.440,4376
campaign,default,MF_1000_04,2,1.110,4582
campaign,default,MF_1000_04,2,1.650,4599
campaign,default,MF_1000_04,3,0.440,4383
campaign,default,MF_1000_04,3,0.970,4572
campaign,default,MF_1000_04,3,1.510,4599
campaign,default,MF_1000_04,4,0.480,4382
campaign,default,MF_1000_04,4,1.010,4572
campaign,default,MF_1000_04,4,1.570,4590
campaign,default,MF_1000_04,4,2.090,4596
campaign,default,MF_1000_04,4,2.610,4598
campaign,default,MF_1000_04,4,3.660,4599
campaign,default,MF_1000_04,5,0.450,4384
campaign,default,MF_1000_04,5,0.970,4574
campaign,default,MF_1000_04,5,1.570,4592
campaign,default,MF_1000_04,5,2.090,4599
campaign,default,MF_1000_04,6,0.480,4395
campaign,default,MF_1000_04,6,1.030,4582
campaign,default,MF_1000_04,6,1.620,4592
campaign,default,MF_1000_04,6,2.200,4599
campaign,default,MF_1000_05,1,0.480,4268
campaign,default,MF_1000_05,1,1.040,4496
campaign,default,MF_1000_05,1,1.620,4523
campaign,default,MF_1000_05,1,2.100,4531
campaign,default,MF_1000_05,2,0.440,4285
campaign,default,MF_1000_05,2,0.990,4489
campaign,default,MF_1000_05,2,1.540,4518
campaign,default,MF_1000_05,2,2.020,4531
campaign,default,MF_1000_05,3,0.450,4304
campaign,default,MF_1000_05,3,1.000,4500
campaign,default,MF_1000_05,3,1.550,4525
campaign,default,MF_1000_05,3,2.020,4531
campaign,default,MF_1000_05,4,0.440,4290
campaign,default,MF_1000_05,4,0.980,4488
campaign,default,MF_1000_05,4,1.600,4524
campaign,default,MF_1000_05,4,2.130,4529
campaign,default,MF_1000_05,4,2.650,4531
campaign,default,MF_1000_05,5,0.520,4322
campaign,default,MF_1000_05,5,1.060,4508
campaign,default,MF_1000_05,5,1.690,4528
campaign,default,MF_1000_05,5,2.230,4531
campaign,default,MF_1000_05,6,0.420,4306
campaign,default,MF_1000_05,6,0.940,4521
campaign,default,MF_1000_05,6,1.470,4525
campaign,default,MF_1000_05,6,2.010,4531
campaign,default,MF_1000_06,1,0.450,4358
campaign,default,MF_1000_06,1,1.010,4587
campaign,default,MF_1000_06,1,1.570,4598
campaign,default,MF_1000_06,1,2.030,4599
campaign,default,MF_1000_06,2,0.440,4299
campaign,default,MF_1000_06,2,0.980,4587
campaign,default,MF_1000_06,2,1.540,4598
campaign,default,MF_1000_06,2,2.030,4599
campaign,default,MF_1000_06,3,0.430,4331
campaign,default,MF_1000_06,3,0.990,4581
campaign,default,MF_1000_06,3,1.560,4598
campaign,default,MF_1000_06,3,2.540,4599
campaign,default,MF_1000_06,4,0.430,4330
campaign,default,MF_1000_06,4,0.980,4580
campaign,default,MF_1000_06,4,1.580,4598
campaign,default,MF_1000_06,4,2.110,4599
campaign,default,MF_1000_06,5,0.440,4340
campaign,default,MF_1000_06,5,0.990,4585
campaign,default,MF_1000_06,5,1.560,4593
campaign,default,MF_1000_06,5,2.110,4599
campaign,default,MF_1000_06,6,0.450,4320
campaign,default,MF_1000_06,6,0.990,4586
campaign,default,MF_1000_06,6,1.560,4598
campaign,default,MF_1000_06,6,2.120,4599
campaign,default,MF_1000_07,1,0.570,4359
campaign,default,MF_1000_07,1,1.130,4593
campaign,default,MF_1000_07,1,1.730,4614
campaign,default,MF_1000_07,1,2.200,4615
campaign,default,MF_1000_07,1,2.670,4622
campaign,default,MF_1000_07,2,0.450,4337
campaign,default,MF_1000_07,2,0.980,4615
campaign,default,MF_1000_07,2,1.540,4622
campaign,default,MF_1000_07,3,0.440,4350
campaign,default,MF_1000_07,3,0.990,4605
campaign,default,MF_1000_07,3,1.530,4613
campaign,default,MF_1000_07,3,2.000,4622
campaign,default,MF_1000_07,4,0.460,4345
campaign,default,MF_1000_07,4,0.990,4580
campaign,default,MF_1000_07,4,1.610,4612
campaign,default,MF_1000_07,4,2.150,4619
campaign,default,MF_1000_07,4,2.680,4622
campaign,default,MF_1000_07,5,0.450,4365
campaign,default,MF_1000_07,5,0.990,4607
campaign,default,MF_1000_07,5,1.550,4611
campaign,default,MF_1000_07,5,2.080,4614
campaign,default,MF_1000_07,5,2.640,4619
campaign,default,MF_1000_07,5,3.180,4621
campaign,default,MF_1000_07,5,3.710,4622
campaign,default,MF_1000_07,6,0.430,4363
campaign,default,MF_1000_07,6,0.940,4611
campaign,default,MF_1000_07,6,1.480,4622
campaign,default,MF_1000_08,1,0.520,4261
campaign,default,MF_1000_08,1,1.100,4539
campaign,default,MF_1000_08,1,1.660,4571
campaign,default,MF_1000_08,1,2.120,4572
campaign,default,MF_1000_08,2,0.450,4261
campaign,default,MF_1000_08,2,0.980,4541
campaign,default,MF_1000_08,2,1.530,4568
campaign,default,MF_1000_08,2,2.000,4572
campaign,default,MF_1000_08,3,0.440,4274
campaign,default,MF_1000_08,3,0.970,4543
campaign,default,MF_1000_08,3,1.520,4566
campaign,default,MF_1000_08,3,1.990,4572
campaign,default,MF_1000_08,4,0.460,4269
campaign,default,MF_1000_08,4,1.000,4542
campaign,default,MF_1000_08,4,1.600,4562
campaign,default,MF_1000_08,4,2.130,4572
campaign,default,MF_1000_08,5,0.460,4268
campaign,default,MF_1000_08,5,0.990,4537
campaign,default,MF_1000_08,5,1.540,4568
campaign,default,MF_1000_08,5,2.070,4572
campaign,default,MF_1000_08,6,0.430,4274
campaign,default,MF_1000_08,6,0.960,4540
campaign,default,MF_1000_08,6,1.510,4572
campaign,default,MF_1000_09,1,0.500,4392
campaign,default,MF_1000_09,1,1.090,4641
campaign,default,MF_1000_09,1,1.650,4646
campaign,default,MF_1000_09,1,2.140,4649
campaign,default,MF_1000_09,2,0.430,4402
campaign,default,MF_1000_09,2,0.980,4640
campaign,default,MF_1000_09,2,1.530,4647
campaign,default,MF_1000_09,2,2.000,4648
campaign,default,MF_1000_09,2,2.460,4649
campaign,default,MF_1000_09,3,0.450,4385
campaign,default,MF_1000_09,3,1.000,4641
campaign,default,MF_1000_09,3,1.570,4647
campaign,default,MF_1000_09,3,2.040,4648
campaign,default,MF_1000_09,3,2.500,4649
campaign,default,MF_1000_09,4,0.440,4373
campaign,default,MF_1000_09,4,0.990,4638
campaign,default,MF_1000_09,4,1.580,4649
campaign,default,MF_1000_09,5,0.440,4396
campaign,default,MF_1000_09,5,0.990,4642
campaign,default,MF_1000_09,5,1.600,4648
campaign,default,MF_1000_09,5,2.150,4649
campaign,default,MF_1000_09,6,0.440,4379
campaign,default,MF_1000_09,6,0.970,4640
campaign,default,MF_1000_09,6,1.530,4649
campaign,default,MF_1000_10,1,0.490,4458
campaign,default,MF_1000_10,1,1.050,4667
campaign,default,MF_1000_10,1,1.600,4673
campaign,default,MF_1000_10,1,5.380,4674
campaign,default,MF_1000_10,2,0.440,4491
campaign,default,MF_1000_10,2,0.980,4671
campaign,default,MF_1000_10,2,1.530,4673
campaign,default,MF_1000_10,2,1.990,4674
campaign,default,MF_1000_10,3,0.430,4449
campaign,default,MF_1000_10,3,0.970,4671
campaign,default,MF_1000_10,3,1.520,4672
campaign,default,MF_1000_10,3,1.980,4674
campaign,default,MF_1000_10,4,0.440,4455
campaign,default,MF_1000_10,4,0.990,4668
campaign,default,MF_1000_10,4,1.560,4672
campaign,default,MF_1000_10,4,2.090,4674
campaign,default,MF_1000_10,5,0.440,4456
campaign,default,MF_1000_10,5,0.970,4665
campaign,default,MF_1000_10,5,1.590,4673
campaign,default,MF_1000_10,5,2.590,4674
campaign,default,MF_1000_10,6,0.440,4455
campaign,default,MF_1000_10,6,0.950,4664
campaign,default,MF_1000_10,6,1.500,4673
campaign,default,MF_1000_10,6,2.020,4674
