experiment,variant,instance,seed,time_s,value
sensitivity,sens_B512,O_800_03,1,0.370,3888
sensitivity,sens_B512,O_800_03,1,0.640,4081
sensitivity,sens_B512,O_800_03,1,0.980,4097
sensitivity,sens_B512,O_800_03,1,1.210,4101
sensitivity,sens_B512,O_800_03,1,1.440,4103
sensitivity,sens_B512,O_800_03,1,1.670,4105
sensitivity,sens_B512,O_800_03,1,1.970,4107
sensitivity,sens_B512,O_800_03,2,0.370,3905
sensitivity,sens_B512,O_800_03,2,0.650,4094
sensitivity,sens_B512,O_800_03,2,0.980,4102
sensitivity,sens_B512,O_800_03,2,1.680,4103
sensitivity,sens_B512,O_800_03,2,1.970,4105
sensitivity,sens_B512,O_800_03,2,2.250,4106
sensitivity,sens_B512,O_800_03,2,3.100,4107
sensitivity,sens_B512,O_800_03,3,0.410,3892
sensitivity,sens_B512,O_800_03,3,0.690,4097
sensitivity,sens_B512,O_800_03,3,1.020,4102
sensitivity,sens_B512,O_800_03,3,1.290,4103
sensitivity,sens_B512,O_800_03,3,1.530,4106
sensitivity,sens_B512,O_800_03,3,2.340,4107
sensitivity,sens_B512,O_800_08,1,0.360,3879
sensitivity,sens_B512,O_800_08,1,0.640,4042
sensitivity,sens_B512,O_800_08,1,0.970,4058
sensitivity,sens_B512,O_800_08,1,1.200,4063
sensitivity,sens_B512,O_800_08,2,0.450,3859
sensitivity,sens_B512,O_800_08,2,0.720,4043
sensitivity,sens_B512,O_800_08,2,1.040,4062
sensitivity,sens_B512,O_800_08,2,1.570,4063
sensitivity,sens_B512,O_800_08,3,0.380,3857
sensitivity,sens_B512,O_800_08,3,0.660,4051
sensitivity,sens_B512,O_800_08,3,0.980,4060
sensitivity,sens_B512,O_800_08,3,1.230,4063
sensitivity,sens_B512,O_1000_03,1,0.420,4823
sensitivity,sens_B512,O_1000_03,1,0.710,5164
sensitivity,sens_B512,O_1000_03,1,1.060,5171
sensitivity,sens_B512,O_1000_03,1,1.560,5177
sensitivity,sens_B512,O_1000_03,1,4.960,5178
sensitivity,sens_B512,O_1000_03,2,0.440,4840
sensitivity,sens_B512,O_1000_03,2,0.740,5143
sensitivity,sens_B512,O_1000_03,2,1.090,5166
sensitivity,sens_B512,O_1000_03,2,1.370,5177
sensitivity,sens_B512,O_1000_03,2,5.710,5178
sensitivity,sens_B512,O_1000_03,3,0.440,4836
sensitivity,sens_B512,O_1000_03,3,0.730,5136
sensitivity,sens_B512,O_1000_03,3,1.090,5168
sensitivity,sens_B512,O_1000_03,3,1.370,5176
sensitivity,sens_B512,O_1000_03,3,1.620,5177
sensitivity,sens_B512,O_1000_03,3,3.780,5178
sensitivity,sens_B512,O_1000_08,1,0.410,4954
sensitivity,sens_B512,O_1000_08,1,0.690,5164
sensitivity,sens_B512,O_1000_08,1,1.040,5180
sensitivity,sens_B512,O_1000_08,1,1.320,5188
sensitivity,sens_B512,O_1000_08,1,1.580,5190
sensitivity,sens_B512,O_1000_08,1,2.190,5191
sensitivity,sens_B512,O_1000_08,2,0.470,4959
sensitivity,sens_B512,O_1000_08,2,0.750,5157
sensitivity,sens_B512,O_1000_08,2,1.120,5186
sensitivity,sens_B512,O_1000_08,2,1.390,5190
sensitivity,sens_B512,O_1000_08,2,1.960,5191
sensitivity,sens_B512,O_1000_08,3,0.470,4920
sensitivity,sens_B512,O_1000_08,3,0.760,5158
sensitivity,sens_B512,O_1000_08,3,1.110,5184
sensitivity,sens_B512,O_1000_08,3,1.390,5188
sensitivity,sens_B512,O_1000_08,3,1.660,5190
sensitivity,sens_B512,O_1000_08,3,1.980,5191
sensitivity,sens_B512,LK_800_03,1,0.370,3983
sensitivity,sens_B512,LK_800_03,1,0.650,4157
sensitivity,sens_B512,LK_800_03,1,0.930,4247
sensitivity,sens_B512,LK_800_03,1,1.120,4253
sensitivity,sens_B512,LK_800_03,1,1.320,4257
sensitivity,sens_B512,LK_800_03,2,0.420,3993
sensitivity,sens_B512,LK_800_03,2,0.690,4159
sensitivity,sens_B512,LK_800_03,2,0.970,4236
sensitivity,sens_B512,LK_800_03,2,1.170,4244
sensitivity,sens_B512,LK_800_03,2,1.370,4257
sensitivity,sens_B512,LK_800_03,3,0.400,3998
sensitivity,sens_B512,LK_800_03,3,0.680,4210
sensitivity,sens_B512,LK_800_03,3,0.970,4240
sensitivity,sens_B512,LK_800_03,3,1.160,4257
sensitivity,sens_B512,LK_800_08,1,0.390,3925
sensitivity,sens_B512,LK_800_08,1,0.660,4106
sensitivity,sens_B512,LK_800_08,1,0.940,4130
sensitivity,sens_B512,LK_800_08,1,1.140,4133
sensitivity,sens_B512,LK_800_08,1,1.330,4145
sensitivity,sens_B512,LK_800_08,1,1.530,4146
sensitivity,sens_B512,LK_800_08,1,1.730,4148
sensitivity,sens_B512,LK_800_08,1,1.930,4150
sensitivity,sens_B512,LK_800_08,1,2.140,4151
sensitivity,sens_B512,LK_800_08,1,2.560,4152
sensitivity,sens_B512,LK_800_08,1,2.770,4157
sensitivity,sens_B512,LK_800_08,1,2.970,4158
sensitivity,sens_B512,LK_800_08,2,0.500,3931
sensitivity,sens_B512,LK_800_08,2,0.780,4105
sensitivity,sens_B512,LK_800_08,2,1.060,4127
sensitivity,sens_B512,LK_800_08,2,1.250,4142
sensitivity,sens_B512,LK_800_08,2,1.650,4147
sensitivity,sens_B512,LK_800_08,2,1.850,4148
sensitivity,sens_B512,LK_800_08,2,2.060,4149
sensitivity,sens_B512,LK_800_08,2,2.270,4150
sensitivity,sens_B512,LK_800_08,2,2.680,4153
sensitivity,sens_B512,LK_800_08,2,3.300,4158
sensitivity,sens_B512,LK_800_08,3,0.360,3941
sensitivity,sens_B512,LK_800_08,3,0.640,4105
sensitivity,sens_B512,LK_800_08,3,0.910,4117
sensitivity,sens_B512,LK_800_08,3,1.100,4134
sensitivity,sens_B512,LK_800_08,3,1.290,4145
sensitivity,sens_B512,LK_800_08,3,1.680,4148
sensitivity,sens_B512,LK_800_08,3,1.890,4151
sensitivity,sens_B512,LK_800_08,3,2.510,4154
sensitivity,sens_B512,LK_800_08,3,2.720,4155
sensitivity,sens_B512,LK_800_08,3,3.130,4158
sensitivity,sens_B512,LK_1000_03,1,0.430,5000
sensitivity,sens_B512,LK_1000_03,1,0.730,5307
sensitivity,sens_B512,LK_1000_03,1,1.020,5368
sensitivity,sens_B512,LK_1000_03,1,1.220,5380
sensitivity,sens_B512,LK_1000_03,1,1.430,5389
sensitivity,sens_B512,LK_1000_03,1,1.640,5392
sensitivity,sens_B512,LK_1000_03,1,2.060,5395
sensitivity,sens_B512,LK_1000_03,2,0.480,5025
sensitivity,sens_B512,LK_1000_03,2,0.770,5303
sensitivity,sens_B512,LK_1000_03,2,1.070,5372
sensitivity,sens_B512,LK_1000_03,2,1.280,5388
sensitivity,sens_B512,LK_1000_03,2,1.700,5394
sensitivity,sens_B512,LK_1000_03,2,1.910,5395
sensitivity,sens_B512,LK_1000_03,3,0.480,5013
sensitivity,sens_B512,LK_1000_03,3,0.770,5297
sensitivity,sens_B512,LK_1000_03,3,1.070,5375
sensitivity,sens_B512,LK_1000_03,3,1.270,5395
sensitivity,sens_B512,LK_1000_08,1,0.500,5120
sensitivity,sens_B512,LK_1000_08,1,0.800,5306
sensitivity,sens_B512,LK_1000_08,1,1.100,5330
sensitivity,sens_B512,LK_1000_08,1,1.310,5360
sensitivity,sens_B512,LK_1000_08,1,1.520,5367
sensitivity,sens_B512,LK_1000_08,1,1.730,5373
sensitivity,sens_B512,LK_1000_08,1,1.950,5379
sensitivity,sens_B512,LK_1000_08,1,2.160,5393
sensitivity,sens_B512,LK_1000_08,1,2.590,5394
sensitivity,sens_B512,LK_1000_08,2,0.520,5142
sensitivity,sens_B512,LK_1000_08,2,0.810,5308
sensitivity,sens_B512,LK_1000_08,2,1.100,5335
sensitivity,sens_B512,LK_1000_08,2,1.310,5349
sensitivity,sens_B512,LK_1000_08,2,1.520,5356
sensitivity,sens_B512,LK_1000_08,2,1.720,5375
sensitivity,sens_B512,LK_1000_08,2,2.160,5380
sensitivity,sens_B512,LK_1000_08,2,2.370,5393
sensitivity,sens_B512,LK_1000_08,2,2.590,5394
sensitivity,sens_B512,LK_1000_08,3,0.670,5125
sensitivity,sens_B512,LK_1000_08,3,0.960,5309
sensitivity,sens_B512,LK_1000_08,3,1.260,5335
sensitivity,sens_B512,LK_1000_08,3,1.480,5345
sensitivity,sens_B512,LK_1000_08,3,1.700,5353
sensitivity,sens_B512,LK_1000_08,3,1.920,5368
sensitivity,sens_B512,LK_1000_08,3,2.130,5370
sensitivity,sens_B512,LK_1000_08,3,2.350,5376
sensitivity,sens_B512,LK_1000_08,3,3.440,5393
sensitivity,sens_B512,LK_1000_08,3,4.090,5394
sensitivity,sens_B512,MF_800_03,1,0.330,3445
sensitivity,sens_B512,MF_800_03,1,0.650,3662
sensitivity,sens_B512,MF_800_03,1,1.000,3672
sensitivity,sens_B512,MF_800_03,2,0.350,3445
sensitivity,sens_B512,MF_800_03,2,0.670,3659
sensitivity,sens_B512,MF_800_03,2,1.020,3670
sensitivity,sens_B512,MF_800_03,2,1.300,3672
sensitivity,sens_B512,MF_800_03,3,0.380,3440
sensitivity,sens_B512,MF_800_03,3,0.700,3642
sensitivity,sens_B512,MF_800_03,3,1.050,3668
sensitivity,sens_B512,MF_800_03,3,1.310,3672
sensitivity,sens_B512,MF_800_08,1,0.390,3363
sensitivity,sens_B512,MF_800_08,1,0.680,3576
sensitivity,sens_B512,MF_800_08,1,1.040,3581
sensitivity,sens_B512,MF_800_08,1,1.300,3588
sensitivity,sens_B512,MF_800_08,1,1.570,3603
sensitivity,sens_B512,MF_800_08,1,1.870,3612
sensitivity,sens_B512,MF_800_08,2,0.370,3378
sensitivity,sens_B512,MF_800_08,2,0.660,3567
sensitivity,sens_B512,MF_800_08,2,1.020,3602
sensitivity,sens_B512,MF_800_08,2,1.270,3605
sensitivity,sens_B512,MF_800_08,2,1.540,3612
sensitivity,sens_B512,MF_800_08,3,0.330,3360
sensitivity,sens_B512,MF_800_08,3,0.640,3572
sensitivity,sens_B512,MF_800_08,3,0.980,3597
sensitivity,sens_B512,MF_800_08,3,1.230,3611
sensitivity,sens_B512,MF_800_08,3,1.480,3612
sensitivity,sens_B512,MF_1000_03,1,0.400,4412
sensitivity,sens_B512,MF_1000_03,1,0.720,4625
sensitivity,sens_B512,MF_1000_03,1,1.090,4638
sensitivity,sens_B512,MF_1000_03,1,1.370,4642
sensitivity,sens_B512,MF_1000_03,1,1.650,4643
sensitivity,sens_B512,MF_1000_03,2,0.410,4411
sensitivity,sens_B512,MF_1000_03,2,0.730,4625
sensitivity,sens_B512,MF_1000_03,2,1.120,4632
sensitivity,sens_B512,MF_1000_03,2,1.420,4637
sensitivity,sens_B512,MF_1000_03,2,1.710,4638
sensitivity,sens_B512,MF_1000_03,2,2.040,4642
sensitivity,sens_B512,MF_1000_03,2,2.710,4643
sensitivity,sens_B512,MF_1000_03,3,0.460,4401
sensitivity,sens_B512,MF_1000_03,3,0.780,4624
sensitivity,sens_B512,MF_1000_03,3,1.170,4632
sensitivity,sens_B512,MF_1000_03,3,1.460,4638
sensitivity,sens_B512,MF_1000_03,3,1.750,4640
sensitivity,sens_B512,MF_1000_03,3,2.080,4642
sensitivity,sens_B512,MF_1000_03,3,3.760,4643
sensitivity,sens_B512,MF_1000_08,1,0.480,4256
sensitivity,sens_B512,MF_1000_08,1,0.810,4541
sensitivity,sens_B512,MF_1000_08,1,1.200,4558
sensitivity,sens_B512,MF_1000_08,1,1.520,4565
sensitivity,sens_B512,MF_1000_08,1,1.860,4572
sensitivity,sens_B512,MF_1000_08,2,0.510,4249
sensitivity,sens_B512,MF_1000_08,2,0.830,4551
sensitivity,sens_B512,MF_1000_08,2,1.250,4560
sensitivity,sens_B512,MF_1000_08,2,1.550,4566
sensitivity,sens_B512,MF_1000_08,2,2.190,4572
sensitivity,sens_B512,MF_1000_08,3,0.380,4263
sensitivity,sens_B512,MF_1000_08,3,0.710,4552
sensitivity,sens_B512,MF_1000_08,3,1.080,4558
sensitivity,sens_B512,MF_1000_08,3,1.360,4571
sensitivity,sens_B512,MF_1000_08,3,1.640,4572
sensitivity,sens_B2048,O_800_03,1,0.420,3907
sensitivity,sens_B2048,O_800_03,1,1.120,4095
sensitivity,sens_B2048,O_800_03,1,1.850,4106
sensitivity,sens_B2048,O_800_03,1,3.250,4107
sensitivity,sens_B2048,O_800_03,2,0.510,3906
sensitivity,sens_B2048,O_800_03,2,1.200,4099
sensitivity,sens_B2048,O_800_03,2,1.930,4105
sensitivity,sens_B2048,O_800_03,2,2.630,4106
sensitivity,sens_B2048,O_800_03,2,4.040,4107
sensitivity,sens_B2048,O_800_03,3,0.420,3904
sensitivity,sens_B2048,O_800_03,3,1.110,4101
sensitivity,sens_B2048,O_800_03,3,1.840,4106
sensitivity,sens_B2048,O_800_03,3,3.950,4107
sensitivity,sens_B2048,O_800_08,1,0.420,3869
sensitivity,sens_B2048,O_800_08,1,1.100,4055
sensitivity,sens_B2048,O_800_08,1,1.820,4063
sensitivity,sens_B2048,O_800_08,2,0.430,3867
sensitivity,sens_B2048,O_800_08,2,1.100,4060
sensitivity,sens_B2048,O_800_08,2,1.860,4063
sensitivity,sens_B2048,O_800_08,3,0.400,3875
sensitivity,sens_B2048,O_800_08,3,1.080,4049
sensitivity,sens_B2048,O_800_08,3,1.840,4063
sensitivity,sens_B2048,O_1000_03,1,0.490,4842
sensitivity,sens_B2048,O_1000_03,1,1.230,5153
sensitivity,sens_B2048,O_1000_03,1,2.060,5172
sensitivity,sens_B2048,O_1000_03,1,2.830,5176
sensitivity,sens_B2048,O_1000_03,1,3.600,5178
sensitivity,sens_B2048,O_1000_03,2,0.510,4835
sensitivity,sens_B2048,O_1000_03,2,1.250,5145
sensitivity,sens_B2048,O_1000_03,2,2.040,5173
sensitivity,sens_B2048,O_1000_03,2,2.800,5175
sensitivity,sens_B2048,O_1000_03,2,3.560,5177
sensitivity,sens_B2048,O_1000_03,2,5.070,5178
sensitivity,sens_B2048,O_1000_03,3,0.480,4869
sensitivity,sens_B2048,O_1000_03,3,1.220,5158
sensitivity,sens_B2048,O_1000_03,3,2.010,5173
sensitivity,sens_B2048,O_1000_03,3,2.780,5176
sensitivity,sens_B2048,O_1000_03,3,3.550,5177
sensitivity,sens_B2048,O_1000_03,3,5.810,5178
sensitivity,sens_B2048,O_1000_08,1,0.480,4974
sensitivity,sens_B2048,O_1000_08,1,1.220,5181
sensitivity,sens_B2048,O_1000_08,1,1.980,5190
sensitivity,sens_B2048,O_1000_08,1,2.740,5191
sensitivity,sens_B2048,O_1000_08,2,0.500,4951
sensitivity,sens_B2048,O_1000_08,2,1.250,5181
sensitivity,sens_B2048,O_1000_08,2,2.030,5188
sensitivity,sens_B2048,O_1000_08,2,2.790,5191
sensitivity,sens_B2048,O_1000_08,3,0.490,4983
sensitivity,sens_B2048,O_1000_08,3,1.220,5178
sensitivity,sens_B2048,O_1000_08,3,2.010,5187
sensitivity,sens_B2048,O_1000_08,3,2.760,5191
sensitivity,sens_B2048,LK_800_03,1,0.460,3999
sensitivity,sens_B2048,LK_800_03,1,1.150,4194
sensitivity,sens_B2048,LK_800_03,1,1.840,4246
sensitivity,sens_B2048,LK_800_03,1,3.080,4257
sensitivity,sens_B2048,LK_800_03,2,0.420,3987
sensitivity,sens_B2048,LK_800_03,2,1.120,4169
sensitivity,sens_B2048,LK_800_03,2,1.810,4251
sensitivity,sens_B2048,LK_800_03,2,2.420,4257
sensitivity,sens_B2048,LK_800_03,3,0.430,3992
sensitivity,sens_B2048,LK_800_03,3,1.130,4230
sensitivity,sens_B2048,LK_800_03,3,1.810,4245
sensitivity,sens_B2048,LK_800_03,3,2.430,4257
sensitivity,sens_B2048,LK_800_08,1,0.410,3957
sensitivity,sens_B2048,LK_800_08,1,1.110,4118
sensitivity,sens_B2048,LK_800_08,1,1.790,4146
sensitivity,sens_B2048,LK_800_08,1,2.410,4149
sensitivity,sens_B2048,LK_800_08,1,3.030,4150
sensitivity,sens_B2048,LK_800_08,1,4.280,4151
sensitivity,sens_B2048,LK_800_08,1,4.910,4152
sensitivity,sens_B2048,LK_800_08,1,5.540,4153
sensitivity,sens_B2048,LK_800_08,1,7.430,4154
sensitivity,sens_B2048,LK_800_08,1,14.340,4157
sensitivity,sens_B2048,LK_800_08,1,16.840,4158
sensitivity,sens_B2048,LK_800_08,2,0.470,3957
sensitivity,sens_B2048,LK_800_08,2,1.150,4105
sensitivity,sens_B2048,LK_800_08,2,1.830,4127
sensitivity,sens_B2048,LK_800_08,2,2.440,4144
sensitivity,sens_B2048,LK_800_08,2,3.060,4153
sensitivity,sens_B2048,LK_800_08,2,3.680,4157
sensitivity,sens_B2048,LK_800_08,2,4.920,4158
sensitivity,sens_B2048,LK_800_08,3,0.430,3941
sensitivity,sens_B2048,LK_800_08,3,1.120,4131
sensitivity,sens_B2048,LK_800_08,3,1.800,4145
sensitivity,sens_B2048,LK_800_08,3,2.420,4148
sensitivity,sens_B2048,LK_800_08,3,3.040,4153
sensitivity,sens_B2048,LK_800_08,3,3.670,4154
sensitivity,sens_B2048,LK_800_08,3,4.300,4155
sensitivity,sens_B2048,LK_800_08,3,4.930,4156
sensitivity,sens_B2048,LK_1000_03,1,0.480,5029
sensitivity,sens_B2048,LK_1000_03,1,1.220,5328
sensitivity,sens_B2048,LK_1000_03,1,1.960,5374
sensitivity,sens_B2048,LK_1000_03,1,2.630,5390
sensitivity,sens_B2048,LK_1000_03,1,3.300,5394
sensitivity,sens_B2048,LK_1000_03,1,3.960,5395
sensitivity,sens_B2048,LK_1000_03,2,0.540,5017
sensitivity,sens_B2048,LK_1000_03,2,1.270,5315
sensitivity,sens_B2048,LK_1000_03,2,2.010,5374
sensitivity,sens_B2048,LK_1000_03,2,2.670,5395
sensitivity,sens_B2048,LK_1000_03,3,0.490,5034
sensitivity,sens_B2048,LK_1000_03,3,1.230,5310
sensitivity,sens_B2048,LK_1000_03,3,1.970,5367
sensitivity,sens_B2048,LK_1000_03,3,2.640,5385
sensitivity,sens_B2048,LK_1000_03,3,3.300,5392
sensitivity,sens_B2048,LK_1000_03,3,3.960,5395
sensitivity,sens_B2048,LK_1000_08,1,0.490,5148
sensitivity,sens_B2048,LK_1000_08,1,1.230,5310
sensitivity,sens_B2048,LK_1000_08,1,1.970,5368
sensitivity,sens_B2048,LK_1000_08,1,2.630,5381
sensitivity,sens_B2048,LK_1000_08,1,3.970,5390
sensitivity,sens_B2048,LK_1000_08,1,4.640,5394
sensitivity,sens_B2048,LK_1000_08,2,0.520,5157
sensitivity,sens_B2048,LK_1000_08,2,1.250,5320
sensitivity,sens_B2048,LK_1000_08,2,1.990,5353
sensitivity,sens_B2048,LK_1000_08,2,2.650,5371
sensitivity,sens_B2048,LK_1000_08,2,3.320,5393
sensitivity,sens_B2048,LK_1000_08,2,4.660,5394
sensitivity,sens_B2048,LK_1000_08,3,0.480,5146
sensitivity,sens_B2048,LK_1000_08,3,1.220,5307
sensitivity,sens_B2048,LK_1000_08,3,1.960,5356
sensitivity,sens_B2048,LK_1000_08,3,2.630,5358
sensitivity,sens_B2048,LK_1000_08,3,3.300,5376
sensitivity,sens_B2048,LK_1000_08,3,3.970,5381
sensitivity,sens_B2048,LK_1000_08,3,5.300,5386
sensitivity,sens_B2048,LK_1000_08,3,5.970,5393
sensitivity,sens_B2048,LK_1000_08,3,6.640,5394
sensitivity,sens_B2048,MF_800_03,1,0.390,3448
sensitivity,sens_B2048,MF_800_03,1,1.200,3651
sensitivity,sens_B2048,MF_800_03,1,2.060,3669
sensitivity,sens_B2048,MF_800_03,1,2.860,3672
sensitivity,sens_B2048,MF_800_03,2,0.390,3449
sensitivity,sens_B2048,MF_800_03,2,1.210,3666
sensitivity,sens_B2048,MF_800_03,2,2.060,3672
sensitivity,sens_B2048,MF_800_03,3,0.370,3448
sensitivity,sens_B2048,MF_800_03,3,1.190,3664
sensitivity,sens_B2048,MF_800_03,3,2.020,3672
sensitivity,sens_B2048,MF_800_08,1,0.380,3364
sensitivity,sens_B2048,MF_800_08,1,1.140,3576
sensitivity,sens_B2048,MF_800_08,1,1.960,3611
sensitivity,sens_B2048,MF_800_08,1,2.740,3612
sensitivity,sens_B2048,MF_800_08,2,0.390,3366
sensitivity,sens_B2048,MF_800_08,2,1.150,3580
sensitivity,sens_B2048,MF_800_08,2,1.970,3612
sensitivity,sens_B2048,MF_800_08,3,0.390,3371
sensitivity,sens_B2048,MF_800_08,3,1.150,3576
sensitivity,sens_B2048,MF_800_08,3,1.970,3609
sensitivity,sens_B2048,MF_800_08,3,2.750,3612
sensitivity,sens_B2048,MF_1000_03,1,0.440,4410
sensitivity,sens_B2048,MF_1000_03,1,1.290,4629
sensitivity,sens_B2048,MF_1000_03,1,2.180,4640
sensitivity,sens_B2048,MF_1000_03,1,3.050,4643
sensitivity,sens_B2048,MF_1000_03,2,0.440,4409
sensitivity,sens_B2048,MF_1000_03,2,1.300,4628
sensitivity,sens_B2048,MF_1000_03,2,2.190,4638
sensitivity,sens_B2048,MF_1000_03,2,7.410,4639
sensitivity,sens_B2048,MF_1000_03,2,8.280,4640
sensitivity,sens_B2048,MF_1000_03,2,9.140,4643
sensitivity,sens_B2048,MF_1000_03,3,0.440,4460
sensitivity,sens_B2048,MF_1000_03,3,1.290,4630
sensitivity,sens_B2048,MF_1000_03,3,2.180,4638
sensitivity,sens_B2048,MF_1000_03,3,3.060,4643
sensitivity,sens_B2048,MF_1000_08,1,0.500,4272
sensitivity,sens_B2048,MF_1000_08,1,1.350,4542
sensitivity,sens_B2048,MF_1000_08,1,2.250,4570
sensitivity,sens_B2048,MF_1000_08,1,3.130,4572
sensitivity,sens_B2048,MF_1000_08,2,0.490,4265
sensitivity,sens_B2048,MF_1000_08,2,1.340,4559
sensitivity,sens_B2048,MF_1000_08,2,2.270,4569
sensitivity,sens_B2048,MF_1000_08,2,3.140,4572
sensitivity,sens_B2048,MF_1000_08,3,0.420,4263
sensitivity,sens_B2048,MF_1000_08,3,1.280,4550
sensitivity,sens_B2048,MF_1000_08,3,2.180,4570
sensitivity,sens_B2048,MF_1000_08,3,3.060,4572
sensitivity,sens_L500,O_800_03,1,0.460,3911
sensitivity,sens_L500,O_800_03,1,0.640,4075
sensitivity,sens_L500,O_800_03,1,0.870,4098
sensitivity,sens_L500,O_800_03,1,1.000,4103
sensitivity,sens_L500,O_800_03,1,1.160,4106
sensitivity,sens_L500,O_800_03,1,2.110,4107
sensitivity,sens_L500,O_800_03,2,0.450,3913
sensitivity,sens_L500,O_800_03,2,0.630,4083
sensitivity,sens_L500,O_800_03,2,0.860,4100
sensitivity,sens_L500,O_800_03,2,1.050,4103
sensitivity,sens_L500,O_800_03,2,1.730,4106
sensitivity,sens_L500,O_800_03,2,2.100,4107
sensitivity,sens_L500,O_800_03,3,0.400,3887
sensitivity,sens_L500,O_800_03,3,0.580,4085
sensitivity,sens_L500,O_800_03,3,0.820,4095
sensitivity,sens_L500,O_800_03,3,0.960,4101
sensitivity,sens_L500,O_800_03,3,1.100,4103
sensitivity,sens_L500,O_800_03,3,1.260,4105
sensitivity,sens_L500,O_800_03,3,1.790,4106
sensitivity,sens_L500,O_800_03,3,1.970,4107
sensitivity,sens_L500,O_800_08,1,0.420,3864
sensitivity,sens_L500,O_800_08,1,0.600,4046
sensitivity,sens_L500,O_800_08,1,0.800,4057
sensitivity,sens_L500,O_800_08,1,0.930,4063
sensitivity,sens_L500,O_800_08,2,0.400,3866
sensitivity,sens_L500,O_800_08,2,0.580,4053
sensitivity,sens_L500,O_800_08,2,0.790,4058
sensitivity,sens_L500,O_800_08,2,0.920,4063
sensitivity,sens_L500,O_800_08,3,0.400,3875
sensitivity,sens_L500,O_800_08,3,0.580,4039
sensitivity,sens_L500,O_800_08,3,0.790,4060
sensitivity,sens_L500,O_800_08,3,0.930,4061
sensitivity,sens_L500,O_800_08,3,1.050,4062
sensitivity,sens_L500,O_800_08,3,1.180,4063
sensitivity,sens_L500,O_1000_03,1,0.500,4849
sensitivity,sens_L500,O_1000_03,1,0.680,5110
sensitivity,sens_L500,O_1000_03,1,0.920,5141
sensitivity,sens_L500,O_1000_03,1,1.070,5164
sensitivity,sens_L500,O_1000_03,1,1.210,5174
sensitivity,sens_L500,O_1000_03,1,1.360,5175
sensitivity,sens_L500,O_1000_03,1,1.500,5177
sensitivity,sens_L500,O_1000_03,1,5.360,5178
sensitivity,sens_L500,O_1000_03,2,0.510,4839
sensitivity,sens_L500,O_1000_03,2,0.690,5119
sensitivity,sens_L500,O_1000_03,2,0.920,5148
sensitivity,sens_L500,O_1000_03,2,1.080,5162
sensitivity,sens_L500,O_1000_03,2,1.240,5166
sensitivity,sens_L500,O_1000_03,2,1.390,5173
sensitivity,sens_L500,O_1000_03,2,1.540,5174
sensitivity,sens_L500,O_1000_03,2,1.750,5175
sensitivity,sens_L500,O_1000_03,2,1.960,5177
sensitivity,sens_L500,O_1000_03,2,2.170,5178
sensitivity,sens_L500,O_1000_03,3,0.510,4841
sensitivity,sens_L500,O_1000_03,3,0.680,5108
sensitivity,sens_L500,O_1000_03,3,0.950,5158
sensitivity,sens_L500,O_1000_03,3,1.100,5163
sensitivity,sens_L500,O_1000_03,3,1.260,5167
sensitivity,sens_L500,O_1000_03,3,1.430,5170
sensitivity,sens_L500,O_1000_03,3,1.580,5174
sensitivity,sens_L500,O_1000_03,3,2.010,5176
sensitivity,sens_L500,O_1000_03,3,2.210,5177
sensitivity,sens_L500,O_1000_03,3,3.640,5178
sensitivity,sens_L500,O_1000_08,1,0.470,4964
sensitivity,sens_L500,O_1000_08,1,0.650,5148
sensitivity,sens_L500,O_1000_08,1,0.890,5172
sensitivity,sens_L500,O_1000_08,1,1.030,5180
sensitivity,sens_L500,O_1000_08,1,1.190,5188
sensitivity,sens_L500,O_1000_08,1,1.330,5191
sensitivity,sens_L500,O_1000_08,2,0.460,4941
sensitivity,sens_L500,O_1000_08,2,0.640,5147
sensitivity,sens_L500,O_1000_08,2,0.880,5165
sensitivity,sens_L500,O_1000_08,2,1.020,5184
sensitivity,sens_L500,O_1000_08,2,1.160,5187
sensitivity,sens_L500,O_1000_08,2,1.300,5189
sensitivity,sens_L500,O_1000_08,2,1.440,5190
sensitivity,sens_L500,O_1000_08,2,1.990,5191
sensitivity,sens_L500,O_1000_08,3,0.460,4950
sensitivity,sens_L500,O_1000_08,3,0.650,5137
sensitivity,sens_L500,O_1000_08,3,0.870,5167
sensitivity,sens_L500,O_1000_08,3,1.010,5189
sensitivity,sens_L500,O_1000_08,3,1.300,5190
sensitivity,sens_L500,O_1000_08,3,1.590,5191
sensitivity,sens_L500,LK_800_03,1,0.440,3989
sensitivity,sens_L500,LK_800_03,1,0.610,4160
sensitivity,sens_L500,LK_800_03,1,0.770,4220
sensitivity,sens_L500,LK_800_03,1,0.870,4239
sensitivity,sens_L500,LK_800_03,1,0.970,4257
sensitivity,sens_L500,LK_800_03,2,0.460,3975
sensitivity,sens_L500,LK_800_03,2,0.640,4183
sensitivity,sens_L500,LK_800_03,2,0.810,4232
sensitivity,sens_L500,LK_800_03,2,0.900,4250
sensitivity,sens_L500,LK_800_03,2,1.000,4255
sensitivity,sens_L500,LK_800_03,2,1.090,4257
sensitivity,sens_L500,LK_800_03,3,0.440,3985
sensitivity,sens_L500,LK_800_03,3,0.620,4177
sensitivity,sens_L500,LK_800_03,3,0.790,4248
sensitivity,sens_L500,LK_800_03,3,0.880,4257
sensitivity,sens_L500,LK_800_08,1,0.400,3926
sensitivity,sens_L500,LK_800_08,1,0.580,4119
sensitivity,sens_L500,LK_800_08,1,0.740,4139
sensitivity,sens_L500,LK_800_08,1,0.830,4142
sensitivity,sens_L500,LK_800_08,1,0.920,4145
sensitivity,sens_L500,LK_800_08,1,1.010,4153
sensitivity,sens_L500,LK_800_08,1,1.200,4154
sensitivity,sens_L500,LK_800_08,1,1.390,4158
sensitivity,sens_L500,LK_800_08,2,0.400,3958
sensitivity,sens_L500,LK_800_08,2,0.580,4120
sensitivity,sens_L500,LK_800_08,2,0.750,4136
sensitivity,sens_L500,LK_800_08,2,0.840,4140
sensitivity,sens_L500,LK_800_08,2,0.930,4144
sensitivity,sens_L500,LK_800_08,2,1.020,4146
sensitivity,sens_L500,LK_800_08,2,1.110,4149
sensitivity,sens_L500,LK_800_08,2,1.210,4153
sensitivity,sens_L500,LK_800_08,2,1.390,4154
sensitivity,sens_L500,LK_800_08,2,41.110,4155
sensitivity,sens_L500,LK_800_08,2,41.310,4156
sensitivity,sens_L500,LK_800_08,2,41.510,4157
sensitivity,sens_L500,LK_800_08,2,42.410,4158
sensitivity,sens_L500,LK_800_08,3,0.410,3939
sensitivity,sens_L500,LK_800_08,3,0.580,4104
sensitivity,sens_L500,LK_800_08,3,0.750,4127
sensitivity,sens_L500,LK_800_08,3,0.840,4133
sensitivity,sens_L500,LK_800_08,3,0.930,4147
sensitivity,sens_L500,LK_800_08,3,1.120,4152
sensitivity,sens_L500,LK_800_08,3,6.200,4153
sensitivity,sens_L500,LK_800_08,3,6.400,4154
sensitivity,sens_L500,LK_800_08,3,9.730,4155
sensitivity,sens_L500,LK_800_08,3,19.330,4156
sensitivity,sens_L500,LK_1000_03,1,0.650,5043
sensitivity,sens_L500,LK_1000_03,1,0.830,5308
sensitivity,sens_L500,LK_1000_03,1,1.010,5352
sensitivity,sens_L500,LK_1000_03,1,1.110,5369
sensitivity,sens_L500,LK_1000_03,1,1.210,5381
sensitivity,sens_L500,LK_1000_03,1,1.310,5387
sensitivity,sens_L500,LK_1000_03,1,1.410,5390
sensitivity,sens_L500,LK_1000_03,1,1.500,5395
sensitivity,sens_L500,LK_1000_03,2,0.570,5026
sensitivity,sens_L500,LK_1000_03,2,0.760,5298
sensitivity,sens_L500,LK_1000_03,2,0.930,5339
sensitivity,sens_L500,LK_1000_03,2,1.030,5376
sensitivity,sens_L500,LK_1000_03,2,1.250,5387
sensitivity,sens_L500,LK_1000_03,2,1.340,5393
sensitivity,sens_L500,LK_1000_03,2,1.440,5394
sensitivity,sens_L500,LK_1000_03,2,1.530,5395
sensitivity,sens_L500,LK_1000_03,3,0.480,5046
sensitivity,sens_L500,LK_1000_03,3,0.660,5307
sensitivity,sens_L500,LK_1000_03,3,0.840,5347
sensitivity,sens_L500,LK_1000_03,3,0.940,5364
sensitivity,sens_L500,LK_1000_03,3,1.040,5386
sensitivity,sens_L500,LK_1000_03,3,1.140,5391
sensitivity,sens_L500,LK_1000_03,3,1.230,5395
sensitivity,sens_L500,LK_1000_08,1,0.510,5136
sensitivity,sens_L500,LK_1000_08,1,0.690,5305
sensitivity,sens_L500,LK_1000_08,1,0.870,5336
sensitivity,sens_L500,LK_1000_08,1,0.970,5349
sensitivity,sens_L500,LK_1000_08,1,1.070,5352
sensitivity,sens_L500,LK_1000_08,1,1.180,5364
sensitivity,sens_L500,LK_1000_08,1,1.270,5368
sensitivity,sens_L500,LK_1000_08,1,1.370,5375
sensitivity,sens_L500,LK_1000_08,1,1.470,5378
sensitivity,sens_L500,LK_1000_08,1,1.670,5382
sensitivity,sens_L500,LK_1000_08,1,1.990,5385
sensitivity,sens_L500,LK_1000_08,1,2.090,5390
sensitivity,sens_L500,LK_1000_08,1,2.200,5394
sensitivity,sens_L500,LK_1000_08,2,0.480,5140
sensitivity,sens_L500,LK_1000_08,2,0.670,5308
sensitivity,sens_L500,LK_1000_08,2,0.850,5335
sensitivity,sens_L500,LK_1000_08,2,0.940,5344
sensitivity,sens_L500,LK_1000_08,2,1.040,5357
sensitivity,sens_L500,LK_1000_08,2,1.140,5367
sensitivity,sens_L500,LK_1000_08,2,1.330,5372
sensitivity,sens_L500,LK_1000_08,2,1.430,5373
sensitivity,sens_L500,LK_1000_08,2,1.530,5376
sensitivity,sens_L500,LK_1000_08,2,2.050,5378
sensitivity,sens_L500,LK_1000_08,2,2.160,5379
sensitivity,sens_L500,LK_1000_08,2,2.260,5389
sensitivity,sens_L500,LK_1000_08,2,2.370,5393
sensitivity,sens_L500,LK_1000_08,2,2.470,5394
sensitivity,sens_L500,LK_1000_08,3,0.490,5139
sensitivity,sens_L500,LK_1000_08,3,0.670,5315
sensitivity,sens_L500,LK_1000_08,3,0.850,5334
sensitivity,sens_L500,LK_1000_08,3,0.940,5352
sensitivity,sens_L500,LK_1000_08,3,1.050,5366
sensitivity,sens_L500,LK_1000_08,3,1.140,5372
sensitivity,sens_L500,LK_1000_08,3,1.250,5373
sensitivity,sens_L500,LK_1000_08,3,1.350,5376
sensitivity,sens_L500,LK_1000_08,3,1.540,5378
sensitivity,sens_L500,LK_1000_08,3,1.640,5393
sensitivity,sens_L500,LK_1000_08,3,1.750,5394
sensitivity,sens_L500,MF_800_03,1,0.380,3441
sensitivity,sens_L500,MF_800_03,1,0.580,3659
sensitivity,sens_L500,MF_800_03,1,0.790,3666
sensitivity,sens_L500,MF_800_03,1,0.940,3672
sensitivity,sens_L500,MF_800_03,2,0.380,3441
sensitivity,sens_L500,MF_800_03,2,0.560,3647
sensitivity,sens_L500,MF_800_03,2,0.780,3672
sensitivity,sens_L500,MF_800_03,3,0.410,3446
sensitivity,sens_L500,MF_800_03,3,0.600,3650
sensitivity,sens_L500,MF_800_03,3,0.850,3672
sensitivity,sens_L500,MF_800_08,1,0.370,3360
sensitivity,sens_L500,MF_800_08,1,0.550,3576
sensitivity,sens_L500,MF_800_08,1,0.770,3590
sensitivity,sens_L500,MF_800_08,1,1.030,3611
sensitivity,sens_L500,MF_800_08,1,1.460,3612
sensitivity,sens_L500,MF_800_08,2,0.370,3360
sensitivity,sens_L500,MF_800_08,2,0.560,3572
sensitivity,sens_L500,MF_800_08,2,0.780,3606
sensitivity,sens_L500,MF_800_08,2,0.920,3612
sensitivity,sens_L500,MF_800_08,3,0.360,3356
sensitivity,sens_L500,MF_800_08,3,0.550,3582
sensitivity,sens_L500,MF_800_08,3,0.790,3605
sensitivity,sens_L500,MF_800_08,3,0.940,3609
sensitivity,sens_L500,MF_800_08,3,1.090,3611
sensitivity,sens_L500,MF_800_08,3,1.250,3612
sensitivity,sens_L500,MF_1000_03,1,0.490,4414
sensitivity,sens_L500,MF_1000_03,1,0.680,4607
sensitivity,sens_L500,MF_1000_03,1,0.930,4626
sensitivity,sens_L500,MF_1000_03,1,1.120,4631
sensitivity,sens_L500,MF_1000_03,1,1.280,4634
sensitivity,sens_L500,MF_1000_03,1,1.430,4635
sensitivity,sens_L500,MF_1000_03,1,2.480,4637
sensitivity,sens_L500,MF_1000_03,1,2.700,4638
sensitivity,sens_L500,MF_1000_03,1,8.320,4643
sensitivity,sens_L500,MF_1000_03,2,0.440,4425
sensitivity,sens_L500,MF_1000_03,2,0.640,4615
sensitivity,sens_L500,MF_1000_03,2,0.900,4627
sensitivity,sens_L500,MF_1000_03,2,1.090,4633
sensitivity,sens_L500,MF_1000_03,2,1.250,4635
sensitivity,sens_L500,MF_1000_03,2,1.580,4636
sensitivity,sens_L500,MF_1000_03,2,1.810,4637
sensitivity,sens_L500,MF_1000_03,2,2.030,4638
sensitivity,sens_L500,MF_1000_03,2,8.310,4640
sensitivity,sens_L500,MF_1000_03,2,8.750,4643
sensitivity,sens_L500,MF_1000_03,3,0.510,4418
sensitivity,sens_L500,MF_1000_03,3,0.710,4610
sensitivity,sens_L500,MF_1000_03,3,0.940,4632
sensitivity,sens_L500,MF_1000_03,3,1.110,4635
sensitivity,sens_L500,MF_1000_03,3,1.810,4636
sensitivity,sens_L500,MF_1000_03,3,2.020,4638
sensitivity,sens_L500,MF_1000_03,3,3.330,4640
sensitivity,sens_L500,MF_1000_03,3,3.990,4643
sensitivity,sens_L500,MF_1000_08,1,0.590,4267
sensitivity,sens_L500,MF_1000_08,1,0.790,4535
sensitivity,sens_L500,MF_1000_08,1,1.050,4554
sensitivity,sens_L500,MF_1000_08,1,1.210,4559
sensitivity,sens_L500,MF_1000_08,1,1.360,4564
sensitivity,sens_L500,MF_1000_08,1,1.560,4572
sensitivity,sens_L500,MF_1000_08,2,0.420,4287
sensitivity,sens_L500,MF_1000_08,2,0.610,4512
sensitivity,sens_L500,MF_1000_08,2,0.850,4549
sensitivity,sens_L500,MF_1000_08,2,1.000,4552
sensitivity,sens_L500,MF_1000_08,2,1.160,4563
sensitivity,sens_L500,MF_1000_08,2,1.320,4572
sensitivity,sens_L500,MF_1000_08,3,0.430,4256
sensitivity,sens_L500,MF_1000_08,3,0.620,4494
sensitivity,sens_L500,MF_1000_08,3,0.890,4561
sensitivity,sens_L500,MF_1000_08,3,1.050,4566
sensitivity,sens_L500,MF_1000_08,3,1.220,4572
sensitivity,sens_L8000,O_800_03,1,0.430,3911
sensitivity,sens_L8000,O_800_03,1,1.800,4098
sensitivity,sens_L8000,O_800_03,1,3.280,4106
sensitivity,sens_L8000,O_800_03,1,4.660,4107
sensitivity,sens_L8000,O_800_03,2,0.420,3913
sensitivity,sens_L8000,O_800_03,2,1.790,4100
sensitivity,sens_L8000,O_800_03,2,3.270,4107
sensitivity,sens_L8000,O_800_03,3,0.430,3887
sensitivity,sens_L8000,O_800_03,3,1.810,4101
sensitivity,sens_L8000,O_800_03,3,3.300,4106
sensitivity,sens_L8000,O_800_03,3,4.660,4107
sensitivity,sens_L8000,O_800_08,1,0.440,3864
sensitivity,sens_L8000,O_800_08,1,1.780,4061
sensitivity,sens_L8000,O_800_08,1,3.240,4063
sensitivity,sens_L8000,O_800_08,2,0.400,3866
sensitivity,sens_L8000,O_800_08,2,1.730,4063
sensitivity,sens_L8000,O_800_08,3,0.420,3875
sensitivity,sens_L8000,O_800_08,3,1.760,4059
sensitivity,sens_L8000,O_800_08,3,3.210,4063
sensitivity,sens_L8000,O_1000_03,1,0.590,4849
sensitivity,sens_L8000,O_1000_03,1,2.070,5164
sensitivity,sens_L8000,O_1000_03,1,3.690,5176
sensitivity,sens_L8000,O_1000_03,1,5.160,5177
sensitivity,sens_L8000,O_1000_03,1,8.110,5178
sensitivity,sens_L8000,O_1000_03,2,0.470,4839
sensitivity,sens_L8000,O_1000_03,2,1.950,5169
sensitivity,sens_L8000,O_1000_03,2,3.570,5177
sensitivity,sens_L8000,O_1000_03,2,6.510,5178
sensitivity,sens_L8000,O_1000_03,3,0.590,4841
sensitivity,sens_L8000,O_1000_03,3,2.070,5171
sensitivity,sens_L8000,O_1000_03,3,3.680,5177
sensitivity,sens_L8000,O_1000_03,3,6.640,5178
sensitivity,sens_L8000,O_1000_08,1,0.500,4964
sensitivity,sens_L8000,O_1000_08,1,1.970,5189
sensitivity,sens_L8000,O_1000_08,1,3.580,5191
sensitivity,sens_L8000,O_1000_08,2,0.460,4941
sensitivity,sens_L8000,O_1000_08,2,1.940,5187
sensitivity,sens_L8000,O_1000_08,2,3.570,5191
sensitivity,sens_L8000,O_1000_08,3,0.490,4950
sensitivity,sens_L8000,O_1000_08,3,1.960,5190
sensitivity,sens_L8000,O_1000_08,3,5.070,5191
sensitivity,sens_L8000,LK_800_03,1,0.560,3989
sensitivity,sens_L8000,LK_800_03,1,1.940,4214
sensitivity,sens_L8000,LK_800_03,1,3.370,4253
sensitivity,sens_L8000,LK_800_03,1,4.680,4257
sensitivity,sens_L8000,LK_800_03,2,0.420,3975
sensitivity,sens_L8000,LK_800_03,2,1.810,4216
sensitivity,sens_L8000,LK_800_03,2,3.240,4257
sensitivity,sens_L8000,LK_800_03,3,0.540,3985
sensitivity,sens_L8000,LK_800_03,3,1.920,4222
sensitivity,sens_L8000,LK_800_03,3,3.350,4245
sensitivity,sens_L8000,LK_800_03,3,4.650,4257
sensitivity,sens_L8000,LK_800_08,1,0.570,3926
sensitivity,sens_L8000,LK_800_08,1,1.920,4135
sensitivity,sens_L8000,LK_800_08,1,3.330,4150
sensitivity,sens_L8000,LK_800_08,1,4.640,4153
sensitivity,sens_L8000,LK_800_08,1,5.960,4158
sensitivity,sens_L8000,LK_800_08,2,0.410,3958
sensitivity,sens_L8000,LK_800_08,2,1.770,4145
sensitivity,sens_L8000,LK_800_08,2,3.180,4150
sensitivity,sens_L8000,LK_800_08,2,4.490,4154
sensitivity,sens_L8000,LK_800_08,2,5.820,4158
sensitivity,sens_L8000,LK_800_08,3,0.450,3939
sensitivity,sens_L8000,LK_800_08,3,1.800,4123
sensitivity,sens_L8000,LK_800_08,3,3.210,4145
sensitivity,sens_L8000,LK_800_08,3,4.520,4148
sensitivity,sens_L8000,LK_800_08,3,5.840,4157
sensitivity,sens_L8000,LK_800_08,3,7.170,4158
sensitivity,sens_L8000,LK_1000_03,1,0.510,5043
sensitivity,sens_L8000,LK_1000_03,1,1.980,5373
sensitivity,sens_L8000,LK_1000_03,1,3.500,5392
sensitivity,sens_L8000,LK_1000_03,1,4.880,5394
sensitivity,sens_L8000,LK_1000_03,1,6.260,5395
sensitivity,sens_L8000,LK_1000_03,2,0.490,5026
sensitivity,sens_L8000,LK_1000_03,2,1.970,5380
sensitivity,sens_L8000,LK_1000_03,2,3.490,5386
sensitivity,sens_L8000,LK_1000_03,2,4.880,5394
sensitivity,sens_L8000,LK_1000_03,2,6.260,5395
sensitivity,sens_L8000,LK_1000_03,3,0.550,5046
sensitivity,sens_L8000,LK_1000_03,3,2.030,5336
sensitivity,sens_L8000,LK_1000_03,3,3.550,5392
sensitivity,sens_L8000,LK_1000_03,3,4.940,5394
sensitivity,sens_L8000,LK_1000_03,3,6.330,5395
sensitivity,sens_L8000,LK_1000_08,1,0.530,5136
sensitivity,sens_L8000,LK_1000_08,1,2.010,5344
sensitivity,sens_L8000,LK_1000_08,1,3.510,5370
sensitivity,sens_L8000,LK_1000_08,1,4.920,5373
sensitivity,sens_L8000,LK_1000_08,1,6.340,5394
sensitivity,sens_L8000,LK_1000_08,2,0.590,5140
sensitivity,sens_L8000,LK_1000_08,2,2.070,5318
sensitivity,sens_L8000,LK_1000_08,2,3.590,5372
sensitivity,sens_L8000,LK_1000_08,2,5.000,5373
sensitivity,sens_L8000,LK_1000_08,2,6.430,5391
sensitivity,sens_L8000,LK_1000_08,2,7.840,5394
sensitivity,sens_L8000,LK_1000_08,3,0.500,5139
sensitivity,sens_L8000,LK_1000_08,3,1.990,5326
sensitivity,sens_L8000,LK_1000_08,3,3.520,5351
sensitivity,sens_L8000,LK_1000_08,3,4.930,5373
sensitivity,sens_L8000,LK_1000_08,3,6.360,5381
sensitivity,sens_L8000,LK_1000_08,3,7.770,5394
sensitivity,sens_L8000,MF_800_03,1,0.370,3441
sensitivity,sens_L8000,MF_800_03,1,2.000,3666
sensitivity,sens_L8000,MF_800_03,1,3.720,3672
sensitivity,sens_L8000,MF_800_03,2,0.390,3441
sensitivity,sens_L8000,MF_800_03,2,2.030,3672
sensitivity,sens_L8000,MF_800_03,3,0.360,3446
sensitivity,sens_L8000,MF_800_03,3,1.990,3667
sensitivity,sens_L8000,MF_800_03,3,3.720,3672
sensitivity,sens_L8000,MF_800_08,1,0.380,3360
sensitivity,sens_L8000,MF_800_08,1,1.890,3583
sensitivity,sens_L8000,MF_800_08,1,3.540,3611
sensitivity,sens_L8000,MF_800_08,1,5.080,3612
sensitivity,sens_L8000,MF_800_08,2,0.480,3360
sensitivity,sens_L8000,MF_800_08,2,2.000,3578
sensitivity,sens_L8000,MF_800_08,2,3.670,3612
sensitivity,sens_L8000,MF_800_08,3,0.380,3356
sensitivity,sens_L8000,MF_800_08,3,1.910,3582
sensitivity,sens_L8000,MF_800_08,3,3.570,3612
sensitivity,sens_L8000,MF_1000_03,1,0.430,4414
sensitivity,sens_L8000,MF_1000_03,1,2.150,4638
sensitivity,sens_L8000,MF_1000_03,1,3.980,4640
sensitivity,sens_L8000,MF_1000_03,1,5.700,4642
sensitivity,sens_L8000,MF_1000_03,1,7.420,4643
sensitivity,sens_L8000,MF_1000_03,2,0.440,4425
sensitivity,sens_L8000,MF_1000_03,2,2.160,4638
sensitivity,sens_L8000,MF_1000_03,2,3.990,4643
sensitivity,sens_L8000,MF_1000_03,3,0.450,4418
sensitivity,sens_L8000,MF_1000_03,3,2.170,4635
sensitivity,sens_L8000,MF_1000_03,3,4.010,4640
sensitivity,sens_L8000,MF_1000_03,3,5.710,4643
sensitivity,sens_L8000,MF_1000_08,1,0.510,4267
sensitivity,sens_L8000,MF_1000_08,1,2.230,4568
sensitivity,sens_L8000,MF_1000_08,1,4.100,4572
sensitivity,sens_L8000,MF_1000_08,2,0.440,4287
sensitivity,sens_L8000,MF_1000_08,2,2.160,4559
sensitivity,sens_L8000,MF_1000_08,2,3.990,4572
sensitivity,sens_L8000,MF_1000_08,3,0.680,4256
sensitivity,sens_L8000,MF_1000_08,3,2.420,4557
sensitivity,sens_L8000,MF_1000_08,3,4.280,4572
sensitivity,sens_stall1250,O_800_03,1,0.440,3911
sensitivity,sens_stall1250,O_800_03,1,0.850,4095
sensitivity,sens_stall1250,O_800_03,1,1.320,4106
sensitivity,sens_stall1250,O_800_03,1,2.560,4107
sensitivity,sens_stall1250,O_800_03,2,0.420,3913
sensitivity,sens_stall1250,O_800_03,2,0.840,4094
sensitivity,sens_stall1250,O_800_03,2,1.330,4105
sensitivity,sens_stall1250,O_800_03,2,1.700,4106
sensitivity,sens_stall1250,O_800_03,2,2.130,4107
sensitivity,sens_stall1250,O_800_03,3,0.480,3887
sensitivity,sens_stall1250,O_800_03,3,0.890,4097
sensitivity,sens_stall1250,O_800_03,3,1.350,4106
sensitivity,sens_stall1250,O_800_03,3,2.160,4107
sensitivity,sens_stall1250,O_800_08,1,0.420,3864
sensitivity,sens_stall1250,O_800_08,1,0.830,4055
sensitivity,sens_stall1250,O_800_08,1,1.270,4063
sensitivity,sens_stall1250,O_800_08,2,0.440,3866
sensitivity,sens_stall1250,O_800_08,2,0.860,4054
sensitivity,sens_stall1250,O_800_08,2,1.320,4059
sensitivity,sens_stall1250,O_800_08,2,1.710,4063
sensitivity,sens_stall1250,O_800_08,3,0.510,3875
sensitivity,sens_stall1250,O_800_08,3,0.910,4058
sensitivity,sens_stall1250,O_800_08,3,1.410,4061
sensitivity,sens_stall1250,O_800_08,3,1.780,4063
sensitivity,sens_stall1250,O_1000_03,1,0.580,4849
sensitivity,sens_stall1250,O_1000_03,1,1.020,5146
sensitivity,sens_stall1250,O_1000_03,1,1.530,5169
sensitivity,sens_stall1250,O_1000_03,1,1.980,5174
sensitivity,sens_stall1250,O_1000_03,1,2.460,5177
sensitivity,sens_stall1250,O_1000_03,1,3.400,5178
sensitivity,sens_stall1250,O_1000_03,2,0.490,4839
sensitivity,sens_stall1250,O_1000_03,2,0.930,5151
sensitivity,sens_stall1250,O_1000_03,2,1.420,5167
sensitivity,sens_stall1250,O_1000_03,2,1.860,5177
sensitivity,sens_stall1250,O_1000_03,2,4.210,5178
sensitivity,sens_stall1250,O_1000_03,3,0.480,4841
sensitivity,sens_stall1250,O_1000_03,3,0.920,5136
sensitivity,sens_stall1250,O_1000_03,3,1.420,5170
sensitivity,sens_stall1250,O_1000_03,3,1.830,5174
sensitivity,sens_stall1250,O_1000_03,3,2.300,5177
sensitivity,sens_stall1250,O_1000_03,3,3.230,5178
sensitivity,sens_stall1250,O_1000_08,1,0.470,4964
sensitivity,sens_stall1250,O_1000_08,1,0.910,5165
sensitivity,sens_stall1250,O_1000_08,1,1.400,5190
sensitivity,sens_stall1250,O_1000_08,1,2.260,5191
sensitivity,sens_stall1250,O_1000_08,2,0.550,4941
sensitivity,sens_stall1250,O_1000_08,2,0.990,5162
sensitivity,sens_stall1250,O_1000_08,2,1.510,5185
sensitivity,sens_stall1250,O_1000_08,2,1.950,5191
sensitivity,sens_stall1250,O_1000_08,3,0.570,4950
sensitivity,sens_stall1250,O_1000_08,3,1.010,5180
sensitivity,sens_stall1250,O_1000_08,3,1.500,5190
sensitivity,sens_stall1250,O_1000_08,3,1.920,5191
sensitivity,sens_stall1250,LK_800_03,1,0.440,3989
sensitivity,sens_stall1250,LK_800_03,1,0.850,4201
sensitivity,sens_stall1250,LK_800_03,1,1.280,4244
sensitivity,sens_stall1250,LK_800_03,1,1.610,4257
sensitivity,sens_stall1250,LK_800_03,2,0.440,3975
sensitivity,sens_stall1250,LK_800_03,2,0.860,4234
sensitivity,sens_stall1250,LK_800_03,2,1.280,4257
sensitivity,sens_stall1250,LK_800_03,3,0.430,3985
sensitivity,sens_stall1250,LK_800_03,3,0.850,4204
sensitivity,sens_stall1250,LK_800_03,3,1.270,4244
sensitivity,sens_stall1250,LK_800_03,3,1.600,4257
sensitivity,sens_stall1250,LK_800_08,1,0.410,3926
sensitivity,sens_stall1250,LK_800_08,1,0.820,4132
sensitivity,sens_stall1250,LK_800_08,1,1.230,4142
sensitivity,sens_stall1250,LK_800_08,1,1.560,4151
sensitivity,sens_stall1250,LK_800_08,1,2.260,4154
sensitivity,sens_stall1250,LK_800_08,1,2.610,4157
sensitivity,sens_stall1250,LK_800_08,1,3.320,4158
sensitivity,sens_stall1250,LK_800_08,2,0.450,3958
sensitivity,sens_stall1250,LK_800_08,2,0.860,4120
sensitivity,sens_stall1250,LK_800_08,2,1.280,4145
sensitivity,sens_stall1250,LK_800_08,2,1.610,4154
sensitivity,sens_stall1250,LK_800_08,2,1.960,4158
sensitivity,sens_stall1250,LK_800_08,3,0.430,3939
sensitivity,sens_stall1250,LK_800_08,3,0.840,4126
sensitivity,sens_stall1250,LK_800_08,3,1.260,4138
sensitivity,sens_stall1250,LK_800_08,3,1.590,4149
sensitivity,sens_stall1250,LK_800_08,3,1.940,4151
sensitivity,sens_stall1250,LK_800_08,3,2.290,4156
sensitivity,sens_stall1250,LK_800_08,3,2.640,4158
sensitivity,sens_stall1250,LK_1000_03,1,0.540,5043
sensitivity,sens_stall1250,LK_1000_03,1,0.980,5370
sensitivity,sens_stall1250,LK_1000_03,1,1.420,5383
sensitivity,sens_stall1250,LK_1000_03,1,1.780,5392
sensitivity,sens_stall1250,LK_1000_03,1,2.140,5395
sensitivity,sens_stall1250,LK_1000_03,2,0.490,5026
sensitivity,sens_stall1250,LK_1000_03,2,0.940,5325
sensitivity,sens_stall1250,LK_1000_03,2,1.380,5375
sensitivity,sens_stall1250,LK_1000_03,2,1.750,5388
sensitivity,sens_stall1250,LK_1000_03,2,2.110,5392
sensitivity,sens_stall1250,LK_1000_03,2,2.480,5395
sensitivity,sens_stall1250,LK_1000_03,3,0.490,5046
sensitivity,sens_stall1250,LK_1000_03,3,0.930,5323
sensitivity,sens_stall1250,LK_1000_03,3,1.370,5383
sensitivity,sens_stall1250,LK_1000_03,3,1.730,5388
sensitivity,sens_stall1250,LK_1000_03,3,2.100,5394
sensitivity,sens_stall1250,LK_1000_03,3,2.460,5395
sensitivity,sens_stall1250,LK_1000_08,1,0.480,5136
sensitivity,sens_stall1250,LK_1000_08,1,0.930,5324
sensitivity,sens_stall1250,LK_1000_08,1,1.370,5355
sensitivity,sens_stall1250,LK_1000_08,1,1.730,5375
sensitivity,sens_stall1250,LK_1000_08,1,2.110,5376
sensitivity,sens_stall1250,LK_1000_08,1,3.970,5385
sensitivity,sens_stall1250,LK_1000_08,1,4.340,5394
sensitivity,sens_stall1250,LK_1000_08,2,0.540,5140
sensitivity,sens_stall1250,LK_1000_08,2,0.980,5322
sensitivity,sens_stall1250,LK_1000_08,2,1.430,5343
sensitivity,sens_stall1250,LK_1000_08,2,1.800,5358
sensitivity,sens_stall1250,LK_1000_08,2,2.170,5370
sensitivity,sens_stall1250,LK_1000_08,2,2.550,5376
sensitivity,sens_stall1250,LK_1000_08,2,3.660,5390
sensitivity,sens_stall1250,LK_1000_08,2,4.030,5394
sensitivity,sens_stall1250,LK_1000_08,3,0.500,5139
sensitivity,sens_stall1250,LK_1000_08,3,0.940,5334
sensitivity,sens_stall1250,LK_1000_08,3,1.380,5360
sensitivity,sens_stall1250,LK_1000_08,3,1.750,5368
sensitivity,sens_stall1250,LK_1000_08,3,2.120,5369
sensitivity,sens_stall1250,LK_1000_08,3,2.490,5376
sensitivity,sens_stall1250,LK_1000_08,3,17.930,5378
sensitivity,sens_stall1250,LK_1000_08,3,18.300,5389
sensitivity,sens_stall1250,LK_1000_08,3,18.670,5394
sensitivity,sens_stall1250,MF_800_03,1,0.510,3441
sensitivity,sens_stall1250,MF_800_03,1,0.990,3666
sensitivity,sens_stall1250,MF_800_03,1,1.530,3672
sensitivity,sens_stall1250,MF_800_03,2,0.370,3441
sensitivity,sens_stall1250,MF_800_03,2,0.850,3662
sensitivity,sens_stall1250,MF_800_03,2,1.370,3672
sensitivity,sens_stall1250,MF_800_03,3,0.390,3446
sensitivity,sens_stall1250,MF_800_03,3,0.870,3667
sensitivity,sens_stall1250,MF_800_03,3,1.390,3672
sensitivity,sens_stall1250,MF_800_08,1,0.380,3360
sensitivity,sens_stall1250,MF_800_08,1,0.830,3578
sensitivity,sens_stall1250,MF_800_08,1,1.320,3605
sensitivity,sens_stall1250,MF_800_08,1,1.720,3610
sensitivity,sens_stall1250,MF_800_08,1,2.180,3612
sensitivity,sens_stall1250,MF_800_08,2,0.440,3360
sensitivity,sens_stall1250,MF_800_08,2,0.890,3575
sensitivity,sens_stall1250,MF_800_08,2,1.390,3602
sensitivity,sens_stall1250,MF_800_08,2,1.840,3611
sensitivity,sens_stall1250,MF_800_08,2,2.300,3612
sensitivity,sens_stall1250,MF_800_08,3,0.400,3356
sensitivity,sens_stall1250,MF_800_08,3,0.860,3582
sensitivity,sens_stall1250,MF_800_08,3,1.350,3603
sensitivity,sens_stall1250,MF_800_08,3,1.770,3612
sensitivity,sens_stall1250,MF_1000_03,1,0.480,4414
sensitivity,sens_stall1250,MF_1000_03,1,0.970,4631
sensitivity,sens_stall1250,MF_1000_03,1,1.560,4635
sensitivity,sens_stall1250,MF_1000_03,1,2.600,4638
sensitivity,sens_stall1250,MF_1000_03,1,3.120,4642
sensitivity,sens_stall1250,MF_1000_03,1,3.640,4643
sensitivity,sens_stall1250,MF_1000_03,2,0.530,4425
sensitivity,sens_stall1250,MF_1000_03,2,1.030,4635
sensitivity,sens_stall1250,MF_1000_03,2,1.590,4642
sensitivity,sens_stall1250,MF_1000_03,2,2.630,4643
sensitivity,sens_stall1250,MF_1000_03,3,0.440,4418
sensitivity,sens_stall1250,MF_1000_03,3,0.950,4628
sensitivity,sens_stall1250,MF_1000_03,3,1.500,4638
sensitivity,sens_stall1250,MF_1000_03,3,9.210,4643
sensitivity,sens_stall1250,MF_1000_08,1,0.470,4267
sensitivity,sens_stall1250,MF_1000_08,1,0.970,4540
sensitivity,sens_stall1250,MF_1000_08,1,1.540,4563
sensitivity,sens_stall1250,MF_1000_08,1,2.050,4572
sensitivity,sens_stall1250,MF_1000_08,2,0.430,4287
sensitivity,sens_stall1250,MF_1000_08,2,0.930,4545
sensitivity,sens_stall1250,MF_1000_08,2,1.490,4569
sensitivity,sens_stall1250,MF_1000_08,2,1.970,4572
sensitivity,sens_stall1250,MF_1000_08,3,0.460,4256
sensitivity,sens_stall1250,MF_1000_08,3,0.960,4540
sensitivity,sens_stall1250,MF_1000_08,3,1.510,4570
sensitivity,sens_stall1250,MF_1000_08,3,1.990,4572
sensitivity,sens_stall20000,O_800_03,1,0.410,3911
sensitivity,sens_stall20000,O_800_03,1,0.820,4095
sensitivity,sens_stall20000,O_800_03,1,1.280,4104
sensitivity,sens_stall20000,O_800_03,1,1.650,4106
sensitivity,sens_stall20000,O_800_03,1,2.500,4107
sensitivity,sens_stall20000,O_800_03,2,0.510,3913
sensitivity,sens_stall20000,O_800_03,2,0.930,4094
sensitivity,sens_stall20000,O_800_03,2,1.440,4106
sensitivity,sens_stall20000,O_800_03,2,2.240,4107
sensitivity,sens_stall20000,O_800_03,3,0.410,3887
sensitivity,sens_stall20000,O_800_03,3,0.830,4097
sensitivity,sens_stall20000,O_800_03,3,1.290,4103
sensitivity,sens_stall20000,O_800_03,3,1.670,4106
sensitivity,sens_stall20000,O_800_03,3,4.240,4107
sensitivity,sens_stall20000,O_800_08,1,0.480,3864
sensitivity,sens_stall20000,O_800_08,1,0.890,4055
sensitivity,sens_stall20000,O_800_08,1,1.330,4063
sensitivity,sens_stall20000,O_800_08,2,0.430,3866
sensitivity,sens_stall20000,O_800_08,2,0.830,4054
sensitivity,sens_stall20000,O_800_08,2,1.280,4061
sensitivity,sens_stall20000,O_800_08,2,1.650,4063
sensitivity,sens_stall20000,O_800_08,3,0.410,3875
sensitivity,sens_stall20000,O_800_08,3,0.820,4051
sensitivity,sens_stall20000,O_800_08,3,1.260,4063
sensitivity,sens_stall20000,O_1000_03,1,0.460,4849
sensitivity,sens_stall20000,O_1000_03,1,0.890,5146
sensitivity,sens_stall20000,O_1000_03,1,1.380,5172
sensitivity,sens_stall20000,O_1000_03,1,1.780,5175
sensitivity,sens_stall20000,O_1000_03,1,2.730,5177
sensitivity,sens_stall20000,O_1000_03,1,3.200,5178
sensitivity,sens_stall20000,O_1000_03,2,0.500,4839
sensitivity,sens_stall20000,O_1000_03,2,0.940,5154
sensitivity,sens_stall20000,O_1000_03,2,1.440,5175
sensitivity,sens_stall20000,O_1000_03,2,1.850,5176
sensitivity,sens_stall20000,O_1000_03,2,2.320,5177
sensitivity,sens_stall20000,O_1000_03,2,3.250,5178
sensitivity,sens_stall20000,O_1000_03,3,0.510,4841
sensitivity,sens_stall20000,O_1000_03,3,0.950,5136
sensitivity,sens_stall20000,O_1000_03,3,1.450,5172
sensitivity,sens_stall20000,O_1000_03,3,1.850,5175
sensitivity,sens_stall20000,O_1000_03,3,2.330,5176
sensitivity,sens_stall20000,O_1000_03,3,2.780,5177
sensitivity,sens_stall20000,O_1000_03,3,6.460,5178
sensitivity,sens_stall20000,O_1000_08,1,0.460,4964
sensitivity,sens_stall20000,O_1000_08,1,0.910,5165
sensitivity,sens_stall20000,O_1000_08,1,1.430,5190
sensitivity,sens_stall20000,O_1000_08,1,2.310,5191
sensitivity,sens_stall20000,O_1000_08,2,0.500,4941
sensitivity,sens_stall20000,O_1000_08,2,0.940,5162
sensitivity,sens_stall20000,O_1000_08,2,1.460,5186
sensitivity,sens_stall20000,O_1000_08,2,1.870,5189
sensitivity,sens_stall20000,O_1000_08,2,2.330,5191
sensitivity,sens_stall20000,O_1000_08,3,0.480,4950
sensitivity,sens_stall20000,O_1000_08,3,0.920,5180
sensitivity,sens_stall20000,O_1000_08,3,1.410,5190
sensitivity,sens_stall20000,O_1000_08,3,3.190,5191
sensitivity,sens_stall20000,LK_800_03,1,0.630,3989
sensitivity,sens_stall20000,LK_800_03,1,1.050,4197
sensitivity,sens_stall20000,LK_800_03,1,1.480,4225
sensitivity,sens_stall20000,LK_800_03,1,1.820,4251
sensitivity,sens_stall20000,LK_800_03,1,2.170,4257
sensitivity,sens_stall20000,LK_800_03,2,0.500,3975
sensitivity,sens_stall20000,LK_800_03,2,0.920,4183
sensitivity,sens_stall20000,LK_800_03,2,1.330,4244
sensitivity,sens_stall20000,LK_800_03,2,1.670,4257
sensitivity,sens_stall20000,LK_800_03,3,0.450,3985
sensitivity,sens_stall20000,LK_800_03,3,0.860,4186
sensitivity,sens_stall20000,LK_800_03,3,1.270,4254
sensitivity,sens_stall20000,LK_800_03,3,1.610,4257
sensitivity,sens_stall20000,LK_800_08,1,0.490,3926
sensitivity,sens_stall20000,LK_800_08,1,0.890,4132
sensitivity,sens_stall20000,LK_800_08,1,1.300,4144
sensitivity,sens_stall20000,LK_800_08,1,1.630,4148
sensitivity,sens_stall20000,LK_800_08,1,1.970,4151
sensitivity,sens_stall20000,LK_800_08,1,2.650,4154
sensitivity,sens_stall20000,LK_800_08,1,51.470,4158
sensitivity,sens_stall20000,LK_800_08,2,0.410,3958
sensitivity,sens_stall20000,LK_800_08,2,0.820,4140
sensitivity,sens_stall20000,LK_800_08,2,1.240,4145
sensitivity,sens_stall20000,LK_800_08,2,1.900,4148
sensitivity,sens_stall20000,LK_800_08,2,2.250,4152
sensitivity,sens_stall20000,LK_800_08,2,2.590,4153
sensitivity,sens_stall20000,LK_800_08,2,3.280,4154
sensitivity,sens_stall20000,LK_800_08,2,3.630,4155
sensitivity,sens_stall20000,LK_800_08,2,3.980,4156
sensitivity,sens_stall20000,LK_800_08,2,4.670,4157
sensitivity,sens_stall20000,LK_800_08,2,5.020,4158
sensitivity,sens_stall20000,LK_800_08,3,0.420,3939
sensitivity,sens_stall20000,LK_800_08,3,0.830,4104
sensitivity,sens_stall20000,LK_800_08,3,1.240,4132
sensitivity,sens_stall20000,LK_800_08,3,1.570,4144
sensitivity,sens_stall20000,LK_800_08,3,1.910,4148
sensitivity,sens_stall20000,LK_800_08,3,2.250,4151
sensitivity,sens_stall20000,LK_800_08,3,2.590,4152
sensitivity,sens_stall20000,LK_800_08,3,2.940,4154
sensitivity,sens_stall20000,LK_800_08,3,3.280,4156
sensitivity,sens_stall20000,LK_800_08,3,3.970,4157
sensitivity,sens_stall20000,LK_800_08,3,4.660,4158
sensitivity,sens_stall20000,LK_1000_03,1,0.620,5043
sensitivity,sens_stall20000,LK_1000_03,1,1.060,5370
sensitivity,sens_stall20000,LK_1000_03,1,1.500,5384
sensitivity,sens_stall20000,LK_1000_03,1,1.860,5391
sensitivity,sens_stall20000,LK_1000_03,1,2.220,5394
sensitivity,sens_stall20000,LK_1000_03,1,2.580,5395
sensitivity,sens_stall20000,LK_1000_03,2,0.580,5026
sensitivity,sens_stall20000,LK_1000_03,2,1.020,5298
sensitivity,sens_stall20000,LK_1000_03,2,1.460,5348
sensitivity,sens_stall20000,LK_1000_03,2,1.830,5375
sensitivity,sens_stall20000,LK_1000_03,2,2.200,5389
sensitivity,sens_stall20000,LK_1000_03,2,2.560,5393
sensitivity,sens_stall20000,LK_1000_03,2,2.920,5395
sensitivity,sens_stall20000,LK_1000_03,3,0.500,5046
sensitivity,sens_stall20000,LK_1000_03,3,0.940,5307
sensitivity,sens_stall20000,LK_1000_03,3,1.380,5341
sensitivity,sens_stall20000,LK_1000_03,3,1.750,5362
sensitivity,sens_stall20000,LK_1000_03,3,2.120,5382
sensitivity,sens_stall20000,LK_1000_03,3,2.480,5387
sensitivity,sens_stall20000,LK_1000_03,3,2.840,5392
sensitivity,sens_stall20000,LK_1000_03,3,3.200,5394
sensitivity,sens_stall20000,LK_1000_03,3,3.560,5395
sensitivity,sens_stall20000,LK_1000_08,1,0.680,5136
sensitivity,sens_stall20000,LK_1000_08,1,1.120,5315
sensitivity,sens_stall20000,LK_1000_08,1,1.570,5348
sensitivity,sens_stall20000,LK_1000_08,1,1.920,5351
sensitivity,sens_stall20000,LK_1000_08,1,2.290,5360
sensitivity,sens_stall20000,LK_1000_08,1,2.650,5375
sensitivity,sens_stall20000,LK_1000_08,1,3.020,5392
sensitivity,sens_stall20000,LK_1000_08,1,3.740,5394
sensitivity,sens_stall20000,LK_1000_08,2,0.500,5140
sensitivity,sens_stall20000,LK_1000_08,2,0.940,5308
sensitivity,sens_stall20000,LK_1000_08,2,1.380,5345
sensitivity,sens_stall20000,LK_1000_08,2,1.730,5376
sensitivity,sens_stall20000,LK_1000_08,2,2.100,5380
sensitivity,sens_stall20000,LK_1000_08,2,2.460,5381
sensitivity,sens_stall20000,LK_1000_08,2,3.190,5391
sensitivity,sens_stall20000,LK_1000_08,2,3.550,5394
sensitivity,sens_stall20000,LK_1000_08,3,0.490,5139
sensitivity,sens_stall20000,LK_1000_08,3,0.930,5315
sensitivity,sens_stall20000,LK_1000_08,3,1.370,5338
sensitivity,sens_stall20000,LK_1000_08,3,1.720,5366
sensitivity,sens_stall20000,LK_1000_08,3,2.090,5375
sensitivity,sens_stall20000,LK_1000_08,3,2.460,5376
sensitivity,sens_stall20000,LK_1000_08,3,2.820,5381
sensitivity,sens_stall20000,LK_1000_08,3,3.190,5389
sensitivity,sens_stall20000,LK_1000_08,3,3.550,5394
sensitivity,sens_stall20000,MF_800_03,1,0.420,3441
sensitivity,sens_stall20000,MF_800_03,1,0.900,3666
sensitivity,sens_stall20000,MF_800_03,1,1.420,3672
sensitivity,sens_stall20000,MF_800_03,2,0.370,3441
sensitivity,sens_stall20000,MF_800_03,2,0.850,3662
sensitivity,sens_stall20000,MF_800_03,2,1.360,3672
sensitivity,sens_stall20000,MF_800_03,3,0.480,3446
sensitivity,sens_stall20000,MF_800_03,3,0.970,3667
sensitivity,sens_stall20000,MF_800_03,3,1.500,3672
sensitivity,sens_stall20000,MF_800_08,1,0.410,3360
sensitivity,sens_stall20000,MF_800_08,1,0.860,3576
sensitivity,sens_stall20000,MF_800_08,1,1.350,3593
sensitivity,sens_stall20000,MF_800_08,1,1.770,3612
sensitivity,sens_stall20000,MF_800_08,2,0.380,3360
sensitivity,sens_stall20000,MF_800_08,2,0.830,3572
sensitivity,sens_stall20000,MF_800_08,2,1.330,3600
sensitivity,sens_stall20000,MF_800_08,2,1.740,3612
sensitivity,sens_stall20000,MF_800_08,3,0.380,3356
sensitivity,sens_stall20000,MF_800_08,3,0.830,3582
sensitivity,sens_stall20000,MF_800_08,3,1.330,3609
sensitivity,sens_stall20000,MF_800_08,3,1.740,3612
sensitivity,sens_stall20000,MF_1000_03,1,0.420,4414
sensitivity,sens_stall20000,MF_1000_03,1,0.920,4631
sensitivity,sens_stall20000,MF_1000_03,1,1.480,4635
sensitivity,sens_stall20000,MF_1000_03,1,2.450,4638
sensitivity,sens_stall20000,MF_1000_03,1,3.470,4642
sensitivity,sens_stall20000,MF_1000_03,1,3.990,4643
sensitivity,sens_stall20000,MF_1000_03,2,0.430,4425
sensitivity,sens_stall20000,MF_1000_03,2,0.920,4635
sensitivity,sens_stall20000,MF_1000_03,2,1.940,4642
sensitivity,sens_stall20000,MF_1000_03,2,2.970,4643
sensitivity,sens_stall20000,MF_1000_03,3,0.460,4418
sensitivity,sens_stall20000,MF_1000_03,3,0.960,4628
sensitivity,sens_stall20000,MF_1000_03,3,1.500,4638
sensitivity,sens_stall20000,MF_1000_03,3,3.520,4640
sensitivity,sens_stall20000,MF_1000_03,3,4.040,4642
sensitivity,sens_stall20000,MF_1000_03,3,4.550,4643
sensitivity,sens_stall20000,MF_1000_08,1,0.450,4267
sensitivity,sens_stall20000,MF_1000_08,1,0.950,4540
sensitivity,sens_stall20000,MF_1000_08,1,1.510,4568
sensitivity,sens_stall20000,MF_1000_08,1,2.020,4572
sensitivity,sens_stall20000,MF_1000_08,2,0.420,4287
sensitivity,sens_stall20000,MF_1000_08,2,0.930,4545
sensitivity,sens_stall20000,MF_1000_08,2,1.470,4569
sensitivity,sens_stall20000,MF_1000_08,2,1.930,4572
sensitivity,sens_stall20000,MF_1000_08,3,0.520,4256
sensitivity,sens_stall20000,MF_1000_08,3,1.020,4540
sensitivity,sens_stall20000,MF_1000_08,3,1.600,4560
sensitivity,sens_stall20000,MF_1000_08,3,2.110,4566
sensitivity,sens_stall20000,MF_1000_08,3,2.630,4572
sensitivity,sens_rho025,O_800_03,1,0.420,3911
sensitivity,sens_rho025,O_800_03,1,0.840,4095
sensitivity,sens_rho025,O_800_03,1,1.320,4102
sensitivity,sens_rho025,O_800_03,1,2.140,4106
sensitivity,sens_rho025,O_800_03,1,3.410,4107
sensitivity,sens_rho025,O_800_03,2,0.410,3913
sensitivity,sens_rho025,O_800_03,2,0.820,4094
sensitivity,sens_rho025,O_800_03,2,1.320,4101
sensitivity,sens_rho025,O_800_03,2,1.690,4106
sensitivity,sens_rho025,O_800_03,2,2.120,4107
sensitivity,sens_rho025,O_800_03,3,0.410,3887
sensitivity,sens_rho025,O_800_03,3,0.840,4097
sensitivity,sens_rho025,O_800_03,3,1.300,4102
sensitivity,sens_rho025,O_800_03,3,1.660,4104
sensitivity,sens_rho025,O_800_03,3,2.080,4106
sensitivity,sens_rho025,O_800_03,3,3.360,4107
sensitivity,sens_rho025,O_800_08,1,0.460,3864
sensitivity,sens_rho025,O_800_08,1,0.860,4055
sensitivity,sens_rho025,O_800_08,1,1.360,4063
sensitivity,sens_rho025,O_800_08,2,0.420,3866
sensitivity,sens_rho025,O_800_08,2,0.830,4054
sensitivity,sens_rho025,O_800_08,2,1.290,4061
sensitivity,sens_rho025,O_800_08,2,1.650,4063
sensitivity,sens_rho025,O_800_08,3,0.410,3875
sensitivity,sens_rho025,O_800_08,3,0.820,4051
sensitivity,sens_rho025,O_800_08,3,1.270,4060
sensitivity,sens_rho025,O_800_08,3,1.630,4063
sensitivity,sens_rho025,O_1000_03,1,0.510,4849
sensitivity,sens_rho025,O_1000_03,1,0.950,5146
sensitivity,sens_rho025,O_1000_03,1,1.480,5167
sensitivity,sens_rho025,O_1000_03,1,1.930,5172
sensitivity,sens_rho025,O_1000_03,1,2.390,5177
sensitivity,sens_rho025,O_1000_03,1,3.770,5178
sensitivity,sens_rho025,O_1000_03,2,0.470,4839
sensitivity,sens_rho025,O_1000_03,2,0.910,5154
sensitivity,sens_rho025,O_1000_03,2,1.390,5168
sensitivity,sens_rho025,O_1000_03,2,1.790,5175
sensitivity,sens_rho025,O_1000_03,2,2.250,5176
sensitivity,sens_rho025,O_1000_03,2,3.160,5177
sensitivity,sens_rho025,O_1000_03,2,4.520,5178
sensitivity,sens_rho025,O_1000_03,3,0.480,4841
sensitivity,sens_rho025,O_1000_03,3,0.920,5136
sensitivity,sens_rho025,O_1000_03,3,1.430,5167
sensitivity,sens_rho025,O_1000_03,3,1.830,5172
sensitivity,sens_rho025,O_1000_03,3,2.310,5175
sensitivity,sens_rho025,O_1000_03,3,2.760,5177
sensitivity,sens_rho025,O_1000_03,3,5.060,5178
sensitivity,sens_rho025,O_1000_08,1,0.530,4964
sensitivity,sens_rho025,O_1000_08,1,0.970,5165
sensitivity,sens_rho025,O_1000_08,1,1.460,5184
sensitivity,sens_rho025,O_1000_08,1,1.870,5191
sensitivity,sens_rho025,O_1000_08,2,0.500,4941
sensitivity,sens_rho025,O_1000_08,2,0.940,5162
sensitivity,sens_rho025,O_1000_08,2,1.430,5183
sensitivity,sens_rho025,O_1000_08,2,1.850,5189
sensitivity,sens_rho025,O_1000_08,2,2.320,5191
sensitivity,sens_rho025,O_1000_08,3,0.530,4950
sensitivity,sens_rho025,O_1000_08,3,0.970,5180
sensitivity,sens_rho025,O_1000_08,3,1.490,5187
sensitivity,sens_rho025,O_1000_08,3,1.890,5191
sensitivity,sens_rho025,LK_800_03,1,0.440,3989
sensitivity,sens_rho025,LK_800_03,1,0.860,4197
sensitivity,sens_rho025,LK_800_03,1,1.280,4224
sensitivity,sens_rho025,LK_800_03,1,1.620,4244
sensitivity,sens_rho025,LK_800_03,1,1.970,4253
sensitivity,sens_rho025,LK_800_03,1,2.310,4257
sensitivity,sens_rho025,LK_800_03,2,0.420,3975
sensitivity,sens_rho025,LK_800_03,2,0.830,4183
sensitivity,sens_rho025,LK_800_03,2,1.250,4237
sensitivity,sens_rho025,LK_800_03,2,1.580,4254
sensitivity,sens_rho025,LK_800_03,2,1.920,4257
sensitivity,sens_rho025,LK_800_03,3,0.430,3985
sensitivity,sens_rho025,LK_800_03,3,0.840,4186
sensitivity,sens_rho025,LK_800_03,3,1.270,4224
sensitivity,sens_rho025,LK_800_03,3,1.610,4251
sensitivity,sens_rho025,LK_800_03,3,1.950,4254
sensitivity,sens_rho025,LK_800_03,3,2.300,4257
sensitivity,sens_rho025,LK_800_08,1,0.420,3926
sensitivity,sens_rho025,LK_800_08,1,0.830,4132
sensitivity,sens_rho025,LK_800_08,1,1.250,4145
sensitivity,sens_rho025,LK_800_08,1,1.920,4150
sensitivity,sens_rho025,LK_800_08,1,3.980,4151
sensitivity,sens_rho025,LK_800_08,1,4.680,4153
sensitivity,sens_rho025,LK_800_08,1,6.420,4154
sensitivity,sens_rho025,LK_800_08,1,34.490,4156
sensitivity,sens_rho025,LK_800_08,1,35.180,4158
sensitivity,sens_rho025,LK_800_08,2,0.500,3958
sensitivity,sens_rho025,LK_800_08,2,0.910,4140
sensitivity,sens_rho025,LK_800_08,2,1.330,4145
sensitivity,sens_rho025,LK_800_08,2,2.340,4147
sensitivity,sens_rho025,LK_800_08,2,2.680,4150
sensitivity,sens_rho025,LK_800_08,2,3.370,4151
sensitivity,sens_rho025,LK_800_08,2,5.100,4154
sensitivity,sens_rho025,LK_800_08,2,9.950,4157
sensitivity,sens_rho025,LK_800_08,2,12.380,4158
sensitivity,sens_rho025,LK_800_08,3,0.450,3939
sensitivity,sens_rho025,LK_800_08,3,0.860,4104
sensitivity,sens_rho025,LK_800_08,3,1.280,4128
sensitivity,sens_rho025,LK_800_08,3,1.610,4134
sensitivity,sens_rho025,LK_800_08,3,1.950,4138
sensitivity,sens_rho025,LK_800_08,3,2.290,4143
sensitivity,sens_rho025,LK_800_08,3,2.640,4146
sensitivity,sens_rho025,LK_800_08,3,2.980,4150
sensitivity,sens_rho025,LK_800_08,3,3.330,4152
sensitivity,sens_rho025,LK_800_08,3,4.020,4154
sensitivity,sens_rho025,LK_800_08,3,4.370,4158
sensitivity,sens_rho025,LK_1000_03,1,0.510,5043
sensitivity,sens_rho025,LK_1000_03,1,0.950,5370
sensitivity,sens_rho025,LK_1000_03,1,1.410,5378
sensitivity,sens_rho025,LK_1000_03,1,1.760,5392
sensitivity,sens_rho025,LK_1000_03,1,2.850,5394
sensitivity,sens_rho025,LK_1000_03,1,3.210,5395
sensitivity,sens_rho025,LK_1000_03,2,0.480,5026
sensitivity,sens_rho025,LK_1000_03,2,0.920,5298
sensitivity,sens_rho025,LK_1000_03,2,1.360,5348
sensitivity,sens_rho025,LK_1000_03,2,1.720,5376
sensitivity,sens_rho025,LK_1000_03,2,2.090,5389
sensitivity,sens_rho025,LK_1000_03,2,2.450,5392
sensitivity,sens_rho025,LK_1000_03,2,2.820,5395
sensitivity,sens_rho025,LK_1000_03,3,0.520,5046
sensitivity,sens_rho025,LK_1000_03,3,0.950,5307
sensitivity,sens_rho025,LK_1000_03,3,1.400,5354
sensitivity,sens_rho025,LK_1000_03,3,1.750,5380
sensitivity,sens_rho025,LK_1000_03,3,2.490,5386
sensitivity,sens_rho025,LK_1000_03,3,2.850,5392
sensitivity,sens_rho025,LK_1000_03,3,3.210,5394
sensitivity,sens_rho025,LK_1000_03,3,3.930,5395
sensitivity,sens_rho025,LK_1000_08,1,0.530,5136
sensitivity,sens_rho025,LK_1000_08,1,0.970,5315
sensitivity,sens_rho025,LK_1000_08,1,1.420,5344
sensitivity,sens_rho025,LK_1000_08,1,1.770,5348
sensitivity,sens_rho025,LK_1000_08,1,2.140,5372
sensitivity,sens_rho025,LK_1000_08,1,2.510,5373
sensitivity,sens_rho025,LK_1000_08,1,2.880,5376
sensitivity,sens_rho025,LK_1000_08,1,3.610,5379
sensitivity,sens_rho025,LK_1000_08,1,3.970,5380
sensitivity,sens_rho025,LK_1000_08,1,4.330,5383
sensitivity,sens_rho025,LK_1000_08,1,4.700,5391
sensitivity,sens_rho025,LK_1000_08,1,5.060,5394
sensitivity,sens_rho025,LK_1000_08,2,0.500,5140
sensitivity,sens_rho025,LK_1000_08,2,0.940,5308
sensitivity,sens_rho025,LK_1000_08,2,1.390,5345
sensitivity,sens_rho025,LK_1000_08,2,1.740,5358
sensitivity,sens_rho025,LK_1000_08,2,2.110,5361
sensitivity,sens_rho025,LK_1000_08,2,2.480,5380
sensitivity,sens_rho025,LK_1000_08,2,2.840,5394
sensitivity,sens_rho025,LK_1000_08,3,0.520,5139
sensitivity,sens_rho025,LK_1000_08,3,0.960,5315
sensitivity,sens_rho025,LK_1000_08,3,1.410,5350
sensitivity,sens_rho025,LK_1000_08,3,1.770,5369
sensitivity,sens_rho025,LK_1000_08,3,2.140,5372
sensitivity,sens_rho025,LK_1000_08,3,2.500,5389
sensitivity,sens_rho025,LK_1000_08,3,2.870,5394
sensitivity,sens_rho025,MF_800_03,1,0.400,3441
sensitivity,sens_rho025,MF_800_03,1,0.880,3666
sensitivity,sens_rho025,MF_800_03,1,1.420,3672
sensitivity,sens_rho025,MF_800_03,2,0.380,3441
sensitivity,sens_rho025,MF_800_03,2,0.860,3662
sensitivity,sens_rho025,MF_800_03,2,1.380,3672
sensitivity,sens_rho025,MF_800_03,3,0.390,3446
sensitivity,sens_rho025,MF_800_03,3,0.870,3667
sensitivity,sens_rho025,MF_800_03,3,1.400,3672
sensitivity,sens_rho025,MF_800_08,1,0.400,3360
sensitivity,sens_rho025,MF_800_08,1,0.850,3576
sensitivity,sens_rho025,MF_800_08,1,1.360,3596
sensitivity,sens_rho025,MF_800_08,1,1.790,3611
sensitivity,sens_rho025,MF_800_08,1,2.700,3612
sensitivity,sens_rho025,MF_800_08,2,0.390,3360
sensitivity,sens_rho025,MF_800_08,2,0.840,3572
sensitivity,sens_rho025,MF_800_08,2,1.340,3610
sensitivity,sens_rho025,MF_800_08,2,1.770,3611
sensitivity,sens_rho025,MF_800_08,2,2.700,3612
sensitivity,sens_rho025,MF_800_08,3,0.440,3356
sensitivity,sens_rho025,MF_800_08,3,0.900,3582
sensitivity,sens_rho025,MF_800_08,3,1.400,3605
sensitivity,sens_rho025,MF_800_08,3,1.810,3612
sensitivity,sens_rho025,MF_1000_03,1,0.430,4414
sensitivity,sens_rho025,MF_1000_03,1,0.930,4631
sensitivity,sens_rho025,MF_1000_03,1,1.500,4635
sensitivity,sens_rho025,MF_1000_03,1,2.520,4637
sensitivity,sens_rho025,MF_1000_03,1,3.030,4638
sensitivity,sens_rho025,MF_1000_03,1,3.530,4642
sensitivity,sens_rho025,MF_1000_03,1,4.560,4643
sensitivity,sens_rho025,MF_1000_03,2,0.430,4425
sensitivity,sens_rho025,MF_1000_03,2,0.930,4635
sensitivity,sens_rho025,MF_1000_03,2,1.480,4636
sensitivity,sens_rho025,MF_1000_03,2,1.930,4642
sensitivity,sens_rho025,MF_1000_03,2,2.960,4643
sensitivity,sens_rho025,MF_1000_03,3,0.460,4418
sensitivity,sens_rho025,MF_1000_03,3,0.960,4628
sensitivity,sens_rho025,MF_1000_03,3,1.530,4637
sensitivity,sens_rho025,MF_1000_03,3,2.010,4638
sensitivity,sens_rho025,MF_1000_03,3,4.580,4642
sensitivity,sens_rho025,MF_1000_03,3,7.160,4643
sensitivity,sens_rho025,MF_1000_08,1,0.450,4267
sensitivity,sens_rho025,MF_1000_08,1,0.950,4540
sensitivity,sens_rho025,MF_1000_08,1,1.510,4568
sensitivity,sens_rho025,MF_1000_08,1,1.970,4571
sensitivity,sens_rho025,MF_1000_08,1,2.480,4572
sensitivity,sens_rho025,MF_1000_08,2,0.530,4287
sensitivity,sens_rho025,MF_1000_08,2,1.030,4545
sensitivity,sens_rho025,MF_1000_08,2,1.600,4569
sensitivity,sens_rho025,MF_1000_08,2,2.130,4572
sensitivity,sens_rho025,MF_1000_08,3,0.430,4256
sensitivity,sens_rho025,MF_1000_08,3,0.930,4540
sensitivity,sens_rho025,MF_1000_08,3,1.480,4572
sensitivity,sens_rho075,O_800_03,1,0.490,3911
sensitivity,sens_rho075,O_800_03,1,0.900,4095
sensitivity,sens_rho075,O_800_03,1,1.380,4104
sensitivity,sens_rho075,O_800_03,1,1.740,4106
sensitivity,sens_rho075,O_800_03,1,3.450,4107
sensitivity,sens_rho075,O_800_03,2,0.520,3913
sensitivity,sens_rho075,O_800_03,2,0.930,4094
sensitivity,sens_rho075,O_800_03,2,1.410,4105
sensitivity,sens_rho075,O_800_03,2,1.810,4106
sensitivity,sens_rho075,O_800_03,2,2.660,4107
sensitivity,sens_rho075,O_800_03,3,0.440,3887
sensitivity,sens_rho075,O_800_03,3,0.850,4097
sensitivity,sens_rho075,O_800_03,3,1.310,4104
sensitivity,sens_rho075,O_800_03,3,1.670,4106
sensitivity,sens_rho075,O_800_03,3,2.100,4107
sensitivity,sens_rho075,O_800_08,1,0.430,3864
sensitivity,sens_rho075,O_800_08,1,0.830,4055
sensitivity,sens_rho075,O_800_08,1,1.280,4063
sensitivity,sens_rho075,O_800_08,2,0.420,3866
sensitivity,sens_rho075,O_800_08,2,0.820,4054
sensitivity,sens_rho075,O_800_08,2,1.270,4063
sensitivity,sens_rho075,O_800_08,3,0.420,3875
sensitivity,sens_rho075,O_800_08,3,0.830,4051
sensitivity,sens_rho075,O_800_08,3,1.280,4063
sensitivity,sens_rho075,O_1000_03,1,0.480,4849
sensitivity,sens_rho075,O_1000_03,1,0.910,5146
sensitivity,sens_rho075,O_1000_03,1,1.400,5171
sensitivity,sens_rho075,O_1000_03,1,1.810,5177
sensitivity,sens_rho075,O_1000_03,1,3.670,5178
sensitivity,sens_rho075,O_1000_03,2,0.530,4839
sensitivity,sens_rho075,O_1000_03,2,0.970,5154
sensitivity,sens_rho075,O_1000_03,2,1.470,5171
sensitivity,sens_rho075,O_1000_03,2,1.900,5175
sensitivity,sens_rho075,O_1000_03,2,2.370,5178
sensitivity,sens_rho075,O_1000_03,3,0.500,4841
sensitivity,sens_rho075,O_1000_03,3,0.940,5136
sensitivity,sens_rho075,O_1000_03,3,1.470,5168
sensitivity,sens_rho075,O_1000_03,3,1.880,5176
sensitivity,sens_rho075,O_1000_03,3,2.350,5178
sensitivity,sens_rho075,O_1000_08,1,0.470,4964
sensitivity,sens_rho075,O_1000_08,1,0.910,5165
sensitivity,sens_rho075,O_1000_08,1,1.430,5187
sensitivity,sens_rho075,O_1000_08,1,1.850,5191
sensitivity,sens_rho075,O_1000_08,2,0.460,4941
sensitivity,sens_rho075,O_1000_08,2,0.900,5162
sensitivity,sens_rho075,O_1000_08,2,1.380,5185
sensitivity,sens_rho075,O_1000_08,2,1.780,5191
sensitivity,sens_rho075,O_1000_08,3,0.520,4950
sensitivity,sens_rho075,O_1000_08,3,0.960,5180
sensitivity,sens_rho075,O_1000_08,3,1.460,5188
sensitivity,sens_rho075,O_1000_08,3,1.870,5190
sensitivity,sens_rho075,O_1000_08,3,2.340,5191
sensitivity,sens_rho075,LK_800_03,1,0.480,3989
sensitivity,sens_rho075,LK_800_03,1,0.900,4197
sensitivity,sens_rho075,LK_800_03,1,1.310,4241
sensitivity,sens_rho075,LK_800_03,1,1.650,4249
sensitivity,sens_rho075,LK_800_03,1,1.990,4257
sensitivity,sens_rho075,LK_800_03,2,0.430,3975
sensitivity,sens_rho075,LK_800_03,2,0.850,4183
sensitivity,sens_rho075,LK_800_03,2,1.260,4230
sensitivity,sens_rho075,LK_800_03,2,1.590,4257
sensitivity,sens_rho075,LK_800_03,3,0.570,3985
sensitivity,sens_rho075,LK_800_03,3,0.990,4186
sensitivity,sens_rho075,LK_800_03,3,1.400,4250
sensitivity,sens_rho075,LK_800_03,3,1.740,4253
sensitivity,sens_rho075,LK_800_03,3,2.080,4257
sensitivity,sens_rho075,LK_800_08,1,0.420,3926
sensitivity,sens_rho075,LK_800_08,1,0.840,4132
sensitivity,sens_rho075,LK_800_08,1,1.240,4146
sensitivity,sens_rho075,LK_800_08,1,1.580,4147
sensitivity,sens_rho075,LK_800_08,1,1.930,4150
sensitivity,sens_rho075,LK_800_08,1,2.620,4151
sensitivity,sens_rho075,LK_800_08,1,3.660,4152
sensitivity,sens_rho075,LK_800_08,1,4.350,4153
sensitivity,sens_rho075,LK_800_08,1,27.420,4154
sensitivity,sens_rho075,LK_800_08,1,28.110,4155
sensitivity,sens_rho075,LK_800_08,1,28.460,4157
sensitivity,sens_rho075,LK_800_08,1,29.490,4158
sensitivity,sens_rho075,LK_800_08,2,0.410,3958
sensitivity,sens_rho075,LK_800_08,2,0.820,4140
sensitivity,sens_rho075,LK_800_08,2,1.230,4146
sensitivity,sens_rho075,LK_800_08,2,1.900,4151
sensitivity,sens_rho075,LK_800_08,2,2.930,4154
sensitivity,sens_rho075,LK_800_08,2,3.620,4155
sensitivity,sens_rho075,LK_800_08,2,4.660,4156
sensitivity,sens_rho075,LK_800_08,3,0.560,3939
sensitivity,sens_rho075,LK_800_08,3,0.970,4104
sensitivity,sens_rho075,LK_800_08,3,1.380,4132
sensitivity,sens_rho075,LK_800_08,3,1.730,4144
sensitivity,sens_rho075,LK_800_08,3,2.070,4147
sensitivity,sens_rho075,LK_800_08,3,2.760,4151
sensitivity,sens_rho075,LK_800_08,3,3.460,4152
sensitivity,sens_rho075,LK_800_08,3,3.800,4154
sensitivity,sens_rho075,LK_800_08,3,16.860,4157
sensitivity,sens_rho075,LK_800_08,3,17.540,4158
sensitivity,sens_rho075,LK_1000_03,1,0.520,5043
sensitivity,sens_rho075,LK_1000_03,1,0.960,5370
sensitivity,sens_rho075,LK_1000_03,1,1.390,5381
sensitivity,sens_rho075,LK_1000_03,1,1.750,5390
sensitivity,sens_rho075,LK_1000_03,1,2.110,5393
sensitivity,sens_rho075,LK_1000_03,1,2.470,5395
sensitivity,sens_rho075,LK_1000_03,2,0.600,5026
sensitivity,sens_rho075,LK_1000_03,2,1.040,5298
sensitivity,sens_rho075,LK_1000_03,2,1.480,5375
sensitivity,sens_rho075,LK_1000_03,2,1.840,5378
sensitivity,sens_rho075,LK_1000_03,2,2.200,5382
sensitivity,sens_rho075,LK_1000_03,2,2.570,5395
sensitivity,sens_rho075,LK_1000_03,3,0.550,5046
sensitivity,sens_rho075,LK_1000_03,3,0.980,5307
sensitivity,sens_rho075,LK_1000_03,3,1.420,5368
sensitivity,sens_rho075,LK_1000_03,3,1.780,5382
sensitivity,sens_rho075,LK_1000_03,3,2.150,5391
sensitivity,sens_rho075,LK_1000_03,3,2.510,5393
sensitivity,sens_rho075,LK_1000_03,3,2.870,5395
sensitivity,sens_rho075,LK_1000_08,1,0.480,5136
sensitivity,sens_rho075,LK_1000_08,1,0.910,5315
sensitivity,sens_rho075,LK_1000_08,1,1.340,5346
sensitivity,sens_rho075,LK_1000_08,1,1.700,5369
sensitivity,sens_rho075,LK_1000_08,1,2.070,5376
sensitivity,sens_rho075,LK_1000_08,1,2.800,5381
sensitivity,sens_rho075,LK_1000_08,1,3.530,5385
sensitivity,sens_rho075,LK_1000_08,1,3.890,5394
sensitivity,sens_rho075,LK_1000_08,2,0.490,5140
sensitivity,sens_rho075,LK_1000_08,2,0.930,5308
sensitivity,sens_rho075,LK_1000_08,2,1.360,5346
sensitivity,sens_rho075,LK_1000_08,2,1.720,5374
sensitivity,sens_rho075,LK_1000_08,2,2.080,5380
sensitivity,sens_rho075,LK_1000_08,2,2.450,5381
sensitivity,sens_rho075,LK_1000_08,2,2.820,5388
sensitivity,sens_rho075,LK_1000_08,2,3.180,5394
sensitivity,sens_rho075,LK_1000_08,3,0.490,5139
sensitivity,sens_rho075,LK_1000_08,3,0.930,5315
sensitivity,sens_rho075,LK_1000_08,3,1.370,5338
sensitivity,sens_rho075,LK_1000_08,3,1.730,5360
sensitivity,sens_rho075,LK_1000_08,3,2.100,5370
sensitivity,sens_rho075,LK_1000_08,3,2.470,5387
sensitivity,sens_rho075,LK_1000_08,3,2.830,5394
sensitivity,sens_rho075,MF_800_03,1,0.380,3441
sensitivity,sens_rho075,MF_800_03,1,0.870,3666
sensitivity,sens_rho075,MF_800_03,1,1.370,3672
sensitivity,sens_rho075,MF_800_03,2,0.430,3441
sensitivity,sens_rho075,MF_800_03,2,0.920,3662
sensitivity,sens_rho075,MF_800_03,2,1.440,3672
sensitivity,sens_rho075,MF_800_03,3,0.370,3446
sensitivity,sens_rho075,MF_800_03,3,0.860,3667
sensitivity,sens_rho075,MF_800_03,3,1.410,3672
sensitivity,sens_rho075,MF_800_08,1,0.380,3360
sensitivity,sens_rho075,MF_800_08,1,0.830,3576
sensitivity,sens_rho075,MF_800_08,1,1.320,3588
sensitivity,sens_rho075,MF_800_08,1,1.730,3611
sensitivity,sens_rho075,MF_800_08,1,2.190,3612
sensitivity,sens_rho075,MF_800_08,2,0.380,3360
sensitivity,sens_rho075,MF_800_08,2,0.840,3572
sensitivity,sens_rho075,MF_800_08,2,1.340,3607
sensitivity,sens_rho075,MF_800_08,2,1.750,3612
sensitivity,sens_rho075,MF_800_08,3,0.420,3356
sensitivity,sens_rho075,MF_800_08,3,0.870,3582
sensitivity,sens_rho075,MF_800_08,3,1.400,3611
sensitivity,sens_rho075,MF_800_08,3,1.840,3612
sensitivity,sens_rho075,MF_1000_03,1,0.480,4414
sensitivity,sens_rho075,MF_1000_03,1,0.980,4631
sensitivity,sens_rho075,MF_1000_03,1,1.560,4638
sensitivity,sens_rho075,MF_1000_03,1,3.630,4643
sensitivity,sens_rho075,MF_1000_03,2,0.470,4425
sensitivity,sens_rho075,MF_1000_03,2,0.970,4635
sensitivity,sens_rho075,MF_1000_03,2,1.520,4638
sensitivity,sens_rho075,MF_1000_03,2,2.010,4642
sensitivity,sens_rho075,MF_1000_03,2,2.520,4643
sensitivity,sens_rho075,MF_1000_03,3,0.480,4418
sensitivity,sens_rho075,MF_1000_03,3,0.980,4628
sensitivity,sens_rho075,MF_1000_03,3,1.530,4638
sensitivity,sens_rho075,MF_1000_03,3,4.080,4641
sensitivity,sens_rho075,MF_1000_03,3,4.600,4643
sensitivity,sens_rho075,MF_1000_08,1,0.480,4267
sensitivity,sens_rho075,MF_1000_08,1,0.980,4540
sensitivity,sens_rho075,MF_1000_08,1,1.530,4568
sensitivity,sens_rho075,MF_1000_08,1,2.010,4572
sensitivity,sens_rho075,MF_1000_08,2,0.460,4287
sensitivity,sens_rho075,MF_1000_08,2,0.960,4545
sensitivity,sens_rho075,MF_1000_08,2,1.510,4569
sensitivity,sens_rho075,MF_1000_08,2,1.990,4572
sensitivity,sens_rho075,MF_1000_08,3,0.510,4256
sensitivity,sens_rho075,MF_1000_08,3,1.010,4540
sensitivity,sens_rho075,MF_1000_08,3,1.570,4569
sensitivity,sens_rho075,MF_1000_08,3,2.070,4572
sensitivity,sens_pert05,O_800_03,1,0.480,3911
sensitivity,sens_pert05,O_800_03,1,0.900,4095
sensitivity,sens_pert05,O_800_03,1,1.370,4104
sensitivity,sens_pert05,O_800_03,1,1.740,4106
sensitivity,sens_pert05,O_800_03,1,3.020,4107
sensitivity,sens_pert05,O_800_03,2,0.420,3913
sensitivity,sens_pert05,O_800_03,2,0.830,4094
sensitivity,sens_pert05,O_800_03,2,1.290,4106
sensitivity,sens_pert05,O_800_03,2,2.080,4107
sensitivity,sens_pert05,O_800_03,3,0.430,3887
sensitivity,sens_pert05,O_800_03,3,0.850,4097
sensitivity,sens_pert05,O_800_03,3,1.310,4103
sensitivity,sens_pert05,O_800_03,3,1.680,4106
sensitivity,sens_pert05,O_800_03,3,2.540,4107
sensitivity,sens_pert05,O_800_08,1,0.420,3864
sensitivity,sens_pert05,O_800_08,1,0.840,4055
sensitivity,sens_pert05,O_800_08,1,1.290,4063
sensitivity,sens_pert05,O_800_08,2,0.430,3866
sensitivity,sens_pert05,O_800_08,2,0.840,4054
sensitivity,sens_pert05,O_800_08,2,1.300,4061
sensitivity,sens_pert05,O_800_08,2,1.680,4063
sensitivity,sens_pert05,O_800_08,3,0.460,3875
sensitivity,sens_pert05,O_800_08,3,0.860,4051
sensitivity,sens_pert05,O_800_08,3,1.310,4063
sensitivity,sens_pert05,O_1000_03,1,0.480,4849
sensitivity,sens_pert05,O_1000_03,1,0.920,5146
sensitivity,sens_pert05,O_1000_03,1,1.410,5172
sensitivity,sens_pert05,O_1000_03,1,1.810,5175
sensitivity,sens_pert05,O_1000_03,1,2.750,5176
sensitivity,sens_pert05,O_1000_03,1,3.230,5177
sensitivity,sens_pert05,O_1000_03,1,4.630,5178
sensitivity,sens_pert05,O_1000_03,2,0.480,4839
sensitivity,sens_pert05,O_1000_03,2,0.930,5154
sensitivity,sens_pert05,O_1000_03,2,1.420,5175
sensitivity,sens_pert05,O_1000_03,2,1.810,5176
sensitivity,sens_pert05,O_1000_03,2,2.280,5177
sensitivity,sens_pert05,O_1000_03,2,3.670,5178
sensitivity,sens_pert05,O_1000_03,3,0.490,4841
sensitivity,sens_pert05,O_1000_03,3,0.930,5136
sensitivity,sens_pert05,O_1000_03,3,1.430,5172
sensitivity,sens_pert05,O_1000_03,3,1.860,5175
sensitivity,sens_pert05,O_1000_03,3,2.330,5176
sensitivity,sens_pert05,O_1000_03,3,2.790,5177
sensitivity,sens_pert05,O_1000_03,3,3.250,5178
sensitivity,sens_pert05,O_1000_08,1,0.640,4964
sensitivity,sens_pert05,O_1000_08,1,1.080,5165
sensitivity,sens_pert05,O_1000_08,1,1.560,5190
sensitivity,sens_pert05,O_1000_08,1,2.480,5191
sensitivity,sens_pert05,O_1000_08,2,0.550,4941
sensitivity,sens_pert05,O_1000_08,2,0.990,5162
sensitivity,sens_pert05,O_1000_08,2,1.480,5186
sensitivity,sens_pert05,O_1000_08,2,1.890,5189
sensitivity,sens_pert05,O_1000_08,2,2.350,5191
sensitivity,sens_pert05,O_1000_08,3,0.490,4950
sensitivity,sens_pert05,O_1000_08,3,0.930,5180
sensitivity,sens_pert05,O_1000_08,3,1.420,5190
sensitivity,sens_pert05,O_1000_08,3,3.210,5191
sensitivity,sens_pert05,LK_800_03,1,0.430,3989
sensitivity,sens_pert05,LK_800_03,1,0.850,4197
sensitivity,sens_pert05,LK_800_03,1,1.260,4225
sensitivity,sens_pert05,LK_800_03,1,1.590,4251
sensitivity,sens_pert05,LK_800_03,1,1.940,4257
sensitivity,sens_pert05,LK_800_03,2,0.480,3975
sensitivity,sens_pert05,LK_800_03,2,0.890,4183
sensitivity,sens_pert05,LK_800_03,2,1.320,4244
sensitivity,sens_pert05,LK_800_03,2,1.650,4257
sensitivity,sens_pert05,LK_800_03,3,0.410,3985
sensitivity,sens_pert05,LK_800_03,3,0.830,4186
sensitivity,sens_pert05,LK_800_03,3,1.240,4254
sensitivity,sens_pert05,LK_800_03,3,1.570,4257
sensitivity,sens_pert05,LK_800_08,1,0.540,3926
sensitivity,sens_pert05,LK_800_08,1,0.960,4132
sensitivity,sens_pert05,LK_800_08,1,1.370,4144
sensitivity,sens_pert05,LK_800_08,1,1.710,4148
sensitivity,sens_pert05,LK_800_08,1,2.390,4149
sensitivity,sens_pert05,LK_800_08,1,2.730,4154
sensitivity,sens_pert05,LK_800_08,1,17.440,4158
sensitivity,sens_pert05,LK_800_08,2,0.440,3958
sensitivity,sens_pert05,LK_800_08,2,0.850,4140
sensitivity,sens_pert05,LK_800_08,2,1.260,4145
sensitivity,sens_pert05,LK_800_08,2,1.940,4148
sensitivity,sens_pert05,LK_800_08,2,2.280,4150
sensitivity,sens_pert05,LK_800_08,2,2.630,4153
sensitivity,sens_pert05,LK_800_08,2,5.050,4158
sensitivity,sens_pert05,LK_800_08,3,0.450,3939
sensitivity,sens_pert05,LK_800_08,3,0.860,4104
sensitivity,sens_pert05,LK_800_08,3,1.270,4132
sensitivity,sens_pert05,LK_800_08,3,1.600,4144
sensitivity,sens_pert05,LK_800_08,3,1.950,4149
sensitivity,sens_pert05,LK_800_08,3,2.290,4151
sensitivity,sens_pert05,LK_800_08,3,2.630,4152
sensitivity,sens_pert05,LK_800_08,3,2.980,4154
sensitivity,sens_pert05,LK_800_08,3,3.330,4157
sensitivity,sens_pert05,LK_800_08,3,4.360,4158
sensitivity,sens_pert05,LK_1000_03,1,0.480,5043
sensitivity,sens_pert05,LK_1000_03,1,0.920,5370
sensitivity,sens_pert05,LK_1000_03,1,1.350,5384
sensitivity,sens_pert05,LK_1000_03,1,1.700,5391
sensitivity,sens_pert05,LK_1000_03,1,2.060,5394
sensitivity,sens_pert05,LK_1000_03,1,2.780,5395
sensitivity,sens_pert05,LK_1000_03,2,0.530,5026
sensitivity,sens_pert05,LK_1000_03,2,0.980,5298
sensitivity,sens_pert05,LK_1000_03,2,1.420,5348
sensitivity,sens_pert05,LK_1000_03,2,1.780,5375
sensitivity,sens_pert05,LK_1000_03,2,2.150,5389
sensitivity,sens_pert05,LK_1000_03,2,2.510,5395
sensitivity,sens_pert05,LK_1000_03,3,0.510,5046
sensitivity,sens_pert05,LK_1000_03,3,0.950,5307
sensitivity,sens_pert05,LK_1000_03,3,1.390,5341
sensitivity,sens_pert05,LK_1000_03,3,1.750,5362
sensitivity,sens_pert05,LK_1000_03,3,2.120,5386
sensitivity,sens_pert05,LK_1000_03,3,2.480,5395
sensitivity,sens_pert05,LK_1000_08,1,0.510,5136
sensitivity,sens_pert05,LK_1000_08,1,0.950,5315
sensitivity,sens_pert05,LK_1000_08,1,1.390,5348
sensitivity,sens_pert05,LK_1000_08,1,1.750,5351
sensitivity,sens_pert05,LK_1000_08,1,2.120,5360
sensitivity,sens_pert05,LK_1000_08,1,2.480,5370
sensitivity,sens_pert05,LK_1000_08,1,2.850,5376
sensitivity,sens_pert05,LK_1000_08,1,4.670,5380
sensitivity,sens_pert05,LK_1000_08,1,5.030,5385
sensitivity,sens_pert05,LK_1000_08,1,5.400,5393
sensitivity,sens_pert05,LK_1000_08,1,5.760,5394
sensitivity,sens_pert05,LK_1000_08,2,0.490,5140
sensitivity,sens_pert05,LK_1000_08,2,0.940,5308
sensitivity,sens_pert05,LK_1000_08,2,1.370,5345
sensitivity,sens_pert05,LK_1000_08,2,1.740,5376
sensitivity,sens_pert05,LK_1000_08,2,2.110,5380
sensitivity,sens_pert05,LK_1000_08,2,2.480,5381
sensitivity,sens_pert05,LK_1000_08,2,2.840,5394
sensitivity,sens_pert05,LK_1000_08,3,0.470,5139
sensitivity,sens_pert05,LK_1000_08,3,0.910,5315
sensitivity,sens_pert05,LK_1000_08,3,1.340,5338
sensitivity,sens_pert05,LK_1000_08,3,1.690,5366
sensitivity,sens_pert05,LK_1000_08,3,2.070,5375
sensitivity,sens_pert05,LK_1000_08,3,2.430,5376
sensitivity,sens_pert05,LK_1000_08,3,2.800,5392
sensitivity,sens_pert05,LK_1000_08,3,3.160,5394
sensitivity,sens_pert05,MF_800_03,1,0.370,3441
sensitivity,sens_pert05,MF_800_03,1,0.850,3666
sensitivity,sens_pert05,MF_800_03,1,1.360,3672
sensitivity,sens_pert05,MF_800_03,2,0.460,3441
sensitivity,sens_pert05,MF_800_03,2,0.950,3662
sensitivity,sens_pert05,MF_800_03,2,1.490,3672
sensitivity,sens_pert05,MF_800_03,3,0.400,3446
sensitivity,sens_pert05,MF_800_03,3,0.880,3667
sensitivity,sens_pert05,MF_800_03,3,1.440,3672
sensitivity,sens_pert05,MF_800_08,1,0.450,3360
sensitivity,sens_pert05,MF_800_08,1,0.910,3576
sensitivity,sens_pert05,MF_800_08,1,1.430,3593
sensitivity,sens_pert05,MF_800_08,1,1.830,3612
sensitivity,sens_pert05,MF_800_08,2,0.390,3360
sensitivity,sens_pert05,MF_800_08,2,0.840,3572
sensitivity,sens_pert05,MF_800_08,2,1.360,3600
sensitivity,sens_pert05,MF_800_08,2,1.770,3612
sensitivity,sens_pert05,MF_800_08,3,0.360,3356
sensitivity,sens_pert05,MF_800_08,3,0.820,3582
sensitivity,sens_pert05,MF_800_08,3,1.330,3609
sensitivity,sens_pert05,MF_800_08,3,1.740,3612
sensitivity,sens_pert05,MF_1000_03,1,0.440,4414
sensitivity,sens_pert05,MF_1000_03,1,0.940,4631
sensitivity,sens_pert05,MF_1000_03,1,1.490,4635
sensitivity,sens_pert05,MF_1000_03,1,2.460,4638
sensitivity,sens_pert05,MF_1000_03,1,7.080,4642
sensitivity,sens_pert05,MF_1000_03,1,7.600,4643
sensitivity,sens_pert05,MF_1000_03,2,0.490,4425
sensitivity,sens_pert05,MF_1000_03,2,0.980,4635
sensitivity,sens_pert05,MF_1000_03,2,2.020,4642
sensitivity,sens_pert05,MF_1000_03,2,3.050,4643
sensitivity,sens_pert05,MF_1000_03,3,0.450,4418
sensitivity,sens_pert05,MF_1000_03,3,0.950,4628
sensitivity,sens_pert05,MF_1000_03,3,1.520,4638
sensitivity,sens_pert05,MF_1000_03,3,4.540,4642
sensitivity,sens_pert05,MF_1000_03,3,5.050,4643
sensitivity,sens_pert05,MF_1000_08,1,0.500,4267
sensitivity,sens_pert05,MF_1000_08,1,1.000,4540
sensitivity,sens_pert05,MF_1000_08,1,1.540,4568
sensitivity,sens_pert05,MF_1000_08,1,2.060,4572
sensitivity,sens_pert05,MF_1000_08,2,0.450,4287
sensitivity,sens_pert05,MF_1000_08,2,0.950,4545
sensitivity,sens_pert05,MF_1000_08,2,1.510,4569
sensitivity,sens_pert05,MF_1000_08,2,1.980,4572
sensitivity,sens_pert05,MF_1000_08,3,0.420,4256
sensitivity,sens_pert05,MF_1000_08,3,0.920,4540
sensitivity,sens_pert05,MF_1000_08,3,1.460,4560
sensitivity,sens_pert05,MF_1000_08,3,1.910,4566
sensitivity,sens_pert05,MF_1000_08,3,2.440,4572
sensitivity,sens_pert2,O_800_03,1,0.410,3911
sensitivity,sens_pert2,O_800_03,1,0.820,4095
sensitivity,sens_pert2,O_800_03,1,1.280,4104
sensitivity,sens_pert2,O_800_03,1,1.650,4106
sensitivity,sens_pert2,O_800_03,1,2.930,4107
sensitivity,sens_pert2,O_800_03,2,0.440,3913
sensitivity,sens_pert2,O_800_03,2,0.880,4094
sensitivity,sens_pert2,O_800_03,2,1.360,4106
sensitivity,sens_pert2,O_800_03,2,2.190,4107
sensitivity,sens_pert2,O_800_03,3,0.420,3887
sensitivity,sens_pert2,O_800_03,3,0.840,4097
sensitivity,sens_pert2,O_800_03,3,1.290,4103
sensitivity,sens_pert2,O_800_03,3,1.660,4106
sensitivity,sens_pert2,O_800_03,3,2.520,4107
sensitivity,sens_pert2,O_800_08,1,0.390,3864
sensitivity,sens_pert2,O_800_08,1,0.800,4055
sensitivity,sens_pert2,O_800_08,1,1.250,4063
sensitivity,sens_pert2,O_800_08,2,0.460,3866
sensitivity,sens_pert2,O_800_08,2,0.870,4054
sensitivity,sens_pert2,O_800_08,2,1.350,4061
sensitivity,sens_pert2,O_800_08,2,1.730,4063
sensitivity,sens_pert2,O_800_08,3,0.400,3875
sensitivity,sens_pert2,O_800_08,3,0.810,4051
sensitivity,sens_pert2,O_800_08,3,1.270,4063
sensitivity,sens_pert2,O_1000_03,1,0.460,4849
sensitivity,sens_pert2,O_1000_03,1,0.900,5146
sensitivity,sens_pert2,O_1000_03,1,1.390,5172
sensitivity,sens_pert2,O_1000_03,1,1.780,5175
sensitivity,sens_pert2,O_1000_03,1,2.730,5177
sensitivity,sens_pert2,O_1000_03,1,4.590,5178
sensitivity,sens_pert2,O_1000_03,2,0.480,4839
sensitivity,sens_pert2,O_1000_03,2,0.940,5154
sensitivity,sens_pert2,O_1000_03,2,1.440,5175
sensitivity,sens_pert2,O_1000_03,2,1.850,5176
sensitivity,sens_pert2,O_1000_03,2,2.330,5177
sensitivity,sens_pert2,O_1000_03,2,2.810,5178
sensitivity,sens_pert2,O_1000_03,3,0.470,4841
sensitivity,sens_pert2,O_1000_03,3,0.910,5136
sensitivity,sens_pert2,O_1000_03,3,1.400,5172
sensitivity,sens_pert2,O_1000_03,3,1.800,5175
sensitivity,sens_pert2,O_1000_03,3,2.280,5176
sensitivity,sens_pert2,O_1000_03,3,2.740,5177
sensitivity,sens_pert2,O_1000_03,3,3.210,5178
sensitivity,sens_pert2,O_1000_08,1,0.460,4964
sensitivity,sens_pert2,O_1000_08,1,0.900,5165
sensitivity,sens_pert2,O_1000_08,1,1.380,5190
sensitivity,sens_pert2,O_1000_08,1,2.230,5191
sensitivity,sens_pert2,O_1000_08,2,0.550,4941
sensitivity,sens_pert2,O_1000_08,2,0.990,5162
sensitivity,sens_pert2,O_1000_08,2,1.490,5186
sensitivity,sens_pert2,O_1000_08,2,1.940,5189
sensitivity,sens_pert2,O_1000_08,2,2.420,5191
sensitivity,sens_pert2,O_1000_08,3,0.590,4950
sensitivity,sens_pert2,O_1000_08,3,1.030,5180
sensitivity,sens_pert2,O_1000_08,3,1.520,5190
sensitivity,sens_pert2,O_1000_08,3,3.370,5191
sensitivity,sens_pert2,LK_800_03,1,0.490,3989
sensitivity,sens_pert2,LK_800_03,1,0.900,4197
sensitivity,sens_pert2,LK_800_03,1,1.310,4225
sensitivity,sens_pert2,LK_800_03,1,1.640,4251
sensitivity,sens_pert2,LK_800_03,1,1.990,4257
sensitivity,sens_pert2,LK_800_03,2,0.440,3975
sensitivity,sens_pert2,LK_800_03,2,0.870,4183
sensitivity,sens_pert2,LK_800_03,2,1.280,4244
sensitivity,sens_pert2,LK_800_03,2,1.620,4257
sensitivity,sens_pert2,LK_800_03,3,0.430,3985
sensitivity,sens_pert2,LK_800_03,3,0.860,4186
sensitivity,sens_pert2,LK_800_03,3,1.280,4254
sensitivity,sens_pert2,LK_800_03,3,1.620,4257
sensitivity,sens_pert2,LK_800_08,1,0.690,3926
sensitivity,sens_pert2,LK_800_08,1,1.200,4132
sensitivity,sens_pert2,LK_800_08,1,1.650,4144
sensitivity,sens_pert2,LK_800_08,1,1.990,4148
sensitivity,sens_pert2,LK_800_08,1,2.670,4150
sensitivity,sens_pert2,LK_800_08,1,3.020,4151
sensitivity,sens_pert2,LK_800_08,1,3.710,4154
sensitivity,sens_pert2,LK_800_08,1,5.080,4156
sensitivity,sens_pert2,LK_800_08,2,0.440,3958
sensitivity,sens_pert2,LK_800_08,2,0.860,4140
sensitivity,sens_pert2,LK_800_08,2,1.270,4145
sensitivity,sens_pert2,LK_800_08,2,1.970,4151
sensitivity,sens_pert2,LK_800_08,2,2.320,4153
sensitivity,sens_pert2,LK_800_08,2,2.680,4156
sensitivity,sens_pert2,LK_800_08,2,4.090,4157
sensitivity,sens_pert2,LK_800_08,2,5.150,4158
sensitivity,sens_pert2,LK_800_08,3,0.440,3939
sensitivity,sens_pert2,LK_800_08,3,0.870,4104
sensitivity,sens_pert2,LK_800_08,3,1.290,4132
sensitivity,sens_pert2,LK_800_08,3,1.640,4144
sensitivity,sens_pert2,LK_800_08,3,1.990,4148
sensitivity,sens_pert2,LK_800_08,3,2.340,4151
sensitivity,sens_pert2,LK_800_08,3,2.700,4153
sensitivity,sens_pert2,LK_800_08,3,3.410,4154
sensitivity,sens_pert2,LK_800_08,3,4.110,4157
sensitivity,sens_pert2,LK_800_08,3,5.530,4158
sensitivity,sens_pert2,LK_1000_03,1,0.530,5043
sensitivity,sens_pert2,LK_1000_03,1,0.990,5370
sensitivity,sens_pert2,LK_1000_03,1,1.430,5384
sensitivity,sens_pert2,LK_1000_03,1,1.800,5391
sensitivity,sens_pert2,LK_1000_03,1,2.210,5395
sensitivity,sens_pert2,LK_1000_03,2,0.490,5026
sensitivity,sens_pert2,LK_1000_03,2,0.940,5298
sensitivity,sens_pert2,LK_1000_03,2,1.390,5348
sensitivity,sens_pert2,LK_1000_03,2,1.750,5375
sensitivity,sens_pert2,LK_1000_03,2,2.130,5389
sensitivity,sens_pert2,LK_1000_03,2,2.500,5395
sensitivity,sens_pert2,LK_1000_03,3,0.500,5046
sensitivity,sens_pert2,LK_1000_03,3,0.950,5307
sensitivity,sens_pert2,LK_1000_03,3,1.400,5341
sensitivity,sens_pert2,LK_1000_03,3,1.770,5362
sensitivity,sens_pert2,LK_1000_03,3,2.140,5382
sensitivity,sens_pert2,LK_1000_03,3,2.520,5383
sensitivity,sens_pert2,LK_1000_03,3,2.890,5395
sensitivity,sens_pert2,LK_1000_08,1,0.480,5136
sensitivity,sens_pert2,LK_1000_08,1,0.920,5315
sensitivity,sens_pert2,LK_1000_08,1,1.350,5348
sensitivity,sens_pert2,LK_1000_08,1,1.710,5351
sensitivity,sens_pert2,LK_1000_08,1,2.080,5360
sensitivity,sens_pert2,LK_1000_08,1,2.450,5369
sensitivity,sens_pert2,LK_1000_08,1,2.810,5376
sensitivity,sens_pert2,LK_1000_08,1,3.180,5377
sensitivity,sens_pert2,LK_1000_08,1,3.550,5388
sensitivity,sens_pert2,LK_1000_08,1,3.910,5391
sensitivity,sens_pert2,LK_1000_08,1,4.280,5394
sensitivity,sens_pert2,LK_1000_08,2,0.550,5140
sensitivity,sens_pert2,LK_1000_08,2,1.000,5308
sensitivity,sens_pert2,LK_1000_08,2,1.450,5345
sensitivity,sens_pert2,LK_1000_08,2,1.810,5376
sensitivity,sens_pert2,LK_1000_08,2,2.190,5380
sensitivity,sens_pert2,LK_1000_08,2,2.570,5381
sensitivity,sens_pert2,LK_1000_08,2,2.940,5384
sensitivity,sens_pert2,LK_1000_08,2,3.310,5394
sensitivity,sens_pert2,LK_1000_08,3,0.490,5139
sensitivity,sens_pert2,LK_1000_08,3,0.920,5315
sensitivity,sens_pert2,LK_1000_08,3,1.350,5338
sensitivity,sens_pert2,LK_1000_08,3,1.720,5366
sensitivity,sens_pert2,LK_1000_08,3,2.090,5376
sensitivity,sens_pert2,LK_1000_08,3,2.830,5390
sensitivity,sens_pert2,LK_1000_08,3,3.560,5394
sensitivity,sens_pert2,MF_800_03,1,0.390,3441
sensitivity,sens_pert2,MF_800_03,1,0.890,3666
sensitivity,sens_pert2,MF_800_03,1,1.410,3672
sensitivity,sens_pert2,MF_800_03,2,0.380,3441
sensitivity,sens_pert2,MF_800_03,2,0.880,3662
sensitivity,sens_pert2,MF_800_03,2,1.390,3672
sensitivity,sens_pert2,MF_800_03,3,0.380,3446
sensitivity,sens_pert2,MF_800_03,3,0.860,3667
sensitivity,sens_pert2,MF_800_03,3,1.370,3672
sensitivity,sens_pert2,MF_800_08,1,0.380,3360
sensitivity,sens_pert2,MF_800_08,1,0.830,3576
sensitivity,sens_pert2,MF_800_08,1,1.340,3593
sensitivity,sens_pert2,MF_800_08,1,1.750,3612
sensitivity,sens_pert2,MF_800_08,2,0.430,3360
sensitivity,sens_pert2,MF_800_08,2,0.890,3572
sensitivity,sens_pert2,MF_800_08,2,1.420,3600
sensitivity,sens_pert2,MF_800_08,2,1.840,3612
sensitivity,sens_pert2,MF_800_08,3,0.370,3356
sensitivity,sens_pert2,MF_800_08,3,0.830,3582
sensitivity,sens_pert2,MF_800_08,3,1.340,3609
sensitivity,sens_pert2,MF_800_08,3,1.780,3612
sensitivity,sens_pert2,MF_1000_03,1,0.450,4414
sensitivity,sens_pert2,MF_1000_03,1,0.960,4631
sensitivity,sens_pert2,MF_1000_03,1,1.520,4635
sensitivity,sens_pert2,MF_1000_03,1,2.570,4638
sensitivity,sens_pert2,MF_1000_03,1,3.100,4642
sensitivity,sens_pert2,MF_1000_03,1,3.620,4643
sensitivity,sens_pert2,MF_1000_03,2,0.440,4425
sensitivity,sens_pert2,MF_1000_03,2,0.950,4635
sensitivity,sens_pert2,MF_1000_03,2,2.000,4642
sensitivity,sens_pert2,MF_1000_03,2,4.140,4643
sensitivity,sens_pert2,MF_1000_03,3,0.430,4418
sensitivity,sens_pert2,MF_1000_03,3,0.930,4628
sensitivity,sens_pert2,MF_1000_03,3,1.460,4638
sensitivity,sens_pert2,MF_1000_03,3,5.000,4639
sensitivity,sens_pert2,MF_1000_03,3,5.520,4640
sensitivity,sens_pert2,MF_1000_03,3,6.040,4642
sensitivity,sens_pert2,MF_1000_03,3,6.560,4643
sensitivity,sens_pert2,MF_1000_08,1,0.440,4267
sensitivity,sens_pert2,MF_1000_08,1,0.950,4540
sensitivity,sens_pert2,MF_1000_08,1,1.500,4568
sensitivity,sens_pert2,MF_1000_08,1,2.030,4572
sensitivity,sens_pert2,MF_1000_08,2,0.450,4287
sensitivity,sens_pert2,MF_1000_08,2,0.950,4545
sensitivity,sens_pert2,MF_1000_08,2,1.490,4569
sensitivity,sens_pert2,MF_1000_08,2,2.000,4572
sensitivity,sens_pert2,MF_1000_08,3,0.420,4256
sensitivity,sens_pert2,MF_1000_08,3,0.930,4540
sensitivity,sens_pert2,MF_1000_08,3,1.540,4560
sensitivity,sens_pert2,MF_1000_08,3,2.050,4566
sensitivity,sens_pert2,MF_1000_08,3,2.570,4572
sensitivity,sens_ten7,O_800_03,1,0.410,3911
sensitivity,sens_ten7,O_800_03,1,0.830,4082
sensitivity,sens_ten7,O_800_03,1,1.320,4101
sensitivity,sens_ten7,O_800_03,1,1.720,4105
sensitivity,sens_ten7,O_800_03,1,2.150,4106
sensitivity,sens_ten7,O_800_03,1,2.570,4107
sensitivity,sens_ten7,O_800_03,2,0.460,3913
sensitivity,sens_ten7,O_800_03,2,0.880,4084
sensitivity,sens_ten7,O_800_03,2,1.350,4101
sensitivity,sens_ten7,O_800_03,2,1.730,4103
sensitivity,sens_ten7,O_800_03,2,2.160,4106
sensitivity,sens_ten7,O_800_03,2,3.010,4107
sensitivity,sens_ten7,O_800_03,3,0.410,3887
sensitivity,sens_ten7,O_800_03,3,0.840,4077
sensitivity,sens_ten7,O_800_03,3,1.300,4101
sensitivity,sens_ten7,O_800_03,3,1.690,4106
sensitivity,sens_ten7,O_800_03,3,3.450,4107
sensitivity,sens_ten7,O_800_08,1,0.400,3864
sensitivity,sens_ten7,O_800_08,1,0.830,4046
sensitivity,sens_ten7,O_800_08,1,1.290,4061
sensitivity,sens_ten7,O_800_08,1,1.670,4063
sensitivity,sens_ten7,O_800_08,2,0.450,3866
sensitivity,sens_ten7,O_800_08,2,0.850,4054
sensitivity,sens_ten7,O_800_08,2,1.330,4063
sensitivity,sens_ten7,O_800_08,3,0.400,3875
sensitivity,sens_ten7,O_800_08,3,0.810,4041
sensitivity,sens_ten7,O_800_08,3,1.260,4061
sensitivity,sens_ten7,O_800_08,3,1.630,4063
sensitivity,sens_ten7,O_1000_03,1,0.570,4849
sensitivity,sens_ten7,O_1000_03,1,1.010,5124
sensitivity,sens_ten7,O_1000_03,1,1.500,5169
sensitivity,sens_ten7,O_1000_03,1,1.980,5172
sensitivity,sens_ten7,O_1000_03,1,2.450,5177
sensitivity,sens_ten7,O_1000_03,1,5.250,5178
sensitivity,sens_ten7,O_1000_03,2,0.580,4839
sensitivity,sens_ten7,O_1000_03,2,1.030,5126
sensitivity,sens_ten7,O_1000_03,2,1.530,5153
sensitivity,sens_ten7,O_1000_03,2,1.960,5169
sensitivity,sens_ten7,O_1000_03,2,2.440,5177
sensitivity,sens_ten7,O_1000_03,2,2.900,5178
sensitivity,sens_ten7,O_1000_03,3,0.480,4841
sensitivity,sens_ten7,O_1000_03,3,0.920,5127
sensitivity,sens_ten7,O_1000_03,3,1.410,5150
sensitivity,sens_ten7,O_1000_03,3,1.840,5171
sensitivity,sens_ten7,O_1000_03,3,2.330,5175
sensitivity,sens_ten7,O_1000_03,3,2.810,5177
sensitivity,sens_ten7,O_1000_03,3,5.240,5178
sensitivity,sens_ten7,O_1000_08,1,0.500,4964
sensitivity,sens_ten7,O_1000_08,1,0.940,5171
sensitivity,sens_ten7,O_1000_08,1,1.410,5187
sensitivity,sens_ten7,O_1000_08,1,1.820,5188
sensitivity,sens_ten7,O_1000_08,1,2.270,5191
sensitivity,sens_ten7,O_1000_08,2,0.480,4941
sensitivity,sens_ten7,O_1000_08,2,0.930,5157
sensitivity,sens_ten7,O_1000_08,2,1.420,5179
sensitivity,sens_ten7,O_1000_08,2,1.820,5190
sensitivity,sens_ten7,O_1000_08,2,2.290,5191
sensitivity,sens_ten7,O_1000_08,3,0.490,4950
sensitivity,sens_ten7,O_1000_08,3,0.940,5169
sensitivity,sens_ten7,O_1000_08,3,1.430,5184
sensitivity,sens_ten7,O_1000_08,3,1.840,5190
sensitivity,sens_ten7,O_1000_08,3,2.790,5191
sensitivity,sens_ten7,LK_800_03,1,0.440,3989
sensitivity,sens_ten7,LK_800_03,1,0.860,4188
sensitivity,sens_ten7,LK_800_03,1,1.270,4243
sensitivity,sens_ten7,LK_800_03,1,1.600,4254
sensitivity,sens_ten7,LK_800_03,1,1.950,4257
sensitivity,sens_ten7,LK_800_03,2,0.430,3975
sensitivity,sens_ten7,LK_800_03,2,0.860,4183
sensitivity,sens_ten7,LK_800_03,2,1.280,4228
sensitivity,sens_ten7,LK_800_03,2,1.620,4251
sensitivity,sens_ten7,LK_800_03,2,1.980,4257
sensitivity,sens_ten7,LK_800_03,3,0.430,3985
sensitivity,sens_ten7,LK_800_03,3,0.860,4177
sensitivity,sens_ten7,LK_800_03,3,1.270,4250
sensitivity,sens_ten7,LK_800_03,3,1.610,4257
sensitivity,sens_ten7,LK_800_08,1,0.470,3926
sensitivity,sens_ten7,LK_800_08,1,0.880,4120
sensitivity,sens_ten7,LK_800_08,1,1.290,4133
sensitivity,sens_ten7,LK_800_08,1,1.630,4138
sensitivity,sens_ten7,LK_800_08,1,1.970,4145
sensitivity,sens_ten7,LK_800_08,1,2.310,4150
sensitivity,sens_ten7,LK_800_08,1,2.660,4155
sensitivity,sens_ten7,LK_800_08,1,3.350,4158
sensitivity,sens_ten7,LK_800_08,2,0.410,3958
sensitivity,sens_ten7,LK_800_08,2,0.830,4131
sensitivity,sens_ten7,LK_800_08,2,1.250,4136
sensitivity,sens_ten7,LK_800_08,2,1.590,4143
sensitivity,sens_ten7,LK_800_08,2,1.940,4149
sensitivity,sens_ten7,LK_800_08,2,2.650,4150
sensitivity,sens_ten7,LK_800_08,2,5.510,4151
sensitivity,sens_ten7,LK_800_08,2,7.640,4153
sensitivity,sens_ten7,LK_800_08,2,14.390,4156
sensitivity,sens_ten7,LK_800_08,2,14.750,4158
sensitivity,sens_ten7,LK_800_08,3,0.410,3939
sensitivity,sens_ten7,LK_800_08,3,0.830,4104
sensitivity,sens_ten7,LK_800_08,3,1.250,4133
sensitivity,sens_ten7,LK_800_08,3,1.590,4138
sensitivity,sens_ten7,LK_800_08,3,1.940,4149
sensitivity,sens_ten7,LK_800_08,3,2.300,4151
sensitivity,sens_ten7,LK_800_08,3,3.000,4153
sensitivity,sens_ten7,LK_800_08,3,3.360,4154
sensitivity,sens_ten7,LK_800_08,3,18.120,4155
sensitivity,sens_ten7,LK_800_08,3,18.820,4156
sensitivity,sens_ten7,LK_800_08,3,21.270,4157
sensitivity,sens_ten7,LK_800_08,3,22.310,4158
sensitivity,sens_ten7,LK_1000_03,1,0.510,5043
sensitivity,sens_ten7,LK_1000_03,1,0.940,5308
sensitivity,sens_ten7,LK_1000_03,1,1.370,5374
sensitivity,sens_ten7,LK_1000_03,1,2.090,5382
sensitivity,sens_ten7,LK_1000_03,1,2.450,5386
sensitivity,sens_ten7,LK_1000_03,1,2.810,5388
sensitivity,sens_ten7,LK_1000_03,1,3.170,5390
sensitivity,sens_ten7,LK_1000_03,1,3.530,5392
sensitivity,sens_ten7,LK_1000_03,1,4.250,5394
sensitivity,sens_ten7,LK_1000_03,1,4.610,5395
sensitivity,sens_ten7,LK_1000_03,2,0.500,5026
sensitivity,sens_ten7,LK_1000_03,2,0.960,5302
sensitivity,sens_ten7,LK_1000_03,2,1.400,5350
sensitivity,sens_ten7,LK_1000_03,2,1.760,5379
sensitivity,sens_ten7,LK_1000_03,2,2.150,5386
sensitivity,sens_ten7,LK_1000_03,2,2.530,5390
sensitivity,sens_ten7,LK_1000_03,2,2.900,5392
sensitivity,sens_ten7,LK_1000_03,2,3.270,5393
sensitivity,sens_ten7,LK_1000_03,2,3.640,5395
sensitivity,sens_ten7,LK_1000_03,3,0.510,5046
sensitivity,sens_ten7,LK_1000_03,3,0.960,5307
sensitivity,sens_ten7,LK_1000_03,3,1.400,5341
sensitivity,sens_ten7,LK_1000_03,3,1.770,5373
sensitivity,sens_ten7,LK_1000_03,3,2.150,5388
sensitivity,sens_ten7,LK_1000_03,3,2.530,5392
sensitivity,sens_ten7,LK_1000_03,3,2.900,5394
sensitivity,sens_ten7,LK_1000_03,3,3.270,5395
sensitivity,sens_ten7,LK_1000_08,1,0.470,5136
sensitivity,sens_ten7,LK_1000_08,1,0.910,5310
sensitivity,sens_ten7,LK_1000_08,1,1.350,5333
sensitivity,sens_ten7,LK_1000_08,1,1.700,5348
sensitivity,sens_ten7,LK_1000_08,1,2.070,5364
sensitivity,sens_ten7,LK_1000_08,1,2.440,5367
sensitivity,sens_ten7,LK_1000_08,1,2.800,5378
sensitivity,sens_ten7,LK_1000_08,1,3.170,5382
sensitivity,sens_ten7,LK_1000_08,1,3.530,5389
sensitivity,sens_ten7,LK_1000_08,1,3.900,5394
sensitivity,sens_ten7,LK_1000_08,2,0.490,5140
sensitivity,sens_ten7,LK_1000_08,2,0.950,5308
sensitivity,sens_ten7,LK_1000_08,2,1.390,5349
sensitivity,sens_ten7,LK_1000_08,2,1.770,5354
sensitivity,sens_ten7,LK_1000_08,2,2.150,5372
sensitivity,sens_ten7,LK_1000_08,2,2.530,5373
sensitivity,sens_ten7,LK_1000_08,2,2.910,5380
sensitivity,sens_ten7,LK_1000_08,2,3.290,5381
sensitivity,sens_ten7,LK_1000_08,2,3.660,5383
sensitivity,sens_ten7,LK_1000_08,2,4.040,5394
sensitivity,sens_ten7,LK_1000_08,3,0.550,5139
sensitivity,sens_ten7,LK_1000_08,3,1.000,5301
sensitivity,sens_ten7,LK_1000_08,3,1.440,5332
sensitivity,sens_ten7,LK_1000_08,3,1.810,5343
sensitivity,sens_ten7,LK_1000_08,3,2.190,5347
sensitivity,sens_ten7,LK_1000_08,3,2.570,5364
sensitivity,sens_ten7,LK_1000_08,3,2.940,5373
sensitivity,sens_ten7,LK_1000_08,3,3.700,5382
sensitivity,sens_ten7,LK_1000_08,3,4.450,5394
sensitivity,sens_ten7,MF_800_03,1,0.420,3441
sensitivity,sens_ten7,MF_800_03,1,0.910,3659
sensitivity,sens_ten7,MF_800_03,1,1.420,3672
sensitivity,sens_ten7,MF_800_03,2,0.390,3441
sensitivity,sens_ten7,MF_800_03,2,0.910,3659
sensitivity,sens_ten7,MF_800_03,2,1.450,3672
sensitivity,sens_ten7,MF_800_03,3,0.380,3446
sensitivity,sens_ten7,MF_800_03,3,0.890,3664
sensitivity,sens_ten7,MF_800_03,3,1.410,3672
sensitivity,sens_ten7,MF_800_08,1,0.380,3360
sensitivity,sens_ten7,MF_800_08,1,0.830,3576
sensitivity,sens_ten7,MF_800_08,1,1.330,3584
sensitivity,sens_ten7,MF_800_08,1,1.750,3593
sensitivity,sens_ten7,MF_800_08,1,2.200,3611
sensitivity,sens_ten7,MF_800_08,1,3.590,3612
sensitivity,sens_ten7,MF_800_08,2,0.380,3360
sensitivity,sens_ten7,MF_800_08,2,0.880,3572
sensitivity,sens_ten7,MF_800_08,2,1.410,3594
sensitivity,sens_ten7,MF_800_08,2,1.850,3611
sensitivity,sens_ten7,MF_800_08,2,2.860,3612
sensitivity,sens_ten7,MF_800_08,3,0.410,3356
sensitivity,sens_ten7,MF_800_08,3,0.880,3575
sensitivity,sens_ten7,MF_800_08,3,1.380,3602
sensitivity,sens_ten7,MF_800_08,3,1.810,3604
sensitivity,sens_ten7,MF_800_08,3,2.300,3612
sensitivity,sens_ten7,MF_1000_03,1,0.470,4414
sensitivity,sens_ten7,MF_1000_03,1,0.970,4619
sensitivity,sens_ten7,MF_1000_03,1,1.510,4634
sensitivity,sens_ten7,MF_1000_03,1,1.960,4643
sensitivity,sens_ten7,MF_1000_03,2,0.440,4425
sensitivity,sens_ten7,MF_1000_03,2,0.960,4622
sensitivity,sens_ten7,MF_1000_03,2,1.510,4634
sensitivity,sens_ten7,MF_1000_03,2,2.040,4636
sensitivity,sens_ten7,MF_1000_03,2,3.110,4638
sensitivity,sens_ten7,MF_1000_03,3,0.440,4418
sensitivity,sens_ten7,MF_1000_03,3,0.950,4623
sensitivity,sens_ten7,MF_1000_03,3,1.510,4634
sensitivity,sens_ten7,MF_1000_03,3,2.040,4638
sensitivity,sens_ten7,MF_1000_03,3,3.630,4642
sensitivity,sens_ten7,MF_1000_03,3,4.700,4643
sensitivity,sens_ten7,MF_1000_08,1,0.430,4267
sensitivity,sens_ten7,MF_1000_08,1,0.930,4547
sensitivity,sens_ten7,MF_1000_08,1,1.470,4559
sensitivity,sens_ten7,MF_1000_08,1,1.950,4570
sensitivity,sens_ten7,MF_1000_08,1,2.460,4572
sensitivity,sens_ten7,MF_1000_08,2,0.430,4287
sensitivity,sens_ten7,MF_1000_08,2,0.940,4529
sensitivity,sens_ten7,MF_1000_08,2,1.490,4555
sensitivity,sens_ten7,MF_1000_08,2,2.020,4561
sensitivity,sens_ten7,MF_1000_08,2,2.550,4572
sensitivity,sens_ten7,MF_1000_08,3,0.480,4256
sensitivity,sens_ten7,MF_1000_08,3,1.000,4553
sensitivity,sens_ten7,MF_1000_08,3,1.560,4563
sensitivity,sens_ten7,MF_1000_08,3,2.100,4571
sensitivity,sens_ten7,MF_1000_08,3,2.650,4572
sensitivity,sens_ten30,O_800_03,1,0.410,3911
sensitivity,sens_ten30,O_800_03,1,0.830,4092
sensitivity,sens_ten30,O_800_03,1,1.290,4103
sensitivity,sens_ten30,O_800_03,1,1.660,4105
sensitivity,sens_ten30,O_800_03,1,2.080,4106
sensitivity,sens_ten30,O_800_03,1,2.950,4107
sensitivity,sens_ten30,O_800_03,2,0.410,3913
sensitivity,sens_ten30,O_800_03,2,0.830,4100
sensitivity,sens_ten30,O_800_03,2,1.280,4101
sensitivity,sens_ten30,O_800_03,2,1.640,4103
sensitivity,sens_ten30,O_800_03,2,2.070,4104
sensitivity,sens_ten30,O_800_03,2,2.500,4106
sensitivity,sens_ten30,O_800_03,2,2.920,4107
sensitivity,sens_ten30,O_800_03,3,0.420,3887
sensitivity,sens_ten30,O_800_03,3,0.840,4090
sensitivity,sens_ten30,O_800_03,3,1.280,4105
sensitivity,sens_ten30,O_800_03,3,1.660,4106
sensitivity,sens_ten30,O_800_03,3,2.520,4107
sensitivity,sens_ten30,O_800_08,1,0.420,3864
sensitivity,sens_ten30,O_800_08,1,0.830,4051
sensitivity,sens_ten30,O_800_08,1,1.300,4063
sensitivity,sens_ten30,O_800_08,2,0.410,3866
sensitivity,sens_ten30,O_800_08,2,0.810,4048
sensitivity,sens_ten30,O_800_08,2,1.310,4063
sensitivity,sens_ten30,O_800_08,3,0.430,3875
sensitivity,sens_ten30,O_800_08,3,0.840,4062
sensitivity,sens_ten30,O_800_08,3,1.650,4063
sensitivity,sens_ten30,O_1000_03,1,0.470,4849
sensitivity,sens_ten30,O_1000_03,1,0.910,5162
sensitivity,sens_ten30,O_1000_03,1,1.410,5176
sensitivity,sens_ten30,O_1000_03,1,1.810,5177
sensitivity,sens_ten30,O_1000_03,1,4.150,5178
sensitivity,sens_ten30,O_1000_03,2,0.470,4839
sensitivity,sens_ten30,O_1000_03,2,0.910,5158
sensitivity,sens_ten30,O_1000_03,2,1.400,5176
sensitivity,sens_ten30,O_1000_03,2,1.800,5177
sensitivity,sens_ten30,O_1000_03,2,4.600,5178
sensitivity,sens_ten30,O_1000_03,3,0.460,4841
sensitivity,sens_ten30,O_1000_03,3,0.910,5168
sensitivity,sens_ten30,O_1000_03,3,1.390,5170
sensitivity,sens_ten30,O_1000_03,3,1.790,5176
sensitivity,sens_ten30,O_1000_03,3,2.720,5178
sensitivity,sens_ten30,O_1000_08,1,0.460,4964
sensitivity,sens_ten30,O_1000_08,1,0.910,5165
sensitivity,sens_ten30,O_1000_08,1,1.380,5191
sensitivity,sens_ten30,O_1000_08,2,0.460,4941
sensitivity,sens_ten30,O_1000_08,2,0.900,5176
sensitivity,sens_ten30,O_1000_08,2,1.390,5188
sensitivity,sens_ten30,O_1000_08,2,2.250,5190
sensitivity,sens_ten30,O_1000_08,2,2.700,5191
sensitivity,sens_ten30,O_1000_08,3,0.480,4950
sensitivity,sens_ten30,O_1000_08,3,0.920,5176
sensitivity,sens_ten30,O_1000_08,3,1.420,5186
sensitivity,sens_ten30,O_1000_08,3,1.870,5190
sensitivity,sens_ten30,O_1000_08,3,2.330,5191
sensitivity,sens_ten30,LK_800_03,1,0.420,3989
sensitivity,sens_ten30,LK_800_03,1,0.840,4180
sensitivity,sens_ten30,LK_800_03,1,1.240,4244
sensitivity,sens_ten30,LK_800_03,1,1.570,4257
sensitivity,sens_ten30,LK_800_03,2,0.430,3975
sensitivity,sens_ten30,LK_800_03,2,0.850,4183
sensitivity,sens_ten30,LK_800_03,2,1.260,4242
sensitivity,sens_ten30,LK_800_03,2,1.590,4257
sensitivity,sens_ten30,LK_800_03,3,0.460,3985
sensitivity,sens_ten30,LK_800_03,3,0.870,4177
sensitivity,sens_ten30,LK_800_03,3,1.280,4231
sensitivity,sens_ten30,LK_800_03,3,1.620,4253
sensitivity,sens_ten30,LK_800_03,3,1.960,4257
sensitivity,sens_ten30,LK_800_08,1,0.400,3926
sensitivity,sens_ten30,LK_800_08,1,0.820,4132
sensitivity,sens_ten30,LK_800_08,1,1.230,4145
sensitivity,sens_ten30,LK_800_08,1,1.900,4148
sensitivity,sens_ten30,LK_800_08,1,2.250,4149
sensitivity,sens_ten30,LK_800_08,1,3.290,4151
sensitivity,sens_ten30,LK_800_08,1,3.990,4152
sensitivity,sens_ten30,LK_800_08,1,4.330,4153
sensitivity,sens_ten30,LK_800_08,1,6.430,4156
sensitivity,sens_ten30,LK_800_08,1,6.780,4157
sensitivity,sens_ten30,LK_800_08,1,7.130,4158
sensitivity,sens_ten30,LK_800_08,2,0.410,3958
sensitivity,sens_ten30,LK_800_08,2,0.820,4136
sensitivity,sens_ten30,LK_800_08,2,1.220,4148
sensitivity,sens_ten30,LK_800_08,2,1.550,4151
sensitivity,sens_ten30,LK_800_08,2,1.900,4153
sensitivity,sens_ten30,LK_800_08,2,2.590,4154
sensitivity,sens_ten30,LK_800_08,2,24.600,4155
sensitivity,sens_ten30,LK_800_08,2,41.870,4158
sensitivity,sens_ten30,LK_800_08,3,0.410,3939
sensitivity,sens_ten30,LK_800_08,3,0.830,4104
sensitivity,sens_ten30,LK_800_08,3,1.250,4127
sensitivity,sens_ten30,LK_800_08,3,1.590,4141
sensitivity,sens_ten30,LK_800_08,3,1.940,4148
sensitivity,sens_ten30,LK_800_08,3,2.300,4149
sensitivity,sens_ten30,LK_800_08,3,2.650,4152
sensitivity,sens_ten30,LK_800_08,3,3.010,4153
sensitivity,sens_ten30,LK_800_08,3,4.080,4155
sensitivity,sens_ten30,LK_800_08,3,7.300,4156
sensitivity,sens_ten30,LK_800_08,3,9.420,4157
sensitivity,sens_ten30,LK_800_08,3,10.840,4158
sensitivity,sens_ten30,LK_1000_03,1,0.470,5043
sensitivity,sens_ten30,LK_1000_03,1,0.920,5358
sensitivity,sens_ten30,LK_1000_03,1,1.350,5383
sensitivity,sens_ten30,LK_1000_03,1,1.700,5395
sensitivity,sens_ten30,LK_1000_03,2,0.480,5026
sensitivity,sens_ten30,LK_1000_03,2,0.920,5317
sensitivity,sens_ten30,LK_1000_03,2,1.350,5376
sensitivity,sens_ten30,LK_1000_03,2,1.710,5393
sensitivity,sens_ten30,LK_1000_03,2,2.440,5395
sensitivity,sens_ten30,LK_1000_03,3,0.560,5046
sensitivity,sens_ten30,LK_1000_03,3,1.010,5348
sensitivity,sens_ten30,LK_1000_03,3,1.450,5373
sensitivity,sens_ten30,LK_1000_03,3,1.810,5390
sensitivity,sens_ten30,LK_1000_03,3,2.190,5395
sensitivity,sens_ten30,LK_1000_08,1,0.540,5136
sensitivity,sens_ten30,LK_1000_08,1,0.980,5336
sensitivity,sens_ten30,LK_1000_08,1,1.400,5343
sensitivity,sens_ten30,LK_1000_08,1,1.760,5367
sensitivity,sens_ten30,LK_1000_08,1,2.130,5371
sensitivity,sens_ten30,LK_1000_08,1,2.490,5372
sensitivity,sens_ten30,LK_1000_08,1,2.860,5387
sensitivity,sens_ten30,LK_1000_08,1,3.230,5388
sensitivity,sens_ten30,LK_1000_08,1,3.600,5393
sensitivity,sens_ten30,LK_1000_08,1,3.960,5394
sensitivity,sens_ten30,LK_1000_08,2,0.480,5140
sensitivity,sens_ten30,LK_1000_08,2,0.930,5345
sensitivity,sens_ten30,LK_1000_08,2,1.360,5352
sensitivity,sens_ten30,LK_1000_08,2,1.710,5372
sensitivity,sens_ten30,LK_1000_08,2,2.080,5376
sensitivity,sens_ten30,LK_1000_08,2,2.450,5393
sensitivity,sens_ten30,LK_1000_08,2,2.810,5394
sensitivity,sens_ten30,LK_1000_08,3,0.500,5139
sensitivity,sens_ten30,LK_1000_08,3,0.950,5320
sensitivity,sens_ten30,LK_1000_08,3,1.390,5347
sensitivity,sens_ten30,LK_1000_08,3,1.760,5368
sensitivity,sens_ten30,LK_1000_08,3,2.140,5383
sensitivity,sens_ten30,LK_1000_08,3,2.520,5394
sensitivity,sens_ten30,MF_800_03,1,0.360,3441
sensitivity,sens_ten30,MF_800_03,1,0.850,3660
sensitivity,sens_ten30,MF_800_03,1,1.360,3672
sensitivity,sens_ten30,MF_800_03,2,0.370,3441
sensitivity,sens_ten30,MF_800_03,2,0.860,3666
sensitivity,sens_ten30,MF_800_03,2,1.370,3672
sensitivity,sens_ten30,MF_800_03,3,0.380,3446
sensitivity,sens_ten30,MF_800_03,3,0.860,3668
sensitivity,sens_ten30,MF_800_03,3,1.370,3672
sensitivity,sens_ten30,MF_800_08,1,0.390,3360
sensitivity,sens_ten30,MF_800_08,1,0.840,3587
sensitivity,sens_ten30,MF_800_08,1,1.340,3611
sensitivity,sens_ten30,MF_800_08,1,2.230,3612
sensitivity,sens_ten30,MF_800_08,2,0.370,3360
sensitivity,sens_ten30,MF_800_08,2,0.820,3572
sensitivity,sens_ten30,MF_800_08,2,1.330,3609
sensitivity,sens_ten30,MF_800_08,2,1.740,3612
sensitivity,sens_ten30,MF_800_08,3,0.420,3356
sensitivity,sens_ten30,MF_800_08,3,0.880,3575
sensitivity,sens_ten30,MF_800_08,3,1.380,3611
sensitivity,sens_ten30,MF_800_08,3,1.800,3612
sensitivity,sens_ten30,MF_1000_03,1,0.440,4414
sensitivity,sens_ten30,MF_1000_03,1,0.940,4628
sensitivity,sens_ten30,MF_1000_03,1,1.480,4638
sensitivity,sens_ten30,MF_1000_03,1,2.460,4639
sensitivity,sens_ten30,MF_1000_03,1,2.970,4643
sensitivity,sens_ten30,MF_1000_03,2,0.440,4425
sensitivity,sens_ten30,MF_1000_03,2,0.940,4631
sensitivity,sens_ten30,MF_1000_03,2,1.470,4640
sensitivity,sens_ten30,MF_1000_03,2,1.930,4642
sensitivity,sens_ten30,MF_1000_03,2,2.450,4643
sensitivity,sens_ten30,MF_1000_03,3,0.430,4418
sensitivity,sens_ten30,MF_1000_03,3,0.940,4625
sensitivity,sens_ten30,MF_1000_03,3,1.480,4639
sensitivity,sens_ten30,MF_1000_03,3,1.940,4640
sensitivity,sens_ten30,MF_1000_03,3,2.440,4643
sensitivity,sens_ten30,MF_1000_08,1,0.430,4267
sensitivity,sens_ten30,MF_1000_08,1,0.930,4533
sensitivity,sens_ten30,MF_1000_08,1,1.460,4570
sensitivity,sens_ten30,MF_1000_08,1,1.930,4572
sensitivity,sens_ten30,MF_1000_08,2,0.450,4287
sensitivity,sens_ten30,MF_1000_08,2,0.950,4543
sensitivity,sens_ten30,MF_1000_08,2,1.500,4557
sensitivity,sens_ten30,MF_1000_08,2,1.990,4572
sensitivity,sens_ten30,MF_1000_08,3,0.420,4256
sensitivity,sens_ten30,MF_1000_08,3,0.920,4548
sensitivity,sens_ten30,MF_1000_08,3,1.460,4568
sensitivity,sens_ten30,MF_1000_08,3,1.940,4572
